/*
 Navicat Premium Data Transfer

 Source Server         : aa_obo
 Source Server Type    : MySQL
 Source Server Version : 50640
 Source Host           : localhost:3306
 Source Schema         : dev_obo

 Target Server Type    : MySQL
 Target Server Version : 50640
 File Encoding         : 65001

 Date: 15/11/2019 15:11:20
*/

SET NAMES utf8mb4;
SET FOREIGN_KEY_CHECKS = 0;

-- ----------------------------
-- Table structure for building_permit
-- ----------------------------
DROP TABLE IF EXISTS `building_permit`;
CREATE TABLE `building_permit` (
  `objid` varchar(50) NOT NULL,
  `appno` varchar(50) DEFAULT NULL,
  `orgcode` varchar(50) DEFAULT NULL,
  `trackingno` varchar(50) DEFAULT NULL,
  `apptype` varchar(50) DEFAULT NULL,
  `permittype` varchar(50) DEFAULT NULL,
  `contact_name` varchar(50) DEFAULT NULL,
  `contact_detail` varchar(255) DEFAULT NULL,
  `contact_email` varchar(255) DEFAULT NULL,
  `contact_mobileno` varchar(50) DEFAULT NULL,
  `dtfiled` datetime DEFAULT NULL,
  `applicantid` varchar(50) DEFAULT NULL,
  `description` varchar(255) DEFAULT NULL,
  `title` varchar(255) DEFAULT NULL,
  `occupancytypeid` varchar(50) DEFAULT NULL,
  `numunits` smallint(3) DEFAULT NULL,
  `fixedcost` decimal(16,2) DEFAULT NULL,
  `projectcost` decimal(16,2) DEFAULT NULL,
  `dtproposedconstruction` date DEFAULT NULL,
  `dtexpectedcompletion` date DEFAULT NULL,
  `totalfloorarea` decimal(16,2) DEFAULT NULL,
  `height` decimal(16,2) DEFAULT NULL,
  `numfloors` smallint(255) DEFAULT NULL,
  `worktypes` tinytext,
  `taskid` varchar(50) DEFAULT NULL,
  `zoneclassid` varchar(50) DEFAULT NULL,
  `zone` varchar(50) DEFAULT NULL,
  `amount` decimal(16,2) DEFAULT NULL,
  `issuanceid` varchar(50) DEFAULT NULL,
  `txnmode` varchar(50) DEFAULT NULL,
  `location_lotno` varchar(50) DEFAULT NULL,
  `location_blockno` varchar(50) DEFAULT NULL,
  `location_street` varchar(255) DEFAULT NULL,
  `location_barangay_name` varchar(255) DEFAULT NULL,
  `location_barangay_objid` varchar(50) DEFAULT NULL,
  `accessoryid` varchar(50) DEFAULT NULL,
  `contractorid` varchar(50) DEFAULT NULL,
  `permitno` varchar(50) DEFAULT NULL,
  `dtissued` date DEFAULT NULL,
  `remarks` varchar(255) DEFAULT NULL,
  PRIMARY KEY (`objid`) USING BTREE,
  UNIQUE KEY `uix_building_permit_appno` (`appno`),
  UNIQUE KEY `uix_building_permit_permitno` (`permitno`) USING BTREE,
  KEY `fk_app_occupancyuseid` (`occupancytypeid`) USING BTREE,
  KEY `ix_units` (`numunits`) USING BTREE,
  KEY `ix_estimatedcost` (`fixedcost`) USING BTREE,
  KEY `ix_dtproposedconstruction` (`dtproposedconstruction`) USING BTREE,
  KEY `ix_dtexpectedcompletion` (`dtexpectedcompletion`) USING BTREE,
  KEY `online_building_application_applicantid` (`applicantid`) USING BTREE,
  KEY `building_permit_taskid` (`taskid`),
  KEY `building_permit_issuanceid` (`issuanceid`),
  KEY `building_permit_accessoryid` (`accessoryid`),
  CONSTRAINT `building_permit_accessoryid` FOREIGN KEY (`accessoryid`) REFERENCES `building_permit_accessory` (`objid`),
  CONSTRAINT `building_permit_applicantid` FOREIGN KEY (`applicantid`) REFERENCES `building_permit_entity` (`objid`),
  CONSTRAINT `building_permit_occupancytypeid` FOREIGN KEY (`occupancytypeid`) REFERENCES `obo_occupancy_type` (`objid`),
  CONSTRAINT `building_permit_taskid` FOREIGN KEY (`taskid`) REFERENCES `building_permit_task` (`taskid`)
) ENGINE=InnoDB DEFAULT CHARSET=utf8;

-- ----------------------------
-- Table structure for building_permit_accessory
-- ----------------------------
DROP TABLE IF EXISTS `building_permit_accessory`;
CREATE TABLE `building_permit_accessory` (
  `objid` varchar(50) NOT NULL,
  `appid` varchar(50) DEFAULT NULL,
  `occupancytypeid` varchar(50) DEFAULT NULL,
  PRIMARY KEY (`objid`) USING BTREE,
  KEY `fk_online_building_permit_accessory_occupancytypeid` (`occupancytypeid`) USING BTREE,
  KEY `fk_building_permit_accessory_appid` (`appid`),
  CONSTRAINT `fk_building_permit_accessory_appid` FOREIGN KEY (`appid`) REFERENCES `building_permit` (`objid`),
  CONSTRAINT `fk_building_permit_accessory_occupancytypeid` FOREIGN KEY (`occupancytypeid`) REFERENCES `obo_occupancy_type` (`objid`)
) ENGINE=InnoDB DEFAULT CHARSET=utf8;

-- ----------------------------
-- Table structure for building_permit_ancillary
-- ----------------------------
DROP TABLE IF EXISTS `building_permit_ancillary`;
CREATE TABLE `building_permit_ancillary` (
  `objid` varchar(50) NOT NULL,
  `appid` varchar(50) DEFAULT NULL,
  `state` varchar(50) DEFAULT NULL,
  `permittypeid` varchar(255) DEFAULT NULL,
  `designprofessionalid` varchar(50) DEFAULT NULL,
  `supervisorid` varchar(50) DEFAULT NULL,
  PRIMARY KEY (`objid`) USING BTREE,
  UNIQUE KEY `uix_online_building_application_ancillary_appid_permit_type` (`appid`,`permittypeid`) USING BTREE,
  KEY `fk_online_building_application_ancillary_permittypeid` (`permittypeid`) USING BTREE,
  KEY `fk_online_building_application_ancillary_professionalid` (`designprofessionalid`) USING BTREE,
  KEY `fk_online_building_application_ancillary_supervisorid` (`supervisorid`) USING BTREE,
  CONSTRAINT `fk_building_permit_ancillary_appid` FOREIGN KEY (`appid`) REFERENCES `building_permit` (`objid`),
  CONSTRAINT `fk_building_permit_ancillary_permittypeid` FOREIGN KEY (`permittypeid`) REFERENCES `obo_permit_type` (`objid`),
  CONSTRAINT `fk_building_permit_ancillary_professionalid` FOREIGN KEY (`designprofessionalid`) REFERENCES `building_permit_professional` (`objid`),
  CONSTRAINT `fk_building_permit_ancillary_supervisorid` FOREIGN KEY (`supervisorid`) REFERENCES `building_permit_professional` (`objid`)
) ENGINE=InnoDB DEFAULT CHARSET=utf8;

-- ----------------------------
-- Table structure for building_permit_entity
-- ----------------------------
DROP TABLE IF EXISTS `building_permit_entity`;
CREATE TABLE `building_permit_entity` (
  `objid` varchar(50) NOT NULL DEFAULT '',
  `appid` varchar(50) DEFAULT NULL,
  `profileid` varchar(50) DEFAULT NULL,
  `entitytype` varchar(50) DEFAULT NULL,
  `profileno` varchar(50) DEFAULT NULL,
  `name` varchar(255) DEFAULT NULL,
  `firstname` varchar(100) DEFAULT NULL,
  `middlename` varchar(100) DEFAULT NULL,
  `lastname` varchar(100) DEFAULT NULL,
  `resident` int(255) DEFAULT NULL,
  `address_objid` varchar(50) DEFAULT NULL,
  `address_text` varchar(255) DEFAULT NULL,
  `address_unitno` varchar(50) DEFAULT NULL,
  `address_bldgno` varchar(50) DEFAULT NULL,
  `address_bldgname` varchar(100) DEFAULT NULL,
  `address_street` varchar(255) DEFAULT NULL,
  `address_subdivision` varchar(255) DEFAULT NULL,
  `address_barangay_objid` varchar(50) DEFAULT NULL,
  `address_barangay_name` varchar(50) DEFAULT NULL,
  `address_citymunicipality` varchar(50) DEFAULT NULL,
  `address_province` varchar(50) DEFAULT NULL,
  `tin` varchar(50) DEFAULT NULL,
  `email` varchar(255) DEFAULT NULL,
  `mobileno` varchar(50) DEFAULT NULL,
  `phoneno` varchar(50) DEFAULT NULL,
  `id` mediumtext,
  PRIMARY KEY (`objid`) USING BTREE,
  KEY `fx_building_application_entity_appid_role` (`appid`) USING BTREE,
  CONSTRAINT `fk_building_permit_entity_appid` FOREIGN KEY (`appid`) REFERENCES `building_permit` (`objid`)
) ENGINE=InnoDB DEFAULT CHARSET=utf8;

-- ----------------------------
-- Table structure for building_permit_fee
-- ----------------------------
DROP TABLE IF EXISTS `building_permit_fee`;
CREATE TABLE `building_permit_fee` (
  `objid` varchar(50) NOT NULL,
  `appid` varchar(50) DEFAULT NULL,
  `sectionid` varchar(50) DEFAULT NULL,
  `itemid` varchar(50) DEFAULT NULL,
  `amount` decimal(16,4) DEFAULT NULL,
  `amtpaid` decimal(16,4) DEFAULT NULL,
  `remarks` varchar(255) DEFAULT NULL,
  PRIMARY KEY (`objid`),
  KEY `ix_appid` (`appid`),
  KEY `fk_building_permit_fee_itemid` (`itemid`),
  CONSTRAINT `fk_building_permit_fee_appid` FOREIGN KEY (`appid`) REFERENCES `building_permit` (`objid`),
  CONSTRAINT `fk_building_permit_fee_itemid` FOREIGN KEY (`itemid`) REFERENCES `obo_itemaccount` (`objid`)
) ENGINE=InnoDB DEFAULT CHARSET=utf8;

-- ----------------------------
-- Table structure for building_permit_finding
-- ----------------------------
DROP TABLE IF EXISTS `building_permit_finding`;
CREATE TABLE `building_permit_finding` (
  `objid` varchar(50) NOT NULL,
  `appid` varchar(50) DEFAULT NULL,
  `parentid` varchar(50) DEFAULT NULL,
  `rootid` varchar(50) DEFAULT NULL,
  `particulars` mediumtext,
  `dtcreated` datetime DEFAULT NULL,
  `createdby_objid` varchar(50) DEFAULT NULL,
  `createdby_name` varchar(255) DEFAULT NULL,
  `state` int(50) DEFAULT NULL,
  `supersederid` varchar(50) DEFAULT NULL,
  `transmittalid` varchar(50) DEFAULT NULL,
  PRIMARY KEY (`objid`),
  KEY `fk_building_permit_finding_appid` (`appid`),
  KEY `fk_building_permit_finding_parentid` (`parentid`),
  KEY `fk_building_permit_finding_supersederid` (`supersederid`),
  CONSTRAINT `fk_building_permit_finding_appid` FOREIGN KEY (`appid`) REFERENCES `building_permit` (`objid`),
  CONSTRAINT `fk_building_permit_finding_parentid` FOREIGN KEY (`parentid`) REFERENCES `building_permit_section` (`objid`),
  CONSTRAINT `fk_building_permit_finding_supersederid` FOREIGN KEY (`supersederid`) REFERENCES `building_permit_finding` (`objid`)
) ENGINE=InnoDB DEFAULT CHARSET=utf8;

-- ----------------------------
-- Table structure for building_permit_info
-- ----------------------------
DROP TABLE IF EXISTS `building_permit_info`;
CREATE TABLE `building_permit_info` (
  `objid` varchar(50) NOT NULL,
  `appid` varchar(50) DEFAULT NULL,
  `parentid` varchar(50) DEFAULT NULL,
  `name` varchar(50) DEFAULT NULL,
  `stringvalue` varchar(255) DEFAULT NULL,
  `decimalvalue` decimal(18,2) DEFAULT NULL,
  `intvalue` int(11) DEFAULT NULL,
  `datevalue` date DEFAULT NULL,
  `booleanvalue` int(11) DEFAULT NULL,
  PRIMARY KEY (`objid`) USING BTREE,
  UNIQUE KEY `uix_parentid_varname` (`parentid`,`name`) USING BTREE,
  KEY `ix_varname` (`name`) USING BTREE,
  KEY `ix_parentid` (`parentid`) USING BTREE,
  KEY `fk_building_permit_info_appid` (`appid`),
  CONSTRAINT `fk_building_permit_info_appid` FOREIGN KEY (`appid`) REFERENCES `building_permit` (`objid`)
) ENGINE=InnoDB DEFAULT CHARSET=utf8;

-- ----------------------------
-- Table structure for building_permit_payment
-- ----------------------------
DROP TABLE IF EXISTS `building_permit_payment`;
CREATE TABLE `building_permit_payment` (
  `objid` varchar(50) DEFAULT NULL,
  `appid` varchar(50) DEFAULT NULL,
  `refno` varchar(50) DEFAULT NULL,
  `refdate` date DEFAULT NULL,
  `refid` varchar(50) DEFAULT NULL,
  `reftype` varchar(50) DEFAULT NULL,
  `amount` decimal(16,2) DEFAULT NULL,
  `voided` smallint(1) DEFAULT NULL,
  KEY `fk_building_permit_payment_appid` (`appid`),
  CONSTRAINT `fk_building_permit_payment_appid` FOREIGN KEY (`appid`) REFERENCES `building_permit` (`objid`)
) ENGINE=InnoDB DEFAULT CHARSET=utf8;

-- ----------------------------
-- Table structure for building_permit_professional
-- ----------------------------
DROP TABLE IF EXISTS `building_permit_professional`;
CREATE TABLE `building_permit_professional` (
  `objid` varchar(50) NOT NULL DEFAULT '',
  `appid` varchar(50) DEFAULT NULL,
  `entityid` varchar(50) DEFAULT NULL,
  `profession` varchar(255) DEFAULT NULL,
  `ptr` mediumtext,
  `prc` mediumtext,
  PRIMARY KEY (`objid`) USING BTREE,
  KEY `fx_building_application_entity_appid_role` (`appid`) USING BTREE,
  KEY `online_building_permit_professional_entityid` (`entityid`) USING BTREE,
  CONSTRAINT `fk_building_permit_professional_appid` FOREIGN KEY (`appid`) REFERENCES `building_permit` (`objid`),
  CONSTRAINT `fk_building_permit_professional_entityid` FOREIGN KEY (`entityid`) REFERENCES `building_permit_entity` (`objid`)
) ENGINE=InnoDB DEFAULT CHARSET=utf8;

-- ----------------------------
-- Table structure for building_permit_requirement
-- ----------------------------
DROP TABLE IF EXISTS `building_permit_requirement`;
CREATE TABLE `building_permit_requirement` (
  `objid` varchar(50) NOT NULL,
  `appid` varchar(50) DEFAULT NULL,
  `parentid` varchar(50) DEFAULT NULL,
  `typeid` varchar(50) DEFAULT NULL,
  `state` int(10) DEFAULT NULL,
  `remarks` mediumtext,
  `reviewer_objid` varchar(50) DEFAULT NULL,
  `reviewer_name` varchar(255) DEFAULT NULL,
  `dtreviewed` datetime DEFAULT NULL,
  `supersederid` varchar(50) DEFAULT NULL,
  `transmittalid` varchar(50) DEFAULT NULL,
  PRIMARY KEY (`objid`) USING BTREE,
  KEY `fk_req_appid` (`appid`) USING BTREE,
  KEY `fk_req_typeid` (`typeid`) USING BTREE,
  KEY `fk_building_permit_requirement_parentid` (`parentid`) USING BTREE,
  KEY `fk_building_permit_requirement_supersederid` (`supersederid`),
  CONSTRAINT `fk_building_permit_requirement_appid` FOREIGN KEY (`appid`) REFERENCES `building_permit` (`objid`),
  CONSTRAINT `fk_building_permit_requirement_parentid` FOREIGN KEY (`parentid`) REFERENCES `building_permit_ancillary` (`objid`),
  CONSTRAINT `fk_building_permit_requirement_supersederid` FOREIGN KEY (`supersederid`) REFERENCES `building_permit_requirement` (`objid`),
  CONSTRAINT `fk_building_permit_requirement_typeid` FOREIGN KEY (`typeid`) REFERENCES `obo_requirement_type` (`objid`)
) ENGINE=InnoDB DEFAULT CHARSET=utf8;

-- ----------------------------
-- Table structure for building_permit_rpu
-- ----------------------------
DROP TABLE IF EXISTS `building_permit_rpu`;
CREATE TABLE `building_permit_rpu` (
  `objid` varchar(50) NOT NULL DEFAULT '',
  `appid` varchar(50) DEFAULT NULL,
  `tdno` varchar(50) DEFAULT NULL,
  `tctno` varchar(50) DEFAULT NULL,
  `pin` varchar(50) DEFAULT NULL,
  `barangay` varchar(50) DEFAULT NULL,
  `titleno` varchar(50) DEFAULT NULL,
  `lotno` varchar(50) DEFAULT NULL,
  `blockno` varchar(50) DEFAULT NULL,
  `areasqm` decimal(16,4) DEFAULT NULL,
  `classcode` varchar(255) DEFAULT NULL,
  `ownerid` varchar(50) DEFAULT NULL,
  `street` varchar(255) DEFAULT NULL,
  `refid` varchar(50) DEFAULT NULL,
  `bill_amtdue` decimal(16,2) DEFAULT NULL,
  `lotowned` int(255) DEFAULT NULL,
  `taxclearanceid` varchar(50) DEFAULT NULL,
  `truecopycertid` varchar(50) DEFAULT NULL,
  PRIMARY KEY (`objid`) USING BTREE,
  UNIQUE KEY `uix_building_application_appid_refid` (`appid`,`refid`) USING BTREE,
  CONSTRAINT `fk_building_permit_rpu_appid` FOREIGN KEY (`appid`) REFERENCES `building_permit` (`objid`)
) ENGINE=InnoDB DEFAULT CHARSET=utf8;

-- ----------------------------
-- Table structure for building_permit_section
-- ----------------------------
DROP TABLE IF EXISTS `building_permit_section`;
CREATE TABLE `building_permit_section` (
  `objid` varchar(50) NOT NULL,
  `appid` varchar(50) DEFAULT NULL,
  `typeid` varchar(50) DEFAULT NULL,
  `taskid` varchar(50) DEFAULT NULL,
  `issuanceid` varchar(50) DEFAULT NULL,
  PRIMARY KEY (`objid`),
  UNIQUE KEY `uix_building_permit_section_appid_typeid` (`appid`,`typeid`),
  KEY `fk_building_permit_section_issuanceid` (`issuanceid`),
  KEY `fk_building_permit_section_taskid` (`taskid`),
  KEY `fk_building_permit_section_typeid` (`typeid`),
  CONSTRAINT `fk_building_permit_section_appid` FOREIGN KEY (`appid`) REFERENCES `building_permit` (`objid`),
  CONSTRAINT `fk_building_permit_section_taskid` FOREIGN KEY (`taskid`) REFERENCES `building_permit_section_task` (`taskid`),
  CONSTRAINT `fk_building_permit_section_typeid` FOREIGN KEY (`typeid`) REFERENCES `obo_section` (`objid`)
) ENGINE=InnoDB DEFAULT CHARSET=utf8;

-- ----------------------------
-- Table structure for building_permit_section_task
-- ----------------------------
DROP TABLE IF EXISTS `building_permit_section_task`;
CREATE TABLE `building_permit_section_task` (
  `taskid` varchar(50) NOT NULL,
  `refid` varchar(50) DEFAULT NULL,
  `parentprocessid` varchar(50) DEFAULT NULL,
  `state` varchar(50) DEFAULT NULL,
  `startdate` datetime DEFAULT NULL,
  `enddate` datetime DEFAULT NULL,
  `assignee_objid` varchar(50) DEFAULT NULL,
  `assignee_name` varchar(100) DEFAULT NULL,
  `actor_objid` varchar(50) DEFAULT NULL,
  `actor_name` varchar(100) DEFAULT NULL,
  `message` varchar(255) DEFAULT NULL,
  `dtcreated` datetime DEFAULT NULL,
  `prevtaskid` varchar(50) DEFAULT NULL,
  PRIMARY KEY (`taskid`),
  KEY `ix_refid` (`refid`),
  KEY `ix_parentprocessid` (`parentprocessid`),
  KEY `ix_startdate` (`startdate`),
  KEY `ix_enddate` (`enddate`),
  KEY `ix_assignee_objid` (`assignee_objid`),
  KEY `ix_actor_objid` (`actor_objid`),
  KEY `ix_dtcreated` (`dtcreated`),
  KEY `ix_prevtaskid` (`prevtaskid`),
  CONSTRAINT `fk_building_permit_evaluation_task_refid` FOREIGN KEY (`refid`) REFERENCES `building_permit_section` (`objid`)
) ENGINE=InnoDB DEFAULT CHARSET=utf8;

-- ----------------------------
-- Table structure for building_permit_task
-- ----------------------------
DROP TABLE IF EXISTS `building_permit_task`;
CREATE TABLE `building_permit_task` (
  `taskid` varchar(50) NOT NULL,
  `refid` varchar(50) DEFAULT NULL,
  `parentprocessid` varchar(50) DEFAULT NULL,
  `state` varchar(50) DEFAULT NULL,
  `startdate` datetime DEFAULT NULL,
  `enddate` datetime DEFAULT NULL,
  `assignee_objid` varchar(50) DEFAULT NULL,
  `assignee_name` varchar(100) DEFAULT NULL,
  `actor_objid` varchar(50) DEFAULT NULL,
  `actor_name` varchar(100) DEFAULT NULL,
  `message` varchar(255) DEFAULT NULL,
  `dtcreated` datetime DEFAULT NULL,
  `prevtaskid` varchar(50) DEFAULT NULL,
  PRIMARY KEY (`taskid`),
  KEY `FK_obo_subproc_task_refid` (`refid`),
  KEY `ix_refid` (`refid`),
  KEY `ix_parentprocessid` (`parentprocessid`),
  KEY `ix_startdate` (`startdate`),
  KEY `ix_enddate` (`enddate`),
  KEY `ix_assignee_objid` (`assignee_objid`),
  KEY `ix_actor_objid` (`actor_objid`),
  KEY `ix_dtcreated` (`dtcreated`),
  KEY `ix_prevtaskid` (`prevtaskid`),
  CONSTRAINT `fx_building_permit_task_refid` FOREIGN KEY (`refid`) REFERENCES `building_permit` (`objid`)
) ENGINE=InnoDB DEFAULT CHARSET=utf8;

-- ----------------------------
-- Table structure for building_permit_transmittal
-- ----------------------------
DROP TABLE IF EXISTS `building_permit_transmittal`;
CREATE TABLE `building_permit_transmittal` (
  `objid` varchar(50) CHARACTER SET utf8 NOT NULL,
  `appid` varchar(50) CHARACTER SET utf8 DEFAULT NULL,
  `state` int(1) DEFAULT NULL,
  `type` varchar(50) CHARACTER SET utf8 DEFAULT NULL,
  `taskid` varchar(50) CHARACTER SET utf8 DEFAULT NULL,
  `dtcreated` datetime DEFAULT NULL,
  `createdby_objid` varchar(50) CHARACTER SET utf8 DEFAULT NULL,
  `createdby_name` varchar(255) CHARACTER SET utf8 DEFAULT NULL,
  UNIQUE KEY `uix_building_permit_transmittal_taskid` (`taskid`) USING BTREE,
  KEY `fk_building_permit_transmittal_appid` (`appid`),
  CONSTRAINT `fk_building_permit_transmittal_appid` FOREIGN KEY (`appid`) REFERENCES `building_permit` (`objid`)
) ENGINE=InnoDB DEFAULT CHARSET=latin1;

-- ----------------------------
-- Table structure for fire_safety_checklist
-- ----------------------------
DROP TABLE IF EXISTS `fire_safety_checklist`;
CREATE TABLE `fire_safety_checklist` (
  `objid` varchar(50) NOT NULL,
  `appid` varchar(50) DEFAULT NULL,
  `sectionid` varchar(50) DEFAULT NULL,
  `controlno` varchar(50) DEFAULT NULL,
  `dtcreated` datetime DEFAULT NULL,
  `createdby_objid` varchar(50) DEFAULT NULL,
  `createdby_name` varchar(255) DEFAULT NULL,
  `state` varchar(50) DEFAULT NULL,
  `remarks` mediumtext,
  PRIMARY KEY (`objid`),
  UNIQUE KEY `uix_fire_safety_checklist_controlno` (`controlno`),
  UNIQUE KEY `fk_fire_safety_checklist_appid` (`appid`) USING BTREE,
  CONSTRAINT `fk_fire_safety_checklist_appid` FOREIGN KEY (`appid`) REFERENCES `building_permit` (`objid`)
) ENGINE=InnoDB DEFAULT CHARSET=utf8;

-- ----------------------------
-- Table structure for fire_safety_checklist_item
-- ----------------------------
DROP TABLE IF EXISTS `fire_safety_checklist_item`;
CREATE TABLE `fire_safety_checklist_item` (
  `objid` varchar(50) NOT NULL,
  `parentid` varchar(50) DEFAULT NULL,
  `typeid` varchar(50) DEFAULT NULL,
  `values` mediumtext,
  PRIMARY KEY (`objid`),
  KEY `fk_fire_safety_checklist_item_parentid` (`parentid`),
  KEY `fk_fire_safety_checklist_item_typeid` (`typeid`),
  CONSTRAINT `fk_fire_safety_checklist_item_parentid` FOREIGN KEY (`parentid`) REFERENCES `fire_safety_checklist` (`objid`),
  CONSTRAINT `fk_fire_safety_checklist_item_typeid` FOREIGN KEY (`typeid`) REFERENCES `fire_safety_checklist_master` (`objid`)
) ENGINE=InnoDB DEFAULT CHARSET=utf8;

-- ----------------------------
-- Table structure for fire_safety_checklist_master
-- ----------------------------
DROP TABLE IF EXISTS `fire_safety_checklist_master`;
CREATE TABLE `fire_safety_checklist_master` (
  `objid` varchar(50) NOT NULL,
  `title` varchar(500) DEFAULT NULL,
  `category` varchar(50) DEFAULT NULL,
  `params` varchar(50) DEFAULT NULL,
  PRIMARY KEY (`objid`)
) ENGINE=InnoDB DEFAULT CHARSET=utf8;

-- ----------------------------
-- Records of fire_safety_checklist_master
-- ----------------------------
BEGIN;
INSERT INTO `fire_safety_checklist_master` VALUES ('FSC01', 'Building exits must abut a public street or approved alley. ', 'MEANS OF EGRESS ', NULL);
INSERT INTO `fire_safety_checklist_master` VALUES ('FSC02', 'Provide at least two (2) means of egress for each floor, room. ', 'MEANS OF EGRESS ', NULL);
INSERT INTO `fire_safety_checklist_master` VALUES ('FSC03', 'Provide secondary stair/exit as far/remote from main stair/entrance/exit, to serve _the whole area__. ', 'MEANS OF EGRESS ', NULL);
INSERT INTO `fire_safety_checklist_master` VALUES ('FSC04', 'Enclose all stairways and fire escapes with walls having {0} hours of fire resistance with access thru self-closing fire doors. ', 'MEANS OF EGRESS ', 'd');
INSERT INTO `fire_safety_checklist_master` VALUES ('FSC05', 'Provide two (2) doors as exit ways from all rooms. ', 'MEANS OF EGRESS ', NULL);
INSERT INTO `fire_safety_checklist_master` VALUES ('FSC06', 'Interconnect stairs and fire escapes with fire resistive passageways on corridors at least {0} meters wide. ', 'MEANS OF EGRESS ', 'd');
INSERT INTO `fire_safety_checklist_master` VALUES ('FSC07', 'Enclose walls, doors, stairs ramps, escalators and other components of exits systems. ', 'MEANS OF EGRESS ', NULL);
INSERT INTO `fire_safety_checklist_master` VALUES ('FSC08', 'Provide protected/enclosed horizontal exits with self-closing fire doors. ', 'MEANS OF EGRESS ', NULL);
INSERT INTO `fire_safety_checklist_master` VALUES ('FSC09', 'Travel distance to an exit shall not be more than {0}  meters. ', 'MEANS OF EGRESS ', 'd');
INSERT INTO `fire_safety_checklist_master` VALUES ('FSC10', 'Exit doors shall swing in the direction of exit travel. ', 'MEANS OF EGRESS ', NULL);
INSERT INTO `fire_safety_checklist_master` VALUES ('FSC11', 'Revolving doors shall not be used as means of egress except {0}', 'MEANS OF EGRESS ', 's');
INSERT INTO `fire_safety_checklist_master` VALUES ('FSC12', 'Exit door/s should be openable from the inside without the use of keys, special knowledge or effort flush bolts or surface bolts are prohibited. ', 'MEANS OF EGRESS ', NULL);
INSERT INTO `fire_safety_checklist_master` VALUES ('FSC13', 'Exit door should have a minimum width of 71 cm and a maximum width 122 cm and shall not restrict the opening. ', 'MEANS OF EGRESS ', NULL);
INSERT INTO `fire_safety_checklist_master` VALUES ('FSC14', 'A floor or landing is required not less than the width of exit door. ', 'MEANS OF EGRESS ', NULL);
INSERT INTO `fire_safety_checklist_master` VALUES ('FSC15', 'Door should be not project into the required corridor width when fully opened so as not to reduced the corridor width to less than 76.17 cm. ', 'MEANS OF EGRESS ', NULL);
INSERT INTO `fire_safety_checklist_master` VALUES ('FSC16', 'Exit doors should provide immediate access to an approved means of egress. Exiting through a bathroom, bedroom or other room subject to locking does not comply. ', 'MEANS OF EGRESS ', NULL);
INSERT INTO `fire_safety_checklist_master` VALUES ('FSC17', 'Corridors should have a minimum width of {0} meters. ', 'MEANS OF EGRESS ', 'd');
INSERT INTO `fire_safety_checklist_master` VALUES ('FSC18', 'Required corridors in {0} occupancies shall have 2.43 meters (8 ft) minimum width. ', 'MEANS OF EGRESS ', 's');
INSERT INTO `fire_safety_checklist_master` VALUES ('FSC19', 'Dead-end corridors and exit balconies is limited to 6.08 m (20 ft). ', 'MEANS OF EGRESS ', NULL);
INSERT INTO `fire_safety_checklist_master` VALUES ('FSC20', 'Aisles in auditorium shall be minimum of {0} meters in width. ', 'MEANS OF EGRESS ', 'd');
INSERT INTO `fire_safety_checklist_master` VALUES ('FSC21', 'Walls and ceilings of corridors should be fire resistive construction materials. ', 'MEANS OF EGRESS ', NULL);
INSERT INTO `fire_safety_checklist_master` VALUES ('FSC22', 'Interior openings into corridor should be protected as set forth in {0}. ', 'MEANS OF EGRESS ', 's');
INSERT INTO `fire_safety_checklist_master` VALUES ('FSC23', 'Main stairways should have a minimum width of 112 cm. Trims and handrails should not project more than 8.90 cm (3 1/2 in) into the required width. ', 'MEANS OF EGRESS ', NULL);
INSERT INTO `fire_safety_checklist_master` VALUES ('FSC24', 'Landings on stairways should have a minimum dimension of 112 cm (44 in) in the direction of travel. ', 'MEANS OF EGRESS ', NULL);
INSERT INTO `fire_safety_checklist_master` VALUES ('FSC25', 'Risers on stairways should not exceed 19 cm and tread exclusive of nosing or projections should not be less than 25 cm. ', 'MEANS OF EGRESS ', NULL);
INSERT INTO `fire_safety_checklist_master` VALUES ('FSC26', 'Doors between guests rooms and corridors shall be self-closing and shall have a fire protection rating at least twenty (20) minutes. ', 'MEANS OF EGRESS ', NULL);
INSERT INTO `fire_safety_checklist_master` VALUES ('FSC27', 'Openings in corridor partitions other than door openings shall be prohibited. ', 'MEANS OF EGRESS ', NULL);
INSERT INTO `fire_safety_checklist_master` VALUES ('FSC28', 'Basement portion of stairways should be provided with an approved barrier where continuous to upper floor in an exit enclosure. ', 'MEANS OF EGRESS ', NULL);
INSERT INTO `fire_safety_checklist_master` VALUES ('FSC29', 'Vertical distance between stairway landings are limited to 3.69 m (12 ft) in assembly occupancies, distance is 2.43 m (8 ft) ', 'MEANS OF EGRESS ', NULL);
INSERT INTO `fire_safety_checklist_master` VALUES ('FSC30', 'Handrails should be placed not less than 81.28 cm (32 in) above the tread. Two (2) handrails are required when stairways exceed 111.7 cm in width. ', 'MEANS OF EGRESS ', NULL);
INSERT INTO `fire_safety_checklist_master` VALUES ('FSC31', 'Guardrails for stairs, balconies, stair landings, ramps & aisles located along the edge of openside floors and mezzanines shall be provided. ', 'MEANS OF EGRESS ', NULL);
INSERT INTO `fire_safety_checklist_master` VALUES ('FSC32', 'There shall be no enclosed usable space under the stairs in an exit enclosure nor shall the open space under such stairs be used for any purpose. ', 'MEANS OF EGRESS ', NULL);
INSERT INTO `fire_safety_checklist_master` VALUES ('FSC33', 'Non-combustible outside stairs are required to have 2.03 m (6 ft, 8 in) minimum headroom clearance for stairways which should be indicated on plans. ', 'MEANS OF EGRESS ', NULL);
INSERT INTO `fire_safety_checklist_master` VALUES ('FSC34', 'Ramp slopes should have be roughened or with nonslip surface. ', 'MEANS OF EGRESS ', NULL);
INSERT INTO `fire_safety_checklist_master` VALUES ('FSC35', 'Ramp slopes should not exceed 30.3 cm. (1 ft) in 3.03 m (10 ft.). ', 'MEANS OF EGRESS ', NULL);
INSERT INTO `fire_safety_checklist_master` VALUES ('FSC36', 'No openings other than the required exits are permitted and exit passageways should be one (1) hr fire resistive construction for a three (3) storey building or less and two (2) hrs for four (4) storey building or more. Any opening therein shall be protected with an approved self-closing fire doors. ', 'MEANS OF EGRESS ', NULL);
INSERT INTO `fire_safety_checklist_master` VALUES ('FSC37', 'Exit illumination and directional EXIT signs shall be provided. ', 'MEANS OF EGRESS ', NULL);
INSERT INTO `fire_safety_checklist_master` VALUES ('FSC38', 'Panic hardware is required on exit doors. In lieu of this, doors shall have no locks or latches. ', 'MEANS OF EGRESS ', NULL);
INSERT INTO `fire_safety_checklist_master` VALUES ('FSC39', 'Provide fire break up to the roof for ceiling areas. ', 'COMPARTMENTATION ', NULL);
INSERT INTO `fire_safety_checklist_master` VALUES ('FSC40', 'Provide monitored and curtained roof of sheetmetal or non-combustible material of a minimum of 1.82m (6 ft) high spaced not more than 76 m (250 ft) & curtained area limited to a minimum of 4, 630 m2 (50,000 ft2). ', 'COMPARTMENTATION ', NULL);
INSERT INTO `fire_safety_checklist_master` VALUES ('FSC41', 'Provide smoke partition at enclosed areas of 2, 083 m2 (22, 500 ft2) or less with the length of 45.7m (150 ft) or less, with self-closing fire doors. ', 'COMPARTMENTATION ', NULL);
INSERT INTO `fire_safety_checklist_master` VALUES ('FSC42', 'Provide partition walls of two (2) hour fire resistance from floor to underside of floor above. ', 'COMPARTMENTATION ', NULL);
INSERT INTO `fire_safety_checklist_master` VALUES ('FSC43', 'Provide interior finish as follows; Exit; Class {0}   \r\nAccess to Exit; Class {1}                            \r\nOther Spaces;  Class {2}', 'COMPARTMENTATION ', 's,s,s');
INSERT INTO `fire_safety_checklist_master` VALUES ('FSC44', 'Provide fire stopping for all concealed spaces.  ', 'COMPARTMENTATION ', NULL);
INSERT INTO `fire_safety_checklist_master` VALUES ('FSC45', 'Provide standard fire wall with at least 100 cm (39.38 in) high parapets on all portion of the building on the property line. ', 'WALLS', NULL);
INSERT INTO `fire_safety_checklist_master` VALUES ('FSC46', 'Extend exterior masonry walls to form parapets or wings.', 'WALLS', NULL);
INSERT INTO `fire_safety_checklist_master` VALUES ('FSC47', 'Provide protection of all exterior walls. All exterior walls facing approved alleys which are dead-ended must have a fire resistance of {0} hours. ', 'WALLS', 'd');
INSERT INTO `fire_safety_checklist_master` VALUES ('FSC48', 'Provide automatic fire dampers on wall openings. ', 'WALLS', NULL);
INSERT INTO `fire_safety_checklist_master` VALUES ('FSC49', 'Provide protection of all walls. All exterior walls facing approved alleys which are dead-ended must have a fire dampers of {0} hours.', 'WARNING SYSTEMS', NULL);
INSERT INTO `fire_safety_checklist_master` VALUES ('FSC50', 'Provide approved type heat and smoke detection system. ', 'WARNING SYSTEMS', NULL);
INSERT INTO `fire_safety_checklist_master` VALUES ('FSC51', 'Provide efficient communication system for warning occupants and calling fire department. ', 'WARNING SYSTEMS', NULL);
INSERT INTO `fire_safety_checklist_master` VALUES ('FSC52', 'Provide approved type portable fire extinguisher (dry chemical) ABC type, {0} lbs. capacity for every 200 sq.m of floor area(low hazard), 100 sq. m floor area(moderate hazard) and 75 sq. m floor area(high hazard) areas or 22.8 m (75 ft) travel distance on every floor level. ', 'FIRE PROTECTION ', 'd');
INSERT INTO `fire_safety_checklist_master` VALUES ('FSC53', 'Provide {0} with {1} mm riser and coupling of fire department standards with pumps of reliable pressure & connected to an adequate water supply tank. Hose and hose cabinet shall be provided at every hose gate valve on all floors. ', 'FIRE PROTECTION ', 's,d');
INSERT INTO `fire_safety_checklist_master` VALUES ('FSC54', 'Provide Fire Service connection with a standard outlet of 64 mm, and 102 mm dry standpipe, and shall located on a street front. ', 'FIRE PROTECTION ', NULL);
INSERT INTO `fire_safety_checklist_master` VALUES ('FSC55', 'Provide automatic fire extinguishing system where kitchen equipment is located (Kitchenhood). ', 'FIRE PROTECTION ', NULL);
INSERT INTO `fire_safety_checklist_master` VALUES ('FSC56', 'Provide automatic chemical extinguishing system on all areas where electronic/electrical equipment are located. ', 'FIRE PROTECTION ', NULL);
INSERT INTO `fire_safety_checklist_master` VALUES ('FSC57', 'Provide approved-type automatic fire extinguishing system in accordance with NFPA 13.  Approval of system plan is required prior to installation ', 'FIRE PROTECTION ', NULL);
INSERT INTO `fire_safety_checklist_master` VALUES ('FSC58', 'Provide outside window opening on bedrooms with a clear opening of not less than fifty six (56) cm in least dimension and forty five-hundredths (0.45) m2 in area. The bottom of the window shall be not more than one hundred twenty two (122) cm above the floor. ', 'MISCELLANEOUS ', NULL);
INSERT INTO `fire_safety_checklist_master` VALUES ('FSC59', 'All liquefied petroleum gas equipment including such equipment installed at utility gas plants shall be installed in accordance with the provisions of NFPA 59. ', 'MISCELLANEOUS ', NULL);
INSERT INTO `fire_safety_checklist_master` VALUES ('FSC60', 'No grills or any obstruction shall be installed on window openings and/or fire exits. ', 'MISCELLANEOUS ', NULL);
INSERT INTO `fire_safety_checklist_master` VALUES ('FSC61', 'Provide emergency lighting facilities with automatic transfer switch to AC/DC power source. ', 'MISCELLANEOUS ', NULL);
INSERT INTO `fire_safety_checklist_master` VALUES ('FSC62', 'Air conditioning ducts must be provided with approved fire dampers. ', 'MISCELLANEOUS ', NULL);
INSERT INTO `fire_safety_checklist_master` VALUES ('FSC63', 'Roof covering must be of non-combustible materials. Combustible roof covering must have fire retardant treatment. ', 'MISCELLANEOUS ', NULL);
INSERT INTO `fire_safety_checklist_master` VALUES ('FSC64', 'Provide fire escape ladder/s on every dwelling unit. ', 'MISCELLANEOUS ', NULL);
INSERT INTO `fire_safety_checklist_master` VALUES ('FSC65', 'Provide fire escape stair/s. ', 'MISCELLANEOUS ', NULL);
INSERT INTO `fire_safety_checklist_master` VALUES ('FSC66', 'All unit partition wall shall be extended up to upper floor slab and/or one (1) meter above the roofline. ', 'MISCELLANEOUS ', NULL);
INSERT INTO `fire_safety_checklist_master` VALUES ('FSC67', 'Provide effective means of smoke ventilation such as access panels, movable windows. ', 'MISCELLANEOUS ', NULL);
INSERT INTO `fire_safety_checklist_master` VALUES ('FSC68', 'Project activity shall not affect the effectivity of the existing fire protection facilities. ', 'MISCELLANEOUS ', NULL);
INSERT INTO `fire_safety_checklist_master` VALUES ('FSC69', 'Provide/post allowable occupant load sign/s. Such signs shall be conspicuously and suitably located. ', 'MISCELLANEOUS ', NULL);
INSERT INTO `fire_safety_checklist_master` VALUES ('FSC70', 'Provide fire protection/suppression during construction. ', 'MISCELLANEOUS ', NULL);
INSERT INTO `fire_safety_checklist_master` VALUES ('FSC71', 'Provide fire exit plan for each floor of the building showing the routes from each room to appropriate exits, displayed prominently on the door of each room. ', 'MISCELLANEOUS ', NULL);
INSERT INTO `fire_safety_checklist_master` VALUES ('FSC72', 'No heating or lighting apparatus or equipment capable of igniting flammable materials shall be used in any storage or work area where rags, excelsior, hair or other highly flammable or combustible materials are stored or used. ', 'MISCELLANEOUS ', NULL);
INSERT INTO `fire_safety_checklist_master` VALUES ('FSC73', 'Provide/post \"NO SMOKING\" sign/s where combustible materials are stored or handled. Such signs shall be conspicuously and suitable located. ', 'MISCELLANEOUS ', NULL);
INSERT INTO `fire_safety_checklist_master` VALUES ('FSC74', 'If high hazard commodities will be stored/handled, automatic fire suppression system shall be provided.', 'MISCELLANEOUS ', NULL);
INSERT INTO `fire_safety_checklist_master` VALUES ('FSC75', 'Provide/post \"DO NOT USE ELEVATOR IN CASE OF FIRE\" sign/s. ', 'MISCELLANEOUS ', NULL);
INSERT INTO `fire_safety_checklist_master` VALUES ('FSC76', 'LPG tank/s must be installed outside the building and should be provided with safety devices that automatically stop the flow of gas should a leak develop. ', 'MISCELLANEOUS ', NULL);
INSERT INTO `fire_safety_checklist_master` VALUES ('FSC77', 'Provide fire resistive walls between stair & kitchen area. ', 'MISCELLANEOUS ', NULL);
INSERT INTO `fire_safety_checklist_master` VALUES ('FSC78', 'Provide outside window/s for rescue and ventilation with a minimum clear opening of 55 cm and approximately one half (0.5) m2 in area; the bottom of window opening is not more than eighty two (82) cm above the floor; it can readily be opened from the inside without the use of tools; where storm windows, screens, or antiburglar devices are used, these be provided with quick mechanism so that they may be so arranged that when opened they will not drop to the ground. ', 'MISCELLANEOUS ', NULL);
INSERT INTO `fire_safety_checklist_master` VALUES ('FSC79', 'Rooms used for kindergarten, first or second grade pupils shall not be located above or below the floor of exit discharge. Rooms used for second grade pupils shall not be located more than one (1) storey above the floor of exit discharge. ', 'MISCELLANEOUS ', NULL);
INSERT INTO `fire_safety_checklist_master` VALUES ('FSC80', 'Provide firefighters’ elevator. ', 'MISCELLANEOUS ', NULL);
INSERT INTO `fire_safety_checklist_master` VALUES ('FSC81', 'All correction indicated on the original approved plan from this office on {0} shall be followed. ', 'MISCELLANEOUS ', 's');
INSERT INTO `fire_safety_checklist_master` VALUES ('FSC82', 'Any changes in occupancy other than stated shall be in accordance with Rule 10.  ', 'MISCELLANEOUS ', NULL);
INSERT INTO `fire_safety_checklist_master` VALUES ('FSC83', 'Subject to inspection during construction.  ', 'MISCELLANEOUS ', NULL);
INSERT INTO `fire_safety_checklist_master` VALUES ('FSC84', 'Fire Safety Inspection Certificate must be secured before/prior to issuance of Certificate of Occupancy. ', 'MISCELLANEOUS ', NULL);
INSERT INTO `fire_safety_checklist_master` VALUES ('FSC85', 'Subject to additional requirements upon recommendation of the Fire Safety Inspector during construction phase and final inspection. ', 'MISCELLANEOUS ', NULL);
COMMIT;

-- ----------------------------
-- Table structure for fire_safety_evaluation_clearance
-- ----------------------------
DROP TABLE IF EXISTS `fire_safety_evaluation_clearance`;
CREATE TABLE `fire_safety_evaluation_clearance` (
  `objid` varchar(50) NOT NULL,
  `appid` varchar(50) DEFAULT NULL,
  `sectionid` varchar(50) DEFAULT NULL,
  `controlno` varchar(50) DEFAULT NULL,
  `dtcreated` datetime DEFAULT NULL,
  `createdby_objid` varchar(50) DEFAULT NULL,
  `createdby_name` varchar(255) DEFAULT NULL,
  `state` varchar(50) DEFAULT NULL,
  `remarks` mediumtext,
  PRIMARY KEY (`objid`),
  UNIQUE KEY `uix_fire_safety_checklist_controlno` (`controlno`),
  UNIQUE KEY `fk_fire_safety_checklist_appid` (`appid`) USING BTREE,
  CONSTRAINT `fk_fire_safety_evaluation_clearance_appid` FOREIGN KEY (`appid`) REFERENCES `building_permit` (`objid`)
) ENGINE=InnoDB DEFAULT CHARSET=utf8;

-- ----------------------------
-- Table structure for locational_clearance
-- ----------------------------
DROP TABLE IF EXISTS `locational_clearance`;
CREATE TABLE `locational_clearance` (
  `objid` varchar(50) NOT NULL,
  `appid` varchar(50) DEFAULT NULL,
  `sectionid` varchar(50) DEFAULT NULL,
  `controlno` varchar(50) DEFAULT NULL,
  `dtcreated` datetime DEFAULT NULL,
  `createdby_objid` varchar(50) DEFAULT NULL,
  `createdby_name` varchar(255) DEFAULT NULL,
  `state` varchar(50) DEFAULT NULL,
  `dtvalidity` date DEFAULT NULL,
  `remarks` mediumtext,
  PRIMARY KEY (`objid`),
  UNIQUE KEY `uix_fire_safety_checklist_controlno` (`controlno`),
  UNIQUE KEY `fk_fire_safety_checklist_appid` (`appid`) USING BTREE,
  CONSTRAINT `fk_locational_clearance_appid` FOREIGN KEY (`appid`) REFERENCES `building_permit` (`objid`)
) ENGINE=InnoDB DEFAULT CHARSET=utf8;

-- ----------------------------
-- Table structure for obo_issuance_type
-- ----------------------------
DROP TABLE IF EXISTS `obo_issuance_type`;
CREATE TABLE `obo_issuance_type` (
  `objid` varchar(50) NOT NULL,
  `title` varchar(255) DEFAULT NULL,
  `role` varchar(50) DEFAULT NULL,
  `controlnopattern` varchar(100) DEFAULT NULL,
  `txntype` varchar(50) DEFAULT NULL,
  `sectionid` varchar(50) DEFAULT NULL,
  `template` varchar(100) DEFAULT NULL,
  `sortindex` int(255) DEFAULT NULL,
  PRIMARY KEY (`objid`)
) ENGINE=InnoDB DEFAULT CHARSET=utf8;

-- ----------------------------
-- Records of obo_issuance_type
-- ----------------------------
BEGIN;
INSERT INTO `obo_issuance_type` VALUES ('BFP_CHECKLIST', 'BFP Checklist', NULL, NULL, 'buildingpermit', 'FIRE', NULL, 11);
INSERT INTO `obo_issuance_type` VALUES ('BLDG_PERMIT', 'Building Permit', NULL, 'BP[org][yyyy]-[%06d]', 'buildingpermit', NULL, 'building_permit', 0);
INSERT INTO `obo_issuance_type` VALUES ('FSEC', 'Fire Safety Evaluation Clearance (FSEC)', NULL, NULL, 'buildingpermit', 'FIRE', 'building_permit_fsec', 10);
INSERT INTO `obo_issuance_type` VALUES ('FSIC', 'Fire Safety Inspection Clearance (FSIC)', NULL, NULL, 'occupancypermit', 'FIRE', NULL, 12);
INSERT INTO `obo_issuance_type` VALUES ('HOT_WORKS', 'Hot Works Clearance', NULL, NULL, 'buildingpermit', 'HOT_WORKS', 'building_permit_fire_hotworks_clearance', 13);
INSERT INTO `obo_issuance_type` VALUES ('LOCATIONAL_CLEARANCE', 'Locational Clearance', NULL, NULL, 'buildingpermit', 'ZONING', 'building_permit_locational_clearance', 1);
COMMIT;

-- ----------------------------
-- Table structure for obo_itemaccount
-- ----------------------------
DROP TABLE IF EXISTS `obo_itemaccount`;
CREATE TABLE `obo_itemaccount` (
  `objid` varchar(50) NOT NULL,
  `title` varchar(50) DEFAULT NULL,
  `item_objid` varchar(50) DEFAULT NULL,
  `item_code` varchar(50) DEFAULT NULL,
  `item_title` varchar(255) DEFAULT NULL,
  `item_fund_objid` varchar(50) DEFAULT NULL,
  `item_fund_title` varchar(50) DEFAULT NULL,
  `sortorder` int(10) DEFAULT NULL,
  `sectionid` varchar(50) DEFAULT NULL,
  PRIMARY KEY (`objid`),
  UNIQUE KEY `uix_obo_itemaccount_itemobjid` (`item_objid`),
  KEY `fk_obo_itemaccount_sectionid` (`sectionid`),
  CONSTRAINT `fk_obo_itemaccount_sectionid` FOREIGN KEY (`sectionid`) REFERENCES `obo_section` (`objid`)
) ENGINE=InnoDB DEFAULT CHARSET=utf8;

-- ----------------------------
-- Records of obo_itemaccount
-- ----------------------------
BEGIN;
INSERT INTO `obo_itemaccount` VALUES ('ACCESSORY_FEE', 'ACCESSORY FEE', 'FTFA00000769', '4-01-03-030-04', 'RET GASUL ACCESSORIES', 'GENERAL', 'GENERAL', 5, NULL);
INSERT INTO `obo_itemaccount` VALUES ('ACCESSORY_STRUCTURE_FEE', 'ACCESSORY STRUCTURE FEE', 'FTFA00000556', '4-02-01-010-02-1', 'BUILDING INSPECTION FEES', 'GENERAL', 'GENERAL', 1, NULL);
INSERT INTO `obo_itemaccount` VALUES ('BFP_V1', 'VIOLATION 1', 'ITMACCT-1c97b5d1:15b1d1f6c89:-7e41', '4-02-01-070-2', 'VIOLATION OF CITY ORDINANCE', 'GENERAL', 'GENERAL', 1, 'FSEC');
INSERT INTO `obo_itemaccount` VALUES ('BUILDING_PERMIT_FEE', 'BUILDING PERMIT FEE', 'FTFA00000409', '4-02-01-010-02-1', 'BUILDING PERMIT FEE', 'GENERAL', 'GENERAL', -1, NULL);
INSERT INTO `obo_itemaccount` VALUES ('ELECTRICAL_FEE', 'ELECTRICAL FEE', 'FTFA00001016', '4-02-01-010-02-1', 'ELECTRICAL PERMIT', 'GENERAL', 'GENERAL', 0, 'ELECTRICAL');
INSERT INTO `obo_itemaccount` VALUES ('ELECTRONIC_FEE', 'ELECTRONIC FEE', 'FTFA00000563', '4-02-01-010-02-1', 'ELECTRONICS FEE', 'GENERAL', 'GENERAL', 0, 'ELECTRONIC');
INSERT INTO `obo_itemaccount` VALUES ('FIRE_CONS_TAX', 'FIRE CODE CONTRUCTION TAX', 'TFA10000148', '430-A', 'BASIC FIRE CODE', 'GENERAL', 'GENERAL', 0, 'FSEC');
INSERT INTO `obo_itemaccount` VALUES ('FIRE_INSPECTION_FEE', 'FIRE CODE CONSTRUCTION TAX', 'FTFA00000574', '2-02-01-050-2', 'FIRE INSPECTION FEE', 'GENERAL', 'GENERAL', 50, 'FSEC');
INSERT INTO `obo_itemaccount` VALUES ('HOTWORKS', 'HOT WORKS', 'FTFA00000631', '4-02-01-040-02', 'CLEARANCE(FIRE)', 'GENERAL', 'GENERAL', 1, 'HOT_WORKS');
INSERT INTO `obo_itemaccount` VALUES ('LINE_AND_GRADE', 'LINE AND GRADE', 'FTFA00000554', '4-02-01-010-02-1', 'LINE AND GRADE FEE', 'GENERAL', 'GENERAL', 1, 'LINE_AND_GRADE');
INSERT INTO `obo_itemaccount` VALUES ('LOCATIONAL_CLEARANCE_FEE', 'LOCATIONAL CLEARANCE FEE', 'FTFA00000425', '4-02-01-010-03', 'LOCATIONAL CLEARANCES - ZONING FEES', 'GENERAL', 'GENERAL', 1, 'ZONING');
INSERT INTO `obo_itemaccount` VALUES ('MECHANICAL_FEE', 'MECHANICAL FEE', 'FTFA00000614', '4-02-01-010-02-1', 'MECHANICAL INSPECTION FEE', 'GENERAL', 'GENERAL', 0, 'MECHANICAL');
INSERT INTO `obo_itemaccount` VALUES ('PLUMBING_FEE', 'PLUMBING FEE', 'FTFA00000411', '4-02-01-010-02-1', 'PLUMBING PERMIT FEE', 'GENERAL', 'GENERAL', 0, 'PLUMBING');
INSERT INTO `obo_itemaccount` VALUES ('SANITARY_FEE', 'SANITARY FEE', 'FTFA00000562', '4-02-02-200-1', 'SANITARY FEE', 'GENERAL', 'GENERAL', 0, 'SANITARY');
INSERT INTO `obo_itemaccount` VALUES ('TAX_CLEARANCE', 'TAX CLEARANCE', 'FTFA00000385', '4-02-01-040-04', 'TAX CLEARANCE', 'GENERAL', 'GENERAL', 100, NULL);
INSERT INTO `obo_itemaccount` VALUES ('TAX_DEC', 'TAX DECLARATION', 'FTFA00000520', '4-02-01-040-04', 'CERT. TC- TAX DECLARATION', 'GENERAL', 'GENERAL', 101, NULL);
INSERT INTO `obo_itemaccount` VALUES ('UPLR', 'UP LEGAL RESEARCH', 'FTFA00000471', '4-06-01-010-6', 'APPLICATION FORM-(UPAO)', 'GENERAL', 'GENERAL', 102, 'ZONING');
INSERT INTO `obo_itemaccount` VALUES ('ZONING_FEE_VIOLATION', 'ZONING FEE VIOLATION', 'FTFA00000681', '4-02-01-010-03', 'ZONING PENALTY', 'GENERAL', 'GENERAL', 1, 'ZONING');
COMMIT;

-- ----------------------------
-- Table structure for obo_occupancy_type
-- ----------------------------
DROP TABLE IF EXISTS `obo_occupancy_type`;
CREATE TABLE `obo_occupancy_type` (
  `objid` varchar(50) NOT NULL,
  `divisionid` varchar(50) NOT NULL,
  `title` varchar(255) DEFAULT NULL,
  PRIMARY KEY (`objid`) USING BTREE,
  KEY `fk_occupancy_use_typeid` (`divisionid`) USING BTREE,
  CONSTRAINT `fk_obo_occupancytype_divisionid` FOREIGN KEY (`divisionid`) REFERENCES `obo_occupancy_type_division` (`objid`)
) ENGINE=InnoDB DEFAULT CHARSET=utf8;

-- ----------------------------
-- Records of obo_occupancy_type
-- ----------------------------
BEGIN;
INSERT INTO `obo_occupancy_type` VALUES ('A101', 'A1', 'indigenous family dwelling units');
INSERT INTO `obo_occupancy_type` VALUES ('A102', 'A1', 'single-detached units');
INSERT INTO `obo_occupancy_type` VALUES ('A103', 'A1', 'school or company staff housing');
INSERT INTO `obo_occupancy_type` VALUES ('A104', 'A1', 'single (nuclear) family dwellings');
INSERT INTO `obo_occupancy_type` VALUES ('A105', 'A1', 'churches or similar places of worship');
INSERT INTO `obo_occupancy_type` VALUES ('A106', 'A1', 'church rectories');
INSERT INTO `obo_occupancy_type` VALUES ('A107', 'A1', 'community facilities and social centers');
INSERT INTO `obo_occupancy_type` VALUES ('A108', 'A1', 'parks, playgrounds, pocket parks, parkways, promenades and playlots');
INSERT INTO `obo_occupancy_type` VALUES ('A109', 'A1', 'clubhouses and recreational uses such as as golf courses, tennis courts, basketball courts, swimming pools and similar uses operated by the government or private individuals as membership organizations for the benefit of their members, families, and guest');
INSERT INTO `obo_occupancy_type` VALUES ('A201', 'A2', 'single-attached or duplex or town-houses each privately owned');
INSERT INTO `obo_occupancy_type` VALUES ('A202', 'A2', 'school dormitories (on campus)');
INSERT INTO `obo_occupancy_type` VALUES ('A203', 'A2', 'convents and monasteries');
INSERT INTO `obo_occupancy_type` VALUES ('A204', 'A2', 'military or police barracks/dormitories');
INSERT INTO `obo_occupancy_type` VALUES ('A205', 'A2', 'all uses allowed in division a-1 ( or for r-1 class) buildings/structures');
INSERT INTO `obo_occupancy_type` VALUES ('A206', 'A2', 'pre-schools, elementary and high schools provided that they do not exceed sixteen (16) classrooms');
INSERT INTO `obo_occupancy_type` VALUES ('A207', 'A2', 'outpatient clinics, family planning clinics, lying-in clinics, diagnostic clinics, medical and clinical laboratories');
INSERT INTO `obo_occupancy_type` VALUES ('A208', 'A2', 'branch library and museum');
INSERT INTO `obo_occupancy_type` VALUES ('A209', 'A2', 'steam/ dry cleaning outlets');
INSERT INTO `obo_occupancy_type` VALUES ('A210', 'A2', 'party needs and accessories (leasing of tables and chairs etc)');
INSERT INTO `obo_occupancy_type` VALUES ('B101', 'B1', 'all uses permitted in divisions a-1 and a- 2 (or for r-1 class and r-2 class) buildings/structures');
INSERT INTO `obo_occupancy_type` VALUES ('B102', 'B1', 'leased single-detached dwelling unit, cottage wit more than one (1) independent unit and duplexes');
INSERT INTO `obo_occupancy_type` VALUES ('B103', 'B1', 'boarding and lodging houses');
INSERT INTO `obo_occupancy_type` VALUES ('B104', 'B1', 'multiple-housing units for lease or still for sale');
INSERT INTO `obo_occupancy_type` VALUES ('B105', 'B1', 'townhouses ( each privately owned )');
INSERT INTO `obo_occupancy_type` VALUES ('B106', 'B1', 'boarding houses');
INSERT INTO `obo_occupancy_type` VALUES ('B107', 'B1', 'accessorias (shop-houses), rowhouses, townhouses, tenements and apartments');
INSERT INTO `obo_occupancy_type` VALUES ('B108', 'B1', 'multiple privately-owned condominium units or tenement houses (residential building for thex exclusive use of non-leasing occupants not exceeding ten (10) persons and of low-rise type (up to five (5) storeys maximum building height)');
INSERT INTO `obo_occupancy_type` VALUES ('B109', 'B1', 'hotels, motels, inns, pension houses and apartels');
INSERT INTO `obo_occupancy_type` VALUES ('B110', 'B1', 'private or off-campus dormitories');
INSERT INTO `obo_occupancy_type` VALUES ('B111', 'B1', 'elementary schools and high schools provided that these will not exceed twenty (20) classrooms');
INSERT INTO `obo_occupancy_type` VALUES ('C101', 'C1', 'educational institution (like schools, colleges, universities, vocational institutions, seminaries, convents, including school auditoriums, gymnasia, reviewing stands, little theaters, concert halls, opera houses');
INSERT INTO `obo_occupancy_type` VALUES ('C102', 'C1', 'seminar workshop facilities');
INSERT INTO `obo_occupancy_type` VALUES ('C103', 'C1', 'training centers/facilities');
INSERT INTO `obo_occupancy_type` VALUES ('C104', 'C1', 'libraries, museums, exhibition halls, and art galleries');
INSERT INTO `obo_occupancy_type` VALUES ('C105', 'C1', 'civic centers, clubhouses, lodges, community centers');
INSERT INTO `obo_occupancy_type` VALUES ('C106', 'C1', 'churches, mosque, temples. shrines, chapels and similar places of worship');
INSERT INTO `obo_occupancy_type` VALUES ('C107', 'C1', 'civic or government centers');
INSERT INTO `obo_occupancy_type` VALUES ('C108', 'C1', 'other types of government buildings');
INSERT INTO `obo_occupancy_type` VALUES ('C201', 'C2', 'amusement halls and parlors');
INSERT INTO `obo_occupancy_type` VALUES ('C202', 'C2', 'massage and sauna parlors');
INSERT INTO `obo_occupancy_type` VALUES ('C203', 'C2', 'health studios and reducing salons');
INSERT INTO `obo_occupancy_type` VALUES ('C204', 'C2', 'billiard halls, pool rooms, bowling alleys and golf clubhouses');
INSERT INTO `obo_occupancy_type` VALUES ('C205', 'C2', 'dancing schools, disco pads, dance and amusement halls');
INSERT INTO `obo_occupancy_type` VALUES ('C206', 'C2', 'gymnasia, pelota courts and sports complex');
INSERT INTO `obo_occupancy_type` VALUES ('D101', 'D1', 'mental hospitals, mental sanitaria and mental asylums');
INSERT INTO `obo_occupancy_type` VALUES ('D102', 'D1', 'police and fire stations, guard houses');
INSERT INTO `obo_occupancy_type` VALUES ('D103', 'D1', 'jails, prisons, reformatories and correctional institutions');
INSERT INTO `obo_occupancy_type` VALUES ('D104', 'D1', 'rehabilitation centers');
INSERT INTO `obo_occupancy_type` VALUES ('D105', 'D1', 'leprosaria and quarantine station');
INSERT INTO `obo_occupancy_type` VALUES ('D201', 'D2', 'hospitals, sanitaria, and homes for the aged');
INSERT INTO `obo_occupancy_type` VALUES ('D202', 'D2', 'nurseries for children of kindergarten age or non-ambulatory patients accommodating more than five (5) persons');
INSERT INTO `obo_occupancy_type` VALUES ('D301', 'D3', 'nursing homes for ambulatory patients');
INSERT INTO `obo_occupancy_type` VALUES ('D302', 'D3', 'school and home, for children over kindergarten age');
INSERT INTO `obo_occupancy_type` VALUES ('D303', 'D3', 'orphanages');
INSERT INTO `obo_occupancy_type` VALUES ('E101', 'E1', 'all uses allowed in division b-1 ( or for r-3 class) buildings/structures');
INSERT INTO `obo_occupancy_type` VALUES ('E102', 'E1', 'gasoline filling and service stations');
INSERT INTO `obo_occupancy_type` VALUES ('E103', 'E1', 'storage garage and boat storage');
INSERT INTO `obo_occupancy_type` VALUES ('E104', 'E1', 'commercial garages and parking buildings, display for cars, tractors, etc.');
INSERT INTO `obo_occupancy_type` VALUES ('E105', 'E1', 'bus and railways depots and terminals and offices');
INSERT INTO `obo_occupancy_type` VALUES ('E106', 'E1', 'port facilities');
INSERT INTO `obo_occupancy_type` VALUES ('E107', 'E1', 'airports and heliport facilities');
INSERT INTO `obo_occupancy_type` VALUES ('E108', 'E1', 'all other types of transportation complexes');
INSERT INTO `obo_occupancy_type` VALUES ('E109', 'E1', 'all other types of large complexes for public services');
INSERT INTO `obo_occupancy_type` VALUES ('E110', 'E1', 'pawnshops, money shops, photo and portrait studios, shoeshine/repair stands, retails drugstores, tailoring and dress shops');
INSERT INTO `obo_occupancy_type` VALUES ('E111', 'E1', 'bakeshops and bakery goods stores');
INSERT INTO `obo_occupancy_type` VALUES ('E112', 'E1', 'stores for construction supplies and building materials such as electrical and electronics, plumbing supplies, ceramic clay cement and other similar products except chbs, gravel and sand and other concrete products\nplumbing supplies, ceramic clay cement a');
INSERT INTO `obo_occupancy_type` VALUES ('E201', 'E2', 'wholesale and retail stores');
INSERT INTO `obo_occupancy_type` VALUES ('E202', 'E2', 'shopping centers, malls and supermarkets');
INSERT INTO `obo_occupancy_type` VALUES ('E203', 'E2', 'wet and dry markets');
INSERT INTO `obo_occupancy_type` VALUES ('E204', 'E2', 'restaurants, drinking and dining establishments with less than 100 occupancies');
INSERT INTO `obo_occupancy_type` VALUES ('E205', 'E2', 'day/night clubs, bars, cocktails, sing-along lounges, bistros, pubs, beer gardens');
INSERT INTO `obo_occupancy_type` VALUES ('E206', 'E2', 'bakeries, pastry and bake shops');
INSERT INTO `obo_occupancy_type` VALUES ('E207', 'E2', 'office buildings');
INSERT INTO `obo_occupancy_type` VALUES ('E208', 'E2', 'financial institutions');
INSERT INTO `obo_occupancy_type` VALUES ('E209', 'E2', 'printing and publishing plants and offices');
INSERT INTO `obo_occupancy_type` VALUES ('E210', 'E2', 'engraving, photo developing and printing shops');
INSERT INTO `obo_occupancy_type` VALUES ('E211', 'E2', 'photographer and painter studios, tailoring and haberdashery shops');
INSERT INTO `obo_occupancy_type` VALUES ('E212', 'E2', 'factories and workshops, using less flammable or non-combustible materials');
INSERT INTO `obo_occupancy_type` VALUES ('E213', 'E2', 'battery shops and repair shops');
INSERT INTO `obo_occupancy_type` VALUES ('E214', 'E2', 'paint stores without bulk handling');
INSERT INTO `obo_occupancy_type` VALUES ('E215', 'E2', 'funeral parlors');
INSERT INTO `obo_occupancy_type` VALUES ('E216', 'E2', 'memorial and mortuary chapels, crematories');
INSERT INTO `obo_occupancy_type` VALUES ('E217', 'E2', 'columbarium');
INSERT INTO `obo_occupancy_type` VALUES ('E218', 'E2', 'telephone and telegraph exchanges');
INSERT INTO `obo_occupancy_type` VALUES ('E219', 'E2', 'telecommunications,media and public information complexes including radio and tv broadcasting studios\n');
INSERT INTO `obo_occupancy_type` VALUES ('E220', 'E2', 'cell (mobile) phone towers');
INSERT INTO `obo_occupancy_type` VALUES ('E221', 'E2', 'battery shops and auto repair shops');
INSERT INTO `obo_occupancy_type` VALUES ('E222', 'E2', 'bakeries, pastry and bake shops');
INSERT INTO `obo_occupancy_type` VALUES ('E223', 'E2', 'police and fire stations');
INSERT INTO `obo_occupancy_type` VALUES ('E224', 'E2', 'glassware and metalware stores, household equipment and appliance shops');
INSERT INTO `obo_occupancy_type` VALUES ('E225', 'E2', 'manufacture of insignia, badges and similar emblems except metal');
INSERT INTO `obo_occupancy_type` VALUES ('E226', 'E2', 'general retail establishments such as curio or antique shops, pet shops and aquarium \nstores, bookstores, art supplies and novelties, jewelry shops, liquor wine stores and flower shops');
INSERT INTO `obo_occupancy_type` VALUES ('E227', 'E2', 'employment/recruitment agencies, news syndicate services and office equipment and repair shops and other offices');
INSERT INTO `obo_occupancy_type` VALUES ('E228', 'E2', 'watch sales and services, locksmith and other related services');
INSERT INTO `obo_occupancy_type` VALUES ('E229', 'E2', 'other stores and shops for conducting retail business and local shopping establishment');
INSERT INTO `obo_occupancy_type` VALUES ('E230', 'E2', 'radio, television and other electrical appliance repair shops');
INSERT INTO `obo_occupancy_type` VALUES ('E231', 'E2', 'furniture, repair and upholstering job');
INSERT INTO `obo_occupancy_type` VALUES ('E232', 'E2', 'computer stores and video shops, including repair');
INSERT INTO `obo_occupancy_type` VALUES ('E233', 'E2', 'internet cafes and cyber stations');
INSERT INTO `obo_occupancy_type` VALUES ('E234', 'E2', 'garment manufacturing with no more than twenty (20) machines');
INSERT INTO `obo_occupancy_type` VALUES ('E234B', 'E2', 'signboard and streamer painting and silk screening');
INSERT INTO `obo_occupancy_type` VALUES ('E235', 'E2', 'car barns for jeepneys and taxis not more than six (6) units');
INSERT INTO `obo_occupancy_type` VALUES ('E236', 'E2', 'lotto terminals, off-fronton, on-line bingo outlets and off-track betting stations');
INSERT INTO `obo_occupancy_type` VALUES ('E237', 'E2', 'gardens and landscaping supply/ contractors');
INSERT INTO `obo_occupancy_type` VALUES ('E238', 'E2', 'printing, typesetting, copiers and duplicating services');
INSERT INTO `obo_occupancy_type` VALUES ('E239', 'E2', 'photo supply and developing');
INSERT INTO `obo_occupancy_type` VALUES ('E240', 'E2', 'restaurants, canteens, eateries, delicatessen shops, confectionery shops and automats/fastfoods');
INSERT INTO `obo_occupancy_type` VALUES ('E241', 'E2', 'groceries');
INSERT INTO `obo_occupancy_type` VALUES ('E242', 'E2', 'laundries and laundromats');
INSERT INTO `obo_occupancy_type` VALUES ('E243', 'E2', 'recording and film laboratories');
INSERT INTO `obo_occupancy_type` VALUES ('E244', 'E2', 'auto repair, tire, vulcanizing shops and carwash with minimum 100 sq. meters service area');
INSERT INTO `obo_occupancy_type` VALUES ('E245', 'E2', 'physical fitness gyms/centers');
INSERT INTO `obo_occupancy_type` VALUES ('E301', 'E3', 'all permitted uses in division e-1(or for c-1 and c-2 class) buildings / structures');
INSERT INTO `obo_occupancy_type` VALUES ('E302', 'E3', 'aircraft hangars');
INSERT INTO `obo_occupancy_type` VALUES ('E303', 'E3', 'commercial parking lots and garages');
INSERT INTO `obo_occupancy_type` VALUES ('E304', 'E3', 'department stores, shopping malls/centers, commercial and sports complexes/ areas');
INSERT INTO `obo_occupancy_type` VALUES ('E305', 'E3', 'institutional uses as university complexes');
INSERT INTO `obo_occupancy_type` VALUES ('E306', 'E3', 'other commercial/ business activities not elsewhere classified (n.e.c.)');
INSERT INTO `obo_occupancy_type` VALUES ('F101', 'F1', 'ice plants and cold storage buildings');
INSERT INTO `obo_occupancy_type` VALUES ('F102', 'F1', 'power plants (thermal, hydro or geothermal)');
INSERT INTO `obo_occupancy_type` VALUES ('F103', 'F1', 'pumping plants (water supply, storm drainage,sewerage, irrigation and waste treatment plants)');
INSERT INTO `obo_occupancy_type` VALUES ('F104', 'F1', 'dairies and creameries');
INSERT INTO `obo_occupancy_type` VALUES ('F105', 'F1', 'rice mills and sugar centrals');
INSERT INTO `obo_occupancy_type` VALUES ('F106', 'F1', 'breweries, bottling plants, canneries, and tanneries');
INSERT INTO `obo_occupancy_type` VALUES ('F107', 'F1', 'factories and workshops using incombustible or non-explosive materials');
INSERT INTO `obo_occupancy_type` VALUES ('G101', 'G1', 'storage tanks, buildings for storing gasoline, acetylene, lpg, calcium, carbides, oxygen, hydrogen, and the like');
INSERT INTO `obo_occupancy_type` VALUES ('G102', 'G1', 'armories, arsenals and munitions factories');
INSERT INTO `obo_occupancy_type` VALUES ('G103', 'G1', 'match and fireworks factories');
INSERT INTO `obo_occupancy_type` VALUES ('G104', 'G1', 'plastics resin plants (monomer and polymer)');
INSERT INTO `obo_occupancy_type` VALUES ('G105', 'G1', 'plastics compounding and processing plants');
INSERT INTO `obo_occupancy_type` VALUES ('G106', 'G1', 'acetylene and oxygen generating plants');
INSERT INTO `obo_occupancy_type` VALUES ('G107', 'G1', 'cooking oil and soap processing plants');
INSERT INTO `obo_occupancy_type` VALUES ('G108', 'G1', 'factories for highly flammable chemicals');
INSERT INTO `obo_occupancy_type` VALUES ('G109', 'G1', 'water and power generation/ distribution complexes\n');
INSERT INTO `obo_occupancy_type` VALUES ('G110', 'G1', 'liquid and solid waste management facilities');
INSERT INTO `obo_occupancy_type` VALUES ('G111', 'G1', 'large complexes for public utilities');
INSERT INTO `obo_occupancy_type` VALUES ('G201', 'G2', 'all used permitted in i-1 class');
INSERT INTO `obo_occupancy_type` VALUES ('G202', 'G2', 'dry cleaning plants using flammable liquids');
INSERT INTO `obo_occupancy_type` VALUES ('G203', 'G2', 'paint stores with bulk handling');
INSERT INTO `obo_occupancy_type` VALUES ('G204', 'G2', 'paint shops and spray painting rooms');
INSERT INTO `obo_occupancy_type` VALUES ('G205', 'G2', 'sign and billboard painting shops');
INSERT INTO `obo_occupancy_type` VALUES ('G301', 'G3', 'wood working establishments, lumber and timber yards');
INSERT INTO `obo_occupancy_type` VALUES ('G302', 'G3', 'planing mills and sawmills, veneer plants');
INSERT INTO `obo_occupancy_type` VALUES ('G303', 'G3', 'wood drying kilns');
INSERT INTO `obo_occupancy_type` VALUES ('G304', 'G3', 'pulp, paper and paperboard factories');
INSERT INTO `obo_occupancy_type` VALUES ('G305', 'G3', 'wood and cardboard box factories');
INSERT INTO `obo_occupancy_type` VALUES ('G306', 'G3', 'textile and fiber spinning mills');
INSERT INTO `obo_occupancy_type` VALUES ('G307', 'G3', 'grains and cement silos');
INSERT INTO `obo_occupancy_type` VALUES ('G308', 'G3', 'warehouses where highly combustible materials are stored');
INSERT INTO `obo_occupancy_type` VALUES ('G309', 'G3', 'factories where loose combustible fiber or dirt are manufactured, processed or generated');
INSERT INTO `obo_occupancy_type` VALUES ('G310', 'G3', 'garment and undergarment');
INSERT INTO `obo_occupancy_type` VALUES ('G401', 'G4', 'repair garages and shops');
INSERT INTO `obo_occupancy_type` VALUES ('G402', 'G4', 'factories for engines and turbines and attached testing facilities');
INSERT INTO `obo_occupancy_type` VALUES ('G501', 'G5', 'hangars');
INSERT INTO `obo_occupancy_type` VALUES ('G502', 'G5', 'manufacture and assembly plants of aircraft engine');
INSERT INTO `obo_occupancy_type` VALUES ('G503', 'G5', 'repairs and testing shops for aircraft engines and parts');
INSERT INTO `obo_occupancy_type` VALUES ('H101', 'H1', 'theaters and auditoriums');
INSERT INTO `obo_occupancy_type` VALUES ('H102', 'H1', 'concert halls and open houses');
INSERT INTO `obo_occupancy_type` VALUES ('H103', 'H1', 'convention halls');
INSERT INTO `obo_occupancy_type` VALUES ('H104', 'H1', 'little theaters, audio-visual rooms');
INSERT INTO `obo_occupancy_type` VALUES ('H201', 'H2', 'dance halls, cabarets, ballrooms');
INSERT INTO `obo_occupancy_type` VALUES ('H202', 'H2', 'skating rinks');
INSERT INTO `obo_occupancy_type` VALUES ('H203', 'H2', 'cockfighting arenas');
INSERT INTO `obo_occupancy_type` VALUES ('H301', 'H3', 'dance halls, ballrooms');
INSERT INTO `obo_occupancy_type` VALUES ('H302', 'H3', 'skating rinks');
INSERT INTO `obo_occupancy_type` VALUES ('H401', 'H4', 'sports stands');
INSERT INTO `obo_occupancy_type` VALUES ('H402', 'H4', 'reviewing stands');
INSERT INTO `obo_occupancy_type` VALUES ('H403', 'H4', 'grandstand and bleachers');
INSERT INTO `obo_occupancy_type` VALUES ('H404', 'H4', 'covered amusement parks');
INSERT INTO `obo_occupancy_type` VALUES ('H405', 'H4', 'boxing arenas, jai-alai stadiums');
INSERT INTO `obo_occupancy_type` VALUES ('H406', 'H4', 'race tracks and hippodromes');
INSERT INTO `obo_occupancy_type` VALUES ('H407', 'H4', 'all types of resort complexes');
INSERT INTO `obo_occupancy_type` VALUES ('H408', 'H4', 'all other amusement and entertainment complexes');
INSERT INTO `obo_occupancy_type` VALUES ('I101', 'I1', 'colisea and sports complexes');
INSERT INTO `obo_occupancy_type` VALUES ('I102', 'I1', 'theaters and convention centers');
INSERT INTO `obo_occupancy_type` VALUES ('I103', 'I1', 'concert halls and open houses');
INSERT INTO `obo_occupancy_type` VALUES ('I104', 'I1', 'convention centers');
INSERT INTO `obo_occupancy_type` VALUES ('J101', 'J1', 'agricultural structures (sheds, barns, poultry houses, piggeries, hatcheries, stables, greenhouses, granaries,silos)');
INSERT INTO `obo_occupancy_type` VALUES ('J201', 'J2', 'private garages, carports');
INSERT INTO `obo_occupancy_type` VALUES ('J202', 'J2', 'towers, smokestacks, chimneys');
INSERT INTO `obo_occupancy_type` VALUES ('J203', 'J2', 'swimming pools including shower and locker room');
INSERT INTO `obo_occupancy_type` VALUES ('J204', 'J2', 'fence over 1.8 meters high, separate firewalls');
INSERT INTO `obo_occupancy_type` VALUES ('J205', 'J2', 'steel and or concrete tanks');
INSERT INTO `obo_occupancy_type` VALUES ('J301', 'J3', 'stages, platforms and similar structures');
INSERT INTO `obo_occupancy_type` VALUES ('J302', 'J3', 'pelota, tennis, badminton or basketball courts');
INSERT INTO `obo_occupancy_type` VALUES ('J304', 'J3', 'aviaries and aquariums and zoo structures');
INSERT INTO `obo_occupancy_type` VALUES ('J305', 'J3', 'banks and record vaults');
COMMIT;

-- ----------------------------
-- Table structure for obo_occupancy_type_division
-- ----------------------------
DROP TABLE IF EXISTS `obo_occupancy_type_division`;
CREATE TABLE `obo_occupancy_type_division` (
  `objid` varchar(50) NOT NULL,
  `groupid` varchar(50) DEFAULT NULL,
  `title` text,
  `type` varchar(10) DEFAULT NULL,
  PRIMARY KEY (`objid`) USING BTREE,
  KEY `fk_occupancyuse` (`groupid`) USING BTREE,
  CONSTRAINT `obo_occupancy_type_division_ibfk_1` FOREIGN KEY (`groupid`) REFERENCES `obo_occupancy_type_group` (`objid`)
) ENGINE=InnoDB DEFAULT CHARSET=utf8;

-- ----------------------------
-- Records of obo_occupancy_type_division
-- ----------------------------
BEGIN;
INSERT INTO `obo_occupancy_type_division` VALUES ('A1', 'A', 'residential building/ structure for exclusive use of single family occupants', 'item');
INSERT INTO `obo_occupancy_type_division` VALUES ('A2', 'A', 'residential building for the exclusive use of non-leasing occupants not exceeding 10 persons', 'item');
INSERT INTO `obo_occupancy_type_division` VALUES ('B1', 'B', 'multiple dwelling units including boarding or lodging houses, hotels, apartment buildings, row houses, convents, monasteries and other similar building each of which accommodates more than 10 persons', 'item');
INSERT INTO `obo_occupancy_type_division` VALUES ('C1', 'C', 'buildings used for school or day-care purposes, involving assemblage for instruction, education, or recreation, and not classified in group i or in division 1 and 2 or group h occupancies', NULL);
INSERT INTO `obo_occupancy_type_division` VALUES ('C2', 'C', 'amusement halls and parlors', NULL);
INSERT INTO `obo_occupancy_type_division` VALUES ('D1', 'D', 'institutional, where personal liberties of in-mates are restrained, or quarters of those rendering public assistance and maintaining peace and order', NULL);
INSERT INTO `obo_occupancy_type_division` VALUES ('D2', 'D', 'institutional, for health care\nbuildings', NULL);
INSERT INTO `obo_occupancy_type_division` VALUES ('D3', 'D', 'institutional, for ambulatory patients or children over kindergarten age', NULL);
INSERT INTO `obo_occupancy_type_division` VALUES ('E1', 'E', 'business and mercantile, where no work is done except change of parts and maintenance requiring no open flames, welding, or use of highly flammable liquids', 'item');
INSERT INTO `obo_occupancy_type_division` VALUES ('E2', 'E', 'business and mercantile in nature', NULL);
INSERT INTO `obo_occupancy_type_division` VALUES ('E3', 'E', 'business and mercantile, where no repair work is done except exchange of parts and maintenance requiring no open flames, welding or use of highly flammable liquid', NULL);
INSERT INTO `obo_occupancy_type_division` VALUES ('F1', 'F', 'light industrial', NULL);
INSERT INTO `obo_occupancy_type_division` VALUES ('G1', 'G', 'medium industrial, which shall include storage and handling of hazardous and highly flammable materials', NULL);
INSERT INTO `obo_occupancy_type_division` VALUES ('G2', 'G', 'medium industrial buildings for storage and handling of flammable materials', NULL);
INSERT INTO `obo_occupancy_type_division` VALUES ('G3', 'G', 'medium industrial buildings for wood working activities, papers cardboard manufactures, textile and garment factories', NULL);
INSERT INTO `obo_occupancy_type_division` VALUES ('G4', 'G', 'medium industrial, for repair garages and engine manufacture', NULL);
INSERT INTO `obo_occupancy_type_division` VALUES ('G5', 'G', 'medium industrial, for aircraft facilities', 'G5');
INSERT INTO `obo_occupancy_type_division` VALUES ('H1', 'H', 'recreational, which are assembly buildings with stage and having an occupant load of less than 1,000', NULL);
INSERT INTO `obo_occupancy_type_division` VALUES ('H2', 'H', 'recreational, which are assembly buildings with stage and having an occupant load of 300 or more', NULL);
INSERT INTO `obo_occupancy_type_division` VALUES ('H3', 'H', 'recreational, which are assembly buildings with stage and having an occupant load of less than 300', '`');
INSERT INTO `obo_occupancy_type_division` VALUES ('H4', 'H', 'recreational, tourism estate developments or tourism-oriented establishments, which are structures not included in divisions h-1', NULL);
INSERT INTO `obo_occupancy_type_division` VALUES ('I1', 'I', 'recreational, assembly buildings with stage and an occupant load of 1,000 or more in the building', NULL);
INSERT INTO `obo_occupancy_type_division` VALUES ('J1', 'J', 'agricultural structures', NULL);
INSERT INTO `obo_occupancy_type_division` VALUES ('J2', 'J', 'private garages, carports, fences over 1.80 meters high, tanks, swimming pools and towers', NULL);
INSERT INTO `obo_occupancy_type_division` VALUES ('J3', 'J', 'stages, platforms, pelota, tennis, badminton or basketball courts, tombs, mausoleums, niches, aviaries, aquariums, zoo structures, banks and record vaults other subgroupings or divisions within groups a to j may be determined by the secretary. any other occupancy not mentioned specifically in this section, or about which there is any question, shall be included in the group which it most nearly resembles based on the existing or proposed life and fire hazard', NULL);
COMMIT;

-- ----------------------------
-- Table structure for obo_occupancy_type_group
-- ----------------------------
DROP TABLE IF EXISTS `obo_occupancy_type_group`;
CREATE TABLE `obo_occupancy_type_group` (
  `objid` varchar(50) NOT NULL,
  `title` text,
  PRIMARY KEY (`objid`) USING BTREE
) ENGINE=InnoDB DEFAULT CHARSET=utf8;

-- ----------------------------
-- Records of obo_occupancy_type_group
-- ----------------------------
BEGIN;
INSERT INTO `obo_occupancy_type_group` VALUES ('A', 'residential dwellings');
INSERT INTO `obo_occupancy_type_group` VALUES ('B', 'residentials, hotels and apartments');
INSERT INTO `obo_occupancy_type_group` VALUES ('C', 'education and recreation ');
INSERT INTO `obo_occupancy_type_group` VALUES ('D', 'institutional (government and health services)');
INSERT INTO `obo_occupancy_type_group` VALUES ('E', 'business and mercantile (commercial)');
INSERT INTO `obo_occupancy_type_group` VALUES ('F', 'industrial (non pollutive/non hazardous industries and non-pollutive hazardous industries)');
INSERT INTO `obo_occupancy_type_group` VALUES ('G', 'storage and hazardous industrial (pollutive/non-hazardous industries and pollutive/hazardous industries only');
INSERT INTO `obo_occupancy_type_group` VALUES ('H', 'assembly for less than 1000 (cultural and/or recreational)');
INSERT INTO `obo_occupancy_type_group` VALUES ('I', 'assembly for more than 1000 (cultural and/or recreational)');
INSERT INTO `obo_occupancy_type_group` VALUES ('J', 'accessory');
COMMIT;

-- ----------------------------
-- Table structure for obo_permit_type
-- ----------------------------
DROP TABLE IF EXISTS `obo_permit_type`;
CREATE TABLE `obo_permit_type` (
  `objid` varchar(50) NOT NULL,
  `title` varchar(100) DEFAULT NULL,
  `sortorder` smallint(1) DEFAULT NULL,
  `type` varchar(50) DEFAULT NULL,
  `handler` varchar(50) DEFAULT NULL,
  `sectionid` varchar(50) DEFAULT NULL,
  PRIMARY KEY (`objid`) USING BTREE,
  KEY `fk_obo_permit_type_sectionid` (`sectionid`),
  CONSTRAINT `fk_obo_permit_type_sectionid` FOREIGN KEY (`sectionid`) REFERENCES `obo_section` (`objid`)
) ENGINE=InnoDB DEFAULT CHARSET=utf8;

-- ----------------------------
-- Records of obo_permit_type
-- ----------------------------
BEGIN;
INSERT INTO `obo_permit_type` VALUES ('ARCHITECTURAL', 'ARCHITECTURAL PERMIT', 1, 'ANCILLARY', NULL, 'ARCHITECTURAL');
INSERT INTO `obo_permit_type` VALUES ('CIVIL_STRUCTURAL', 'CIVIL/STRUCTURAL PERMIT', 2, 'ANCILLARY', NULL, 'CIVIL_STRUCTURAL');
INSERT INTO `obo_permit_type` VALUES ('DEMOLITION', 'DEMOLITION PERMIT', 8, 'ANCILLARY', NULL, NULL);
INSERT INTO `obo_permit_type` VALUES ('ELECTRICAL', 'ELECTRICAL PERMIT', 3, 'ANCILLARY', NULL, 'ELECTRICAL');
INSERT INTO `obo_permit_type` VALUES ('ELECTRONIC', 'ELECTRONICS PERMIT', 7, 'ANCILLARY', NULL, 'ELECTRONIC');
INSERT INTO `obo_permit_type` VALUES ('EXCAVATION', 'EXCAVATION AND GROUND PERMIT', 8, 'ANCILLARY', NULL, NULL);
INSERT INTO `obo_permit_type` VALUES ('FENCING', 'FENCING PERMIT', 9, 'ANCILLARY', NULL, NULL);
INSERT INTO `obo_permit_type` VALUES ('HOT_WORKS', 'HOT WORKS PERMIT', 15, 'ANCILLARY', NULL, 'HOT_WORKS');
INSERT INTO `obo_permit_type` VALUES ('MECHANICAL', 'MECHANICAL PERMIT', 4, 'ANCILLARY', NULL, 'MECHANICAL');
INSERT INTO `obo_permit_type` VALUES ('PLUMBING', 'PLUMBING PERMIT', 6, 'ANCILLARY', NULL, 'PLUMBING');
INSERT INTO `obo_permit_type` VALUES ('SANITARY', 'SANITARY PERMIT', 5, 'ANCILLARY', NULL, 'SANITARY');
INSERT INTO `obo_permit_type` VALUES ('SCAFFOLDING', 'SCAFFOLDING PERMIT', 12, 'ANCILLARY', NULL, NULL);
INSERT INTO `obo_permit_type` VALUES ('SIDEWALK_CONSTRUCTION', 'SIDEWALK CONSTRUCTION PERMIT', 10, 'ANCILLARY', NULL, NULL);
INSERT INTO `obo_permit_type` VALUES ('SIGN', 'SIGN PERMIT', 13, 'ANCILLARY', NULL, NULL);
INSERT INTO `obo_permit_type` VALUES ('TEMPORARY_SERVICE_CONNECTION', 'PERMIT FOR TEMPORARY SERVICE CONNECTION', 14, 'MAIN', NULL, NULL);
INSERT INTO `obo_permit_type` VALUES ('TEMPORARY_SIDEWALK_ENCLOSURE_AND_OCCUPANCY', 'TEMPORARY SIDEWALK ENCLOSURE AND OCCUPANCY PERMIT', 11, 'ANCILLARY', NULL, NULL);
COMMIT;

-- ----------------------------
-- Table structure for obo_professional
-- ----------------------------
DROP TABLE IF EXISTS `obo_professional`;
CREATE TABLE `obo_professional` (
  `objid` varchar(50) NOT NULL DEFAULT '',
  `entityid` varchar(50) DEFAULT NULL,
  `entitytype` varchar(50) DEFAULT NULL,
  `name` varchar(255) DEFAULT NULL,
  `ctcno` varchar(50) DEFAULT NULL,
  `ctcdtissued` date DEFAULT NULL,
  `ctcdtexpiry` date DEFAULT NULL,
  `ctcplaceissued` varchar(255) DEFAULT NULL,
  `prcno` varchar(50) DEFAULT NULL,
  `prcdtexpiry` date DEFAULT NULL,
  `ptrno` varchar(50) DEFAULT NULL,
  `ptrdate` date DEFAULT NULL,
  `tin` varchar(50) DEFAULT NULL,
  `email` varchar(255) DEFAULT NULL,
  `mobileno` varchar(50) DEFAULT NULL,
  `phoneno` varchar(50) DEFAULT NULL,
  PRIMARY KEY (`objid`)
) ENGINE=InnoDB DEFAULT CHARSET=utf8;

-- ----------------------------
-- Table structure for obo_requirement_type
-- ----------------------------
DROP TABLE IF EXISTS `obo_requirement_type`;
CREATE TABLE `obo_requirement_type` (
  `objid` varchar(50) NOT NULL,
  `title` varchar(255) DEFAULT NULL,
  `sortorder` int(255) DEFAULT NULL,
  `permittype` varchar(100) DEFAULT NULL,
  `sectionid` varchar(50) DEFAULT NULL,
  PRIMARY KEY (`objid`) USING BTREE,
  KEY `fk_obo_requirement_type_sectionid` (`sectionid`),
  CONSTRAINT `fk_obo_requirement_type_sectionid` FOREIGN KEY (`sectionid`) REFERENCES `obo_section` (`objid`)
) ENGINE=InnoDB DEFAULT CHARSET=utf8;

-- ----------------------------
-- Records of obo_requirement_type
-- ----------------------------
BEGIN;
INSERT INTO `obo_requirement_type` VALUES ('R01', '4 copies Duly accomplished and notarized Application Form for Building Permit', 1, 'building_permit', NULL);
INSERT INTO `obo_requirement_type` VALUES ('R02', '4 copies Duly accomplished Architectural Permit Form', 2, 'building_permit', NULL);
INSERT INTO `obo_requirement_type` VALUES ('R03', '4 copies Duly accomplished Civil/Structural Permit Form', 3, 'building_permit', NULL);
INSERT INTO `obo_requirement_type` VALUES ('R04', '4 copies Duly accomplished Electrical Permit Form', 4, 'building_permit', NULL);
INSERT INTO `obo_requirement_type` VALUES ('R05', '4 copies Duly accomplished Mechanical Permit Form', 5, 'building_permit', NULL);
INSERT INTO `obo_requirement_type` VALUES ('R06', '4 copies Duly accomplished Sanitary Permit Form', 6, 'building_permit', NULL);
INSERT INTO `obo_requirement_type` VALUES ('R07', '4 copies Duly accomplished Plumbing Permit Form', 7, 'building_permit', NULL);
INSERT INTO `obo_requirement_type` VALUES ('R08', '4 copies Duly accomplished Electronics Permit Form', 8, 'building_permit', NULL);
INSERT INTO `obo_requirement_type` VALUES ('R09', '4 copies Duly accomplished Sign Permit Form', 9, 'building_permit', NULL);
INSERT INTO `obo_requirement_type` VALUES ('R10', '4 copies Duly accomplished Fencing Permit Form', 10, 'building_permit', NULL);
INSERT INTO `obo_requirement_type` VALUES ('R11', '1 copy Certified true copy of latest OCT/TCT, on file with the Registry of Deeds (in case the applicant is the registered owner of the lot)', 11, 'building_permit', NULL);
INSERT INTO `obo_requirement_type` VALUES ('R12', '1 copy Duly notarized copy of the Contract of Lease, Award Notice,Deed of Absolute Sale, Contract to Sell, Extra-Judicial Settlement or Authority from the registered owner (in case the applicant is not the registered owner of the lot, in addition to the c', 12, 'building_permit', NULL);
INSERT INTO `obo_requirement_type` VALUES ('R13', '4 sets Certification from a duly licensed and registered Geodetic Engineer that the proposed construction, renovation, alteration, repair or addition shall be within the property of the owner/applicant and will not encroach any adjoining property (incorpo', 13, 'building_permit', NULL);
INSERT INTO `obo_requirement_type` VALUES ('R14', '4 sets Architectural Design Plans/Drawings and other documents prepared, signed and sealed over the printed name of the duly licensed and registered Architect, and approved by the owner/applicant', 14, 'building_permit', NULL);
INSERT INTO `obo_requirement_type` VALUES ('R15', '4 sets Civil/Structural Design Plans/Drawings and other documents prepared, signed and sealed over the printed name of the duly licensed and registered Civil/Structural Engineer, and approved by the owner/applicant', 15, 'building_permit', NULL);
INSERT INTO `obo_requirement_type` VALUES ('R16', '4 sets Electrical Design Plans/Drawings and other documents prepared, signed and sealed over the printed name of the duly licensed and registered Professional Electrical Engineer, and approved by the owner/applicant', 16, 'building_permit', NULL);
INSERT INTO `obo_requirement_type` VALUES ('R17', '4 sets Mechanical Design Plans/Drawings and other documents prepared, signed and sealed over the printed name of the duly licensed and registered Professional Mechanical Engineer, and approved by the owner/applicant', 17, 'building_permit', NULL);
INSERT INTO `obo_requirement_type` VALUES ('R18', '4 sets Sanitary Design Plans/Drawings and other documents prepared, signed and sealed over the printed name of the duly licensed and registered Sanitary Engineer, and approved by the owner/applicant', 18, 'building_permit', NULL);
INSERT INTO `obo_requirement_type` VALUES ('R19', '4 sets Plumbing Design Plans/Drawings and other documents prepared, signed and sealed over the printed name of the duly licensed and registered Master Plumber, and approved by the owner/applicant', 19, 'building_permit', NULL);
INSERT INTO `obo_requirement_type` VALUES ('R20', '4 sets Electronics Design Plans/Drawings and other documents prepared, signed and sealed over the printed name of the duly licensed and registered Electronics Engineer, and approved by the owner/applicant', 20, 'building_permit', NULL);
INSERT INTO `obo_requirement_type` VALUES ('R21', '3 sets Three (3) sets of Structural Analysis and Design, signed and sealed over the printed name of the duly licensed and registered Civil/ Structural Engineer (Applicable for all buildings/structures except for one storey and single detached building/str', 21, 'building_permit', NULL);
INSERT INTO `obo_requirement_type` VALUES ('R22', '1 set Boring and Load Test (Applicable for buildings/structures of three (3) storeys and higher, lower building structures for areas with potential geological/geotechnical hazards, or if necessary in accordance with the provisions of the National Structur', 22, 'building_permit', NULL);
INSERT INTO `obo_requirement_type` VALUES ('R23', '3 sets Three (3) sets of Electrical Analysis and Design, signed and sealed over the printed name of the duly licensed and registered Professional Electrical Engineer', 23, 'building_permit', NULL);
INSERT INTO `obo_requirement_type` VALUES ('R24', '1 copy Photocopy of latest PRC Identification Card and Professional Tax Receipt, signed (three specimen signatures) and sealed by the respective professionals', 24, 'building_permit', NULL);
INSERT INTO `obo_requirement_type` VALUES ('R25', '4 sets Duly notarized Bill of Materials/Cost Estimate of the building or structure to be erected, signed and sealed over the printed name by a duly licensed and registered Architect or Civil Engineer, and approved by the owner/applicant', 25, 'building_permit', NULL);
INSERT INTO `obo_requirement_type` VALUES ('R26', '1 set Construction Logbook, signed and sealed over the printed name of the duly licensed and registered Civil Engineer or Architect- In-Charge of construction, and signed by the owner/applicant', 26, 'building_permit', NULL);
INSERT INTO `obo_requirement_type` VALUES ('R27', '1 copy Original Certificate of Approval of Construction Safety and Health Program (CSHP) (Department of Labor and Employment)', 27, 'building_permit', NULL);
INSERT INTO `obo_requirement_type` VALUES ('R28', '1 copy Affidavit of Undertaking (for clearances from National Government Agencies which can be submitted 30 days or less after the issuance of the Building Permit, per JMC No. 2018-01)', 28, 'building_permit', NULL);
INSERT INTO `obo_requirement_type` VALUES ('R29', '1 copy Special Power of Attorney (for individuals) or Board Resolution/Secretary’s Certificate (for corporations) for the authorized representative/signatory in behalf of the owner/applicant', 29, 'building_permit', NULL);
INSERT INTO `obo_requirement_type` VALUES ('R30', '1 copy Affidavit of Non-Objection', 30, 'building_permit', NULL);
INSERT INTO `obo_requirement_type` VALUES ('R31', '1 copy Affidavit of Undertaking on Lot Occupancy', 31, 'building_permit', NULL);
INSERT INTO `obo_requirement_type` VALUES ('R32', '1 copy Barangay Resolution/Endorsement', 32, 'building_permit', NULL);
INSERT INTO `obo_requirement_type` VALUES ('R33', '1 copy Manifestation', 33, 'building_permit', NULL);
INSERT INTO `obo_requirement_type` VALUES ('R34', '1 copy Simple Subdivision Approval/Copy of Approved Subdivision Plan', 34, 'building_permit', NULL);
INSERT INTO `obo_requirement_type` VALUES ('R35', 'Other pertinent documents', 35, 'building_permit', NULL);
INSERT INTO `obo_requirement_type` VALUES ('R36', 'Size of Building Plans', 36, 'building_permit', NULL);
COMMIT;

-- ----------------------------
-- Table structure for obo_section
-- ----------------------------
DROP TABLE IF EXISTS `obo_section`;
CREATE TABLE `obo_section` (
  `objid` varchar(50) NOT NULL,
  `title` varchar(100) DEFAULT NULL,
  `type` varchar(50) DEFAULT NULL,
  `org_objid` varchar(50) DEFAULT NULL,
  `org_name` varchar(255) DEFAULT NULL,
  `sortindex` int(255) DEFAULT NULL,
  `required` int(255) DEFAULT NULL,
  `role` varchar(50) CHARACTER SET latin1 DEFAULT NULL,
  `buildingpermitstate` varchar(50) CHARACTER SET latin1 DEFAULT NULL,
  `occupancypermitstate` varchar(50) DEFAULT NULL,
  `optional` int(255) DEFAULT NULL,
  `requirefee` int(11) DEFAULT '0',
  `issuepermit` int(11) DEFAULT '0',
  `permit_title` varchar(150) DEFAULT NULL,
  `permit_template` varchar(150) DEFAULT NULL,
  `ancillarytypeid` varchar(50) DEFAULT NULL,
  `permit_controlnopattern` varchar(100) DEFAULT NULL,
  `permit_name` varchar(50) DEFAULT NULL,
  PRIMARY KEY (`objid`)
) ENGINE=InnoDB DEFAULT CHARSET=utf8;

-- ----------------------------
-- Records of obo_section
-- ----------------------------
BEGIN;
INSERT INTO `obo_section` VALUES ('ARCHITECTURAL', 'Architectural', 'PERMIT', NULL, NULL, 3, 0, NULL, 'trade-evaluation', 'joint-inspection', 0, 0, 0, NULL, NULL, NULL, NULL, NULL);
INSERT INTO `obo_section` VALUES ('CIVIL_STRUCTURAL', 'Civil/Structural', NULL, NULL, NULL, 4, 0, NULL, 'trade-evaluation', 'joint-inspection', 0, 0, 0, NULL, NULL, NULL, NULL, NULL);
INSERT INTO `obo_section` VALUES ('ELECTRICAL', 'Electrical', NULL, NULL, NULL, 5, 0, NULL, 'trade-evaluation', 'joint-inspection', 0, 1, 0, NULL, NULL, NULL, NULL, NULL);
INSERT INTO `obo_section` VALUES ('ELECTRONIC', 'Electronic', NULL, NULL, NULL, 9, 0, NULL, 'trade-evaluation', 'joint-inspection', 1, 1, 0, NULL, NULL, NULL, NULL, NULL);
INSERT INTO `obo_section` VALUES ('FSEC', 'Fire Safety Evaluation Clearance', NULL, 'BFP', 'BFP - BUREAU OF FIRE', 1, NULL, NULL, 'trade-evaluation', NULL, 0, 1, 1, 'Fire Safety Evaluation Clearance', NULL, NULL, NULL, 'fire_safety_evaluation_clearance');
INSERT INTO `obo_section` VALUES ('HOT_WORKS', 'Hot Works Clearance', NULL, 'BFP', 'BFP - BUREAU OF FIRE', 20, NULL, NULL, 'trade-evaluation', NULL, 1, 1, 1, 'Hot Works Clearance', 'building_permit_fire_hotworks_clearance', NULL, NULL, NULL);
INSERT INTO `obo_section` VALUES ('LINE_AND_GRADE', 'Line and Grade', NULL, NULL, NULL, 2, NULL, NULL, 'trade-evaluation', 'joint-inspection', 0, 1, 0, NULL, NULL, NULL, NULL, NULL);
INSERT INTO `obo_section` VALUES ('MECHANICAL', 'Mechanical', NULL, NULL, NULL, 6, 0, NULL, 'trade-evaluation', 'joint-inspection', 0, 1, 0, NULL, NULL, NULL, NULL, NULL);
INSERT INTO `obo_section` VALUES ('PLUMBING', 'Plumbing', NULL, NULL, NULL, 8, 0, NULL, 'trade-evaluation', 'joint-inspection', 0, 1, 0, NULL, NULL, NULL, NULL, NULL);
INSERT INTO `obo_section` VALUES ('RPT', 'ASSESSORS OFFICE', NULL, NULL, NULL, 100, NULL, NULL, NULL, 'joint-inspection', 0, 0, 0, NULL, NULL, NULL, NULL, NULL);
INSERT INTO `obo_section` VALUES ('SANITARY', 'Sanitary', NULL, NULL, NULL, 7, 0, NULL, 'trade-evaluation', 'joint-inspection', 1, 0, 0, NULL, NULL, NULL, NULL, NULL);
INSERT INTO `obo_section` VALUES ('SITE_VERIFICATION', 'Site Verification', NULL, NULL, NULL, 1, 1, NULL, 'trade-evaluation', NULL, 0, 0, 0, NULL, NULL, NULL, NULL, NULL);
INSERT INTO `obo_section` VALUES ('ZONING', 'Zoning', 'PROC', 'CPDO', 'CPDO', 0, 1, NULL, 'zoning-evaluation', 'joint-inspection', 0, 1, 1, 'Locational Clearance', NULL, NULL, NULL, 'locational_clearance');
COMMIT;

-- ----------------------------
-- Table structure for obo_variable
-- ----------------------------
DROP TABLE IF EXISTS `obo_variable`;
CREATE TABLE `obo_variable` (
  `objid` varchar(50) NOT NULL,
  `state` varchar(50) DEFAULT NULL,
  `name` varchar(50) DEFAULT NULL,
  `caption` varchar(255) DEFAULT NULL,
  `description` varchar(255) DEFAULT NULL,
  `datatype` varchar(100) DEFAULT NULL,
  `typeid` varchar(50) DEFAULT NULL,
  `category` varchar(255) DEFAULT NULL,
  `sortorder` smallint(3) DEFAULT NULL,
  `system` smallint(3) DEFAULT NULL,
  `arrayvalues` text,
  `unit` varchar(100) DEFAULT NULL,
  `sectionid` varchar(50) DEFAULT NULL,
  PRIMARY KEY (`objid`) USING BTREE,
  UNIQUE KEY `uix_obo_variable_name` (`name`) USING BTREE,
  KEY `fk_obo_section_variable` (`typeid`) USING BTREE,
  KEY `ix_state` (`state`) USING BTREE,
  KEY `ix_caption` (`caption`) USING BTREE,
  KEY `ix_datatype` (`datatype`) USING BTREE,
  KEY `ix_category` (`category`) USING BTREE,
  KEY `ix_sortorder` (`sortorder`) USING BTREE,
  KEY `ix_system` (`system`) USING BTREE,
  KEY `ix_unit` (`unit`) USING BTREE,
  KEY `obo_variable_sectionid` (`sectionid`),
  CONSTRAINT `obo_variable_ibfk_1` FOREIGN KEY (`typeid`) REFERENCES `obo_variable_type` (`objid`),
  CONSTRAINT `obo_variable_sectionid` FOREIGN KEY (`sectionid`) REFERENCES `obo_section` (`objid`)
) ENGINE=InnoDB DEFAULT CHARSET=utf8;

-- ----------------------------
-- Records of obo_variable
-- ----------------------------
BEGIN;
INSERT INTO `obo_variable` VALUES ('ACCESS_TO_PUBLIC_STREET', 'DRAFT', 'ACCESS_TO_PUBLIC_STREET', 'ACCESS TO PUBLIC STREET', NULL, 'decimal', 'architectural', 'C', 22, 0, NULL, 'UNIT', NULL);
INSERT INTO `obo_variable` VALUES ('ANTENNA_TOWER_COMMUNICATION', 'DRAFT', 'ANTENNA_TOWER_COMMUNICATION', 'ANTENNA TOWERS/MASTS OR OTHER STRUCTURES FOR COMMUNICATIONS TRANSMISSION', NULL, 'integer', 'electronic', 'G', 29, 0, NULL, 'STRUCTURE', NULL);
INSERT INTO `obo_variable` VALUES ('ATM_TICKETING', 'DRAFT', 'ATM_TICKETING', 'AUTOMATED TELLER MACHINES TICKETING', NULL, 'integer', 'electronic', 'C', 3, 0, NULL, 'unit', NULL);
INSERT INTO `obo_variable` VALUES ('AUDITORIUM', 'DRAFT', 'AUDITORIUM', 'AUDITORIUM', NULL, 'integer', 'electronic', 'F', 27, 0, NULL, 'LOCATION', NULL);
INSERT INTO `obo_variable` VALUES ('BALCONY_TERRACE', 'DRAFT', 'BALCONY_TERRACE', 'BALCONY, TERRACES, LANAI', NULL, 'decimal', 'J201', 'BALCONY,TERRACES AND LANAI', 0, 0, NULL, 'area in sq.meters', NULL);
INSERT INTO `obo_variable` VALUES ('BANK_AND_RECORD_VAULT', 'DRAFT', 'BANK_AND_RECORD_VAULT', 'BANK AND RECORD VAULT', NULL, 'decimal', 'J305', 'BANK AND RECORD VAULTS', 2, 0, NULL, 'volume in cu.meter', NULL);
INSERT INTO `obo_variable` VALUES ('BARRIER_CONTROL', 'DRAFT', 'BARRIER_CONTROL', 'BARRIER CONTROLS', NULL, 'integer', 'electronic', 'E', 17, 0, NULL, 'TERMINATION', NULL);
INSERT INTO `obo_variable` VALUES ('BAR_SINK', 'DRAFT', 'BAR_SINK', 'BAR SINK', NULL, 'integer', 'plumbing', 'SPECIAL', 19, 0, NULL, 'unit', NULL);
INSERT INTO `obo_variable` VALUES ('BATH_TUB', 'DRAFT', 'BATH_TUB', 'BATH TUB', NULL, 'integer', 'plumbing', 'SPECIAL', 12, 0, NULL, 'unit', NULL);
INSERT INTO `obo_variable` VALUES ('BIDET', 'DRAFT', 'BIDET', 'BIDET', NULL, 'integer', 'plumbing', 'SPECIAL', 15, 0, NULL, 'unit', NULL);
INSERT INTO `obo_variable` VALUES ('BOILER', 'DRAFT', 'BOILER', 'BOILER', NULL, 'decimal', 'mechanical', 'BOILERS', 30, 0, NULL, 'KW', NULL);
INSERT INTO `obo_variable` VALUES ('BROADCASTING_SYSTEM', 'DRAFT', 'BROADCASTING_SYSTEM', 'BROADCASTING SYSTEM', NULL, 'integer', 'electronic', 'B', 2, 0, NULL, 'LOCATION', NULL);
INSERT INTO `obo_variable` VALUES ('BUILDING_AUTOMATION_MANAGEMENT_SYSTEM', 'DRAFT', 'BUILDING_AUTOMATION_MANAGEMENT_SYSTEM', 'BUILDING AUTOMATION MANAGEMENT SYSTEMS', NULL, 'integer', 'electronic', 'E', 24, 0, NULL, 'TERMINATION', NULL);
INSERT INTO `obo_variable` VALUES ('CABLE_CAR', 'DRAFT', 'CABLE_CAR', 'CABLE CAR (KW)', NULL, 'decimal', 'mechanical', 'ESCALATORS AND MOVING WALKS', 15, 0, NULL, 'KW', NULL);
INSERT INTO `obo_variable` VALUES ('CABLE_CAR_LINEAL', 'DRAFT', 'CABLE_CAR_LINEAL', 'CABLE CAR LINEAL METER', NULL, 'decimal', 'mechanical', 'ESCALATORS AND MOVING WALKS', 15, 0, NULL, 'LM', NULL);
INSERT INTO `obo_variable` VALUES ('CAR_ELEVATOR', 'DRAFT', 'CAR_ELEVATOR', 'CAR ELEVATOR', NULL, 'integer', 'mechanical', 'ELEVATORS', 24, 0, NULL, 'unit', NULL);
INSERT INTO `obo_variable` VALUES ('CCTV', 'DRAFT', 'CCTV', 'CATV/MATV/CCTV AND OFF-AIR TELEVISION', NULL, 'integer', 'electronic', 'E', 21, 0, NULL, 'TERMINATION', NULL);
INSERT INTO `obo_variable` VALUES ('CENTRAILIZED_AIRCON', 'DRAFT', 'CENTRAILIZED_AIRCON', 'CENTRALIZED AIRCONDITION', NULL, 'decimal', 'mechanical', 'REFRIGERATION,AIR CONDITIONING AND MECHANICAL VENTILATION', 4, 0, NULL, 'TON', NULL);
INSERT INTO `obo_variable` VALUES ('CENTRALIZED_CLOCK_SYSTEM', 'DRAFT', 'CENTRALIZED_CLOCK_SYSTEM', 'CENTRALIZED_CLOCK_SYSTEM', NULL, 'integer', 'electronic', 'E', 25, 0, NULL, 'TERMINATION', NULL);
INSERT INTO `obo_variable` VALUES ('CHIMNEY', 'DRAFT', 'CHIMNEY', 'CHIMNEY', NULL, 'decimal', 'J202', NULL, 11, 0, NULL, 'height in meters', NULL);
INSERT INTO `obo_variable` VALUES ('COIN_CHANGER', 'DRAFT', 'COIN_CHANGER', 'COIN CHANGERS', NULL, 'integer', 'electronic', 'C', 6, 0, NULL, 'unit', NULL);
INSERT INTO `obo_variable` VALUES ('COLUMBARIUM', 'DRAFT', 'COLUMBARIUM', 'COLUMBARIUM', NULL, 'decimal', 'J303', 'CEMETERIES', 19, 0, NULL, 'area in sq.meters', NULL);
INSERT INTO `obo_variable` VALUES ('COMPRESSED_AIR_VACUUM', 'DRAFT', 'COMPRESSED_AIR_VACUUM', 'COMPRESSED AIR VACUUM INST. OR INDUSTRIAL GAS', NULL, 'integer', 'mechanical', 'OTHERS', 45, 0, NULL, 'OUTLET', NULL);
INSERT INTO `obo_variable` VALUES ('CONCRETE_FRAMING', 'DRAFT', 'CONCRETE_FRAMING', 'CONCRETE FRAMING', NULL, 'boolean', 'civil_structural', NULL, 7, 0, NULL, 'unit', NULL);
INSERT INTO `obo_variable` VALUES ('CONCRETE_OR_STEEL_TANK', 'DRAFT', 'CONCRETE_OR_STEEL_TANK', 'REINFORCED CONCRETE OR STEEL TANK', NULL, 'decimal', 'J205', NULL, 20, 0, NULL, 'volume in cu.meter', NULL);
INSERT INTO `obo_variable` VALUES ('CONCRETE_OR_STEEL_TANK_UNDERGROUND', 'DRAFT', 'CONCRETE_OR_STEEL_TANK_UNDERGROUND', 'CONCRETE OR STEEL TANK (UNDERGROUND)', NULL, 'decimal', 'J205', NULL, 21, 0, NULL, 'volume in cu.meter', NULL);
INSERT INTO `obo_variable` VALUES ('CONSTRUCTION_ELEVATOR', 'DRAFT', 'CONSTRUCTION_ELEVATOR', 'CONSTRUCTION ELEVATOR (FOR MATERIALS)', NULL, 'integer', 'mechanical', 'ELEVATORS', 21, 0, NULL, 'unit', NULL);
INSERT INTO `obo_variable` VALUES ('CORRIDORS', 'DRAFT', 'CORRIDORS', 'CORRIDORS', NULL, 'boolean', 'architectural', 'A', 3, 0, NULL, 'UNIT', NULL);
INSERT INTO `obo_variable` VALUES ('DENTAL_CUSPIDOR', 'DRAFT', 'DENTAL_CUSPIDOR', 'DENTAL CUSPIDOR', NULL, 'integer', 'plumbing', 'SPECIAL', 16, 0, NULL, 'unit', NULL);
INSERT INTO `obo_variable` VALUES ('DIESEL_GASOLINE_ENGINE', 'DRAFT', 'DIESEL_GASOLINE_ENGINE', 'DIESEL/GASOLINE ENGINE', NULL, 'decimal', 'mechanical', 'OTHERS', 44, 0, NULL, 'KW', NULL);
INSERT INTO `obo_variable` VALUES ('DISTANCE_TO_FIRE_EXITS', 'DRAFT', 'DISTANCE_TO_FIRE_EXITS', 'DISTANCE TO FIRE EXITS', NULL, 'decimal', 'architectural', 'C', 21, 0, NULL, 'UNIT', NULL);
INSERT INTO `obo_variable` VALUES ('DOORS_ENTRANCE_THRESHOLDS', 'DRAFT', 'DOORS_ENTRANCE_THRESHOLDS', 'DOORS, ENTRANCES AND THRESHOLDS', NULL, 'boolean', 'architectural', 'A', 4, 0, NULL, 'UNIT', NULL);
INSERT INTO `obo_variable` VALUES ('DRINKING_FOUNTAIN', 'DRAFT', 'DRINKING_FOUNTAIN', 'DRINKING FOUNTAIN', NULL, 'integer', 'plumbing', 'SPECIAL', 18, 0, NULL, 'unit', NULL);
INSERT INTO `obo_variable` VALUES ('DRINKING_FOUNTAINS', 'DRAFT', 'DRINKING_FOUNTAINS', 'DRINKING FOUNTAINS', NULL, 'boolean', 'architectural', 'A', 13, 0, NULL, 'UNIT', NULL);
INSERT INTO `obo_variable` VALUES ('DUMBWAITER', 'DRAFT', 'DUMBWAITER', 'DUMBWAITER', NULL, 'integer', 'mechanical', 'ELEVATORS', 20, 0, NULL, 'unit', NULL);
INSERT INTO `obo_variable` VALUES ('ELECTRIC_METER', 'DRAFT', 'ELECTRIC_METER', 'ELECTRIC METER', NULL, 'integer', 'electrical', 'MISCELLANEOUS', 6, 0, NULL, 'unit', NULL);
INSERT INTO `obo_variable` VALUES ('ELECTRONIC_CONVEYANCE_SYSTEM', 'DRAFT', 'ELECTRONIC_CONVEYANCE_SYSTEM', 'ELECTRONICALLY-CONTROLLED CONVEYENCE SYSTEMS', NULL, 'integer', 'electronic', 'E', 22, 0, NULL, 'TERMINATION', NULL);
INSERT INTO `obo_variable` VALUES ('ELECTRONIC_FIRE_ALARM_SYSTEM', 'DRAFT', 'ELECTRONIC_FIRE_ALARM_SYSTEM', 'ELECTRONIC FIRE ALARM', NULL, 'integer', 'electronic', 'E', 19, 0, NULL, 'TERMINATION', NULL);
INSERT INTO `obo_variable` VALUES ('ELECTRONIC_POLE', 'DRAFT', 'ELECTRONIC_POLE', 'POLES', NULL, 'integer', 'electronic', 'I', 31, 0, NULL, 'POLE', NULL);
INSERT INTO `obo_variable` VALUES ('ELECTRONIC_POLE_ATTACHMENT', 'DRAFT', 'ELECTRONIC_POLE_ATTACHMENT', 'POLE ATTACHMENT', NULL, 'integer', 'electronic', 'I', 32, 0, NULL, 'ATTACHMENT', NULL);
INSERT INTO `obo_variable` VALUES ('ELECTRONIC_PROCESS_CONTROL_SYSTEM', 'DRAFT', 'ELECTRONIC_PROCESS_CONTROL_SYSTEM', 'ELECTRONIC PROCESS CONTROL SYSTEM', NULL, 'integer', 'electronic', 'E', 23, 0, NULL, 'TERMINATION', NULL);
INSERT INTO `obo_variable` VALUES ('ELECTRONIC_SIGNAGE', 'DRAFT', 'ELECTRONIC_SIGNAGE', 'ELECTRONIC INDOOR AND OUTDOOR SIGNAGES AND DISPLAY SYSTEMS', NULL, 'integer', 'electronic', 'H', 30, 0, NULL, 'unit', NULL);
INSERT INTO `obo_variable` VALUES ('EMERGENCY_LIGHTS', 'DRAFT', 'EMERGENCY_LIGHTS', 'EMERGENCY LIGHTS', NULL, 'integer', 'architectural', 'C', 26, 0, NULL, 'UNIT', NULL);
INSERT INTO `obo_variable` VALUES ('ENCROACHMENT_FOOTING', 'DRAFT', 'ENCROACHMENT_FOOTING', 'ENCROACHMENT OF FOOTINGS OR FOUNDATIONS OF BLDGS', NULL, 'decimal', 'ground_prep_excavation', NULL, 5, 0, NULL, 'area in sq.meters', NULL);
INSERT INTO `obo_variable` VALUES ('ENGINE_NON_LTO', 'DRAFT', 'ENGINE_NON_LTO', 'OTHER INTERNAL COMBUSTION ENGINE (CRANE, FORKLIFT,ETC)', NULL, 'decimal', 'mechanical', 'OTHERS', 48, 0, NULL, 'KW', NULL);
INSERT INTO `obo_variable` VALUES ('ERECTION', 'DRAFT', 'ERECTION', 'ERECTION/LIFTING', NULL, 'boolean', 'civil_structural', NULL, 6, 0, NULL, 'unit', NULL);
INSERT INTO `obo_variable` VALUES ('ESCALATOR', 'DRAFT', 'ESCALATOR', 'ESCALATOR AND MOVING WALK (KW)', NULL, 'decimal', 'mechanical', 'ESCALATORS AND MOVING WALKS', 10, 0, NULL, 'KW', NULL);
INSERT INTO `obo_variable` VALUES ('ESCALATOR_LINEAL', 'DRAFT', 'ESCALATOR_LINEAL', 'ESCALATOR AND MOVING WALK (LINEAL METER)', NULL, 'decimal', 'mechanical', 'ESCALATORS AND MOVING WALKS', 11, 0, NULL, 'LM', NULL);
INSERT INTO `obo_variable` VALUES ('EXCAVATION', 'DRAFT', 'EXCAVATION', 'EXCAVATION', NULL, 'decimal', 'civil_structural', NULL, 2, 0, NULL, 'volume in cu.meter', NULL);
INSERT INTO `obo_variable` VALUES ('EXCAVATION_BASEMENT', 'DRAFT', 'EXCAVATION_BASEMENT', 'EXCAVATION FOR FOUNDATION WITH BASEMENT', NULL, 'decimal', 'accessories', 'GROUND PREPARATION AND EXCAVATION', 3, 0, NULL, 'volume in cu.meter', NULL);
INSERT INTO `obo_variable` VALUES ('EXCAVATION_NON_BASEMENT', 'DRAFT', 'EXCAVATION_NON_BASEMENT', 'EXCAVATION OTHER THAN FOUNDATION OR BASEMENT', NULL, 'decimal', 'accessories', 'GROUND PREPARATION AND EXCAVATION', 4, 0, NULL, 'volume in cu.meter', NULL);
INSERT INTO `obo_variable` VALUES ('FAUCET', 'DRAFT', 'FAUCET', 'FAUCET', NULL, 'integer', 'plumbing', 'GENERAL', 6, 0, NULL, 'unit', NULL);
INSERT INTO `obo_variable` VALUES ('FENCE_MADE_OF_INDIGENOUS_MATERIAL', 'DRAFT', 'FENCE_MADE_OF_INDIGENOUS_MATERIAL', 'FENCE MADE OF INDIGENOUS MATERIAL,BARBED,CHICKEN OR HOG WIRE', NULL, 'decimal', 'fencing', 'FENCING', 3, 0, NULL, 'LM', NULL);
INSERT INTO `obo_variable` VALUES ('FENCE_MADE_OF_MASONRY_METAL_UPTO_1_8_M', 'DRAFT', 'FENCE_MADE_OF_MASONRY_METAL_UPTO_1_8_M', 'FENCE MADE OF MASONRY OR METAL UP TO 1.8 METER IN HEIGHT', NULL, 'decimal', 'fencing', 'FENCING', 1, 0, NULL, 'LM', NULL);
INSERT INTO `obo_variable` VALUES ('FENCE_MADE_OF_MASONRY_OR_METAL_ABOVE_1_8_M', 'DRAFT', 'FENCE_MADE_OF_MASONRY_OR_METAL_ABOVE_1_8_M', 'FENCE MADE OF MASONRY OR METAL MORE THAN 1.8 METER IN HEIGHT', NULL, 'decimal', 'fencing', 'FENCING', 2, 0, NULL, 'LNM', NULL);
INSERT INTO `obo_variable` VALUES ('FIREWALL', 'DRAFT', 'FIREWALL', 'FIREWALL (SEPARATE FROM BUILDING)', NULL, 'decimal', 'fencing', 'FENCING', 6, 0, NULL, 'area in sq.meters', NULL);
INSERT INTO `obo_variable` VALUES ('FIRE_FIGHTING_AND_SAFETY_FACILITIES', 'DRAFT', 'FIRE_FIGHTING_AND_SAFETY_FACILITIES', 'FIRE FIGHTING AND SAFETY FACILITIES', NULL, 'integer', 'architectural', 'C', 24, 0, NULL, 'UNIT', NULL);
INSERT INTO `obo_variable` VALUES ('FIRE_SPRINKLER', 'DRAFT', 'FIRE_SPRINKLER', 'AUTOMATIC FIRE SPRINKLER', NULL, 'integer', 'mechanical', 'OTHERS', 43, 0, NULL, 'HEAD', NULL);
INSERT INTO `obo_variable` VALUES ('FIRE_WALLS', 'DRAFT', 'FIRE_WALLS', 'FIRE WALLS', NULL, 'integer', 'architectural', 'C', 23, 0, NULL, 'UNIT', NULL);
INSERT INTO `obo_variable` VALUES ('FIXED_OVEN', 'DRAFT', 'FIXED_OVEN', 'COMMERCIAL/INDUSTRIAL FIXED OVEN', NULL, 'decimal', 'J202', 'OVEN', 12, 0, NULL, 'area in sq.meters', NULL);
INSERT INTO `obo_variable` VALUES ('FIXED_TYPE_STERILIZER', 'DRAFT', 'FIXED_TYPE_STERILIZER', 'FIXED TYPE STERILIZER', NULL, 'integer', 'plumbing', 'SPECIAL', 22, 0, NULL, 'unit', NULL);
INSERT INTO `obo_variable` VALUES ('FLOOR_DRAIN', 'DRAFT', 'FLOOR_DRAIN', 'FLOOR DRAIN', NULL, 'integer', 'plumbing', 'GENERAL', 3, 0, NULL, 'unit', NULL);
INSERT INTO `obo_variable` VALUES ('FLOOR_FINISHES', 'DRAFT', 'FLOOR_FINISHES', 'FLOOR FINISHES', NULL, 'boolean', 'architectural', 'A', 12, 0, NULL, 'UNIT', NULL);
INSERT INTO `obo_variable` VALUES ('FOUNDATION', 'DRAFT', 'FOUNDATION', 'FOUNDATION', NULL, 'boolean', 'civil_structural', NULL, 5, 0, NULL, 'unit', NULL);
INSERT INTO `obo_variable` VALUES ('FREIGHT_ELEVATOR', 'DRAFT', 'FREIGHT_ELEVATOR', 'FREIGHT ELEVATOR', NULL, 'integer', 'mechanical', 'ELEVATORS', 23, 0, NULL, 'unit', NULL);
INSERT INTO `obo_variable` VALUES ('FUNICULAR', 'DRAFT', 'FUNICULAR', 'FUNICULAR (KW)', NULL, 'decimal', 'mechanical', 'ESCALATORS AND MOVING WALKS', 14, 0, NULL, 'KW', NULL);
INSERT INTO `obo_variable` VALUES ('FUNICULAR_LINEAL', 'DRAFT', 'FUNICULAR_LINEAL', 'FUNICULAR (LINEAL METER)', NULL, 'decimal', 'mechanical', 'ESCALATORS AND MOVING WALS', 14, 0, NULL, 'LM', NULL);
INSERT INTO `obo_variable` VALUES ('GARAGE_TRAP', 'DRAFT', 'GARAGE_TRAP', 'GARAGE TRAP', NULL, 'integer', 'plumbing', 'SPECIAL', 14, 0, NULL, 'unit', NULL);
INSERT INTO `obo_variable` VALUES ('GAS_FIRED_WATER_HEATER', 'DRAFT', 'GAS_FIRED_WATER_HEATER', 'GAS FIRED WATER HEATER', NULL, 'integer', 'plumbing', 'SPECIAL', 17, 0, NULL, 'unit', NULL);
INSERT INTO `obo_variable` VALUES ('GAS_METER', 'DRAFT', 'GAS_METER', 'GAS METER', NULL, 'integer', 'mechanical', 'OTHERS', 50, 0, NULL, 'unit', NULL);
INSERT INTO `obo_variable` VALUES ('GREASE_TRAP', 'DRAFT', 'GREASE_TRAP', 'GREASE TRAP', NULL, 'integer', 'plumbing', 'SPECIAL', 13, 0, NULL, 'unit', NULL);
INSERT INTO `obo_variable` VALUES ('GUYING_ATTACHMENT', 'DRAFT', 'GUYING_ATTACHMENT', 'GUYING ATTACHMENT', NULL, 'integer', 'electrical', 'POLE/ATTACHMENT LOCATION PLAN PERMIT', 5, 0, NULL, 'ATTACHMENT', NULL);
INSERT INTO `obo_variable` VALUES ('HANDRAILS', 'DRAFT', 'HANDRAILS', 'HANDRAILS', NULL, 'boolean', 'architectural', 'A', 10, 0, NULL, 'UNIT', NULL);
INSERT INTO `obo_variable` VALUES ('HYDRO_NUCLEAR_SOLAR_GEN_UNIT', 'DRAFT', 'HYDRO_NUCLEAR_SOLAR_GEN_UNIT', 'HYDRO NUCLEAR OR SOLAR GENERATING UNIT', NULL, 'decimal', 'mechanical', 'OTHERS', 44, 0, NULL, 'KW', NULL);
INSERT INTO `obo_variable` VALUES ('ICE_PLANT', 'DRAFT', 'ICE_PLANT', 'ICE PLANT', NULL, 'decimal', 'mechanical', 'REFRIGERATION,AIR CONDITIONING AND MECHANICAL VENTILATION', 2, 0, NULL, 'TON', NULL);
INSERT INTO `obo_variable` VALUES ('ILLUMINATED_ADVERTISING_SIGN', 'DRAFT', 'ILLUMINATED_ADVERTISING_SIGN', 'ILLUMINATED ADVERTISING SIGN', NULL, 'decimal', 'sign', 'SIGNAGE', 4, 0, NULL, 'area in sq.meters', NULL);
INSERT INTO `obo_variable` VALUES ('ILLUMINATED_BUSINESS_SIGN', 'DRAFT', 'ILLUMINATED_BUSINESS_SIGN', 'ILLUMINATED BUSINESS SIGN', NULL, 'decimal', 'sign', 'SIGNAGE', 3, 0, NULL, 'area in sq.meters', NULL);
INSERT INTO `obo_variable` VALUES ('INFORMATION_TECHNOLOGY_SYSTEM', 'DRAFT', 'INFORMATION_TECHNOLOGY_SYSTEM', 'INFORMATION TECHNOLOGY SYSTEM (WORKSTATION,SERVER,ROUTER)', NULL, 'integer', 'electronic', 'D', 12, 0, NULL, 'OUTLET', NULL);
INSERT INTO `obo_variable` VALUES ('KILN_FURNACE', 'DRAFT', 'KILN_FURNACE', 'INDUSTRIAL KILN/FURNACE', NULL, 'decimal', 'J202', 'OVEN', 13, 0, NULL, 'volume in cu.meter', NULL);
INSERT INTO `obo_variable` VALUES ('KITCHEN_SINK', 'DRAFT', 'KITCHEN_SINK', 'KITCHEN SINK', NULL, 'integer', 'plumbing', 'GENERAL', 10, 0, NULL, 'unit', NULL);
INSERT INTO `obo_variable` VALUES ('LAB_SINK', 'DRAFT', 'LAB_SINK', 'LABORATORY SINK', NULL, 'integer', 'plumbing', 'SPECIAL', 21, 0, NULL, 'unit', NULL);
INSERT INTO `obo_variable` VALUES ('LAUNDRY_SINK', 'DRAFT', 'LAUNDRY_SINK', 'LAUNDRY SINK', NULL, 'integer', 'plumbing', 'SPECIAL', 20, 0, NULL, 'unit', NULL);
INSERT INTO `obo_variable` VALUES ('LAUNDRY_TRAY', 'DRAFT', 'LAUNDRY_TRAY', 'LAUNDRY TRAY', NULL, 'integer', 'plumbing', 'SPECIAL', 20, 0, NULL, 'unit', NULL);
INSERT INTO `obo_variable` VALUES ('LAVATORY', 'DRAFT', 'LAVATORY', 'LAVATORY', NULL, 'integer', 'plumbing', 'GENERAL', 5, 0, NULL, 'unit', NULL);
INSERT INTO `obo_variable` VALUES ('LIFTS_ELEVATORS', 'DRAFT', 'LIFTS_ELEVATORS', 'LIFTS / ELEVATORS', NULL, 'boolean', 'architectural', 'A', 6, 0, NULL, 'UNIT', NULL);
INSERT INTO `obo_variable` VALUES ('LIGHTING_CONTROL', 'DRAFT', 'LIGHTING_CONTROL', 'LIGHTING CONTROLS', NULL, 'integer', 'electronic', 'E', 14, 0, NULL, 'TERMINATION', NULL);
INSERT INTO `obo_variable` VALUES ('LOCATION_FINDING_SYSTEM', 'DRAFT', 'LOCATION_FINDING_SYSTEM', 'LOCATION OR DIRECTION-FINDING SYSTEMS', NULL, 'integer', 'electronic', 'C', 7, 0, NULL, 'unit', NULL);
INSERT INTO `obo_variable` VALUES ('MATERIAL_TESTING', 'DRAFT', 'MATERIAL_TESTING', 'MATERIAL TESTING', NULL, 'boolean', 'civil_structural', NULL, 12, 0, NULL, 'unit', NULL);
INSERT INTO `obo_variable` VALUES ('MECHANICAL_VENTILATION', 'DRAFT', 'MECHANICAL_VENTILATION', 'MECHANICAL VENTILATION (BLOWER, FAN)', NULL, 'decimal', 'mechanical', 'REFRIGERATION,AIR CONDITIONING AND MECHANICAL VENTILATION', 6, 0, NULL, 'KW', NULL);
INSERT INTO `obo_variable` VALUES ('MEDICAL_ELECTRONIC_EQUIPMENT', 'DRAFT', 'MEDICAL_ELECTRONIC_EQUIPMENT', 'ELECTRONIC EQUIPMENT USED FOR MEDICAL (ULTRASOUND AND LAB TESTING) ', NULL, 'integer', 'electronic', 'C', 11, 0, NULL, 'unit', NULL);
INSERT INTO `obo_variable` VALUES ('MOVING_WALK', 'DRAFT', 'MOVING_WALK', 'MOVING WALK', NULL, 'decimal', 'mechanical', 'ESCALATORS AND MOVING WALKS', 12, 0, NULL, 'KW', NULL);
INSERT INTO `obo_variable` VALUES ('MOVING_WALK_20LM', 'DRAFT', 'MOVING_WALK_20LM', 'MOVING WALK (20 LINEAL METERS OR LESS)', NULL, 'decimal', 'mechanical', 'ESCALATORS AND MOVING WALKS', 13, 0, NULL, 'KW', NULL);
INSERT INTO `obo_variable` VALUES ('NAVIGATIONAL_EQUIPMENT', 'DRAFT', 'NAVIGATIONAL_EQUIPMENT', 'NAVIGATIONAL EQUIPMENT USED FOR LAND,AERONAUTICAL OR MARITIME APPLICATIONS', NULL, 'integer', 'electronic', 'C', 8, 0, NULL, 'unit', NULL);
INSERT INTO `obo_variable` VALUES ('NEON_ADVERTISING_SIGN', 'DRAFT', 'NEON_ADVERTISING_SIGN', 'NEON ADVERTISING SIGN', NULL, 'decimal', 'sign', 'SIGNAGE', 2, 0, NULL, 'area in sq.meters', NULL);
INSERT INTO `obo_variable` VALUES ('NEON_BUSINESS_SIGN', 'DRAFT', 'NEON_BUSINESS_SIGN', 'NEON BUSINESS SIGN', NULL, 'decimal', 'sign', 'SIGNAGE', 1, 0, NULL, 'area in sq.meters', NULL);
INSERT INTO `obo_variable` VALUES ('NUMBER_AND_WIDTH_OF_EXIT_DOORS', 'DRAFT', 'NUMBER_AND_WIDTH_OF_EXIT_DOORS', 'NUMBER AND WIDTH OF EXIT DOORS', NULL, 'integer', 'architectural', 'C', 19, 0, NULL, 'UNIT', NULL);
INSERT INTO `obo_variable` VALUES ('OTHER_ADVERTISING_SIGN', 'DRAFT', 'OTHER_ADVERTISING_SIGN', 'OTHER ADVERTISING SIGN', NULL, 'decimal', 'sign', 'SIGNAGE', 8, 0, NULL, 'area in sq.meters', NULL);
INSERT INTO `obo_variable` VALUES ('OTHER_BUSINESS_SIGN', 'DRAFT', 'OTHER_BUSINESS_SIGN', 'OTHER BUSINESS SIGN', NULL, 'decimal', 'sign', 'SIGNAGE', 7, 0, NULL, 'area in sq.meters', NULL);
INSERT INTO `obo_variable` VALUES ('OTHER_ELECTRONIC_EQUIPMENT', 'DRAFT', 'OTHER_ELECTRONIC_EQUIPMENT', 'OTHER TYPES OR ELECTRONICS OR ELECTRONICALLY-CONTROLLED EQUIPMENT', NULL, 'integer', 'electronic', 'J', 33, 0, NULL, 'unit', NULL);
INSERT INTO `obo_variable` VALUES ('OTHER_MACHINERY_EQUIPMENT', 'DRAFT', 'OTHER_MACHINERY_EQUIPMENT', 'OTHER MACHINERY/EQUIPMENT', NULL, 'decimal', 'mechanical', 'OTHERS', 50, 0, NULL, 'volume in cu.meter', NULL);
INSERT INTO `obo_variable` VALUES ('PACKAGED_SPLIT_TYPE_AIRCON', 'DRAFT', 'PACKAGED_SPLIT_TYPE_AIRCON', 'PACKAGED/SPLIT TYPE AIRCONDITIONG', NULL, 'decimal', 'mechanical', 'REFRIGERATION,AIR CONDITIONING AND MECHANICAL VENTILATION', 3, 0, NULL, 'TON', NULL);
INSERT INTO `obo_variable` VALUES ('PAINTEDON_ADVERTISING_SIGN', 'DRAFT', 'PAINTEDON_ADVERTISING_SIGN', 'PAINTED-ON ADVERTISING SIGN', NULL, 'decimal', 'sign', 'SIGNAGE', 6, 0, NULL, 'area in sq.meters', NULL);
INSERT INTO `obo_variable` VALUES ('PAINTEDON_BUSINESS_SIGN', 'DRAFT', 'PAINTEDON_BUSINESS_SIGN', 'PAINTED-ON BUSINESS SIGN', NULL, 'decimal', 'sign', 'SIGNAGE', 5, 0, NULL, 'area in sq.meters', NULL);
INSERT INTO `obo_variable` VALUES ('PARKING_AREAS', 'DRAFT', 'PARKING_AREAS', 'PARKING AREAS', NULL, 'integer', 'architectural', 'A', 8, 0, NULL, 'SLOTS', NULL);
INSERT INTO `obo_variable` VALUES ('PARKING_MANAGEMENT_SYSTEM', 'DRAFT', 'PARKING_MANAGEMENT_SYSTEM', 'PARKING MANAGEMENT SYSTEM', NULL, 'integer', 'electronic', 'E', 16, 0, NULL, 'TERMINATION', NULL);
INSERT INTO `obo_variable` VALUES ('PASSENGER_ELEVATOR', 'DRAFT', 'PASSENGER_ELEVATOR', 'PASSENGER ELEVATOR', NULL, 'integer', 'mechanical', 'ELEVATORS', 22, 0, NULL, 'unit', NULL);
INSERT INTO `obo_variable` VALUES ('PERCENTAGE_BUILDING_FOOTPRINT', 'DRAFT', 'PERCENTAGE_BUILDING_FOOTPRINT', 'PERCENTAGE OF BUILDING FOOTPRINT', NULL, 'decimal', 'architectural', 'B', 16, 0, NULL, '%', NULL);
INSERT INTO `obo_variable` VALUES ('PERCENTAGE_IMPERVIOUS_SURFACE_AREA', 'DRAFT', 'PERCENTAGE_IMPERVIOUS_SURFACE_AREA', 'PERCENTAGE OF IMPERVIOUS SURFACE AREA', NULL, 'decimal', 'architectural', 'B', 17, 0, NULL, '%', NULL);
INSERT INTO `obo_variable` VALUES ('PERCENTAGE_UNPAVED_SURFACE_AREA', 'DRAFT', 'PERCENTAGE_UNPAVED_SURFACE_AREA', 'PERCENTAGE OF UNPAVED SURFACE AREA', NULL, 'decimal', 'architectural', 'B', 18, 0, NULL, '%', NULL);
INSERT INTO `obo_variable` VALUES ('PHOTO_REPRODUCTION_MACHINE', 'DRAFT', 'PHOTO_REPRODUCTION_MACHINE', 'PHOTOGRAPHY AND REPRODUCTION MACHINES', NULL, 'integer', 'electronic', 'C', 9, 0, NULL, 'unit', NULL);
INSERT INTO `obo_variable` VALUES ('PILING_WORKS', 'DRAFT', 'PILING_WORKS', 'PILING WORKS', NULL, 'boolean', 'civil_structural', NULL, 4, 0, NULL, 'unit', NULL);
INSERT INTO `obo_variable` VALUES ('PNEUMATIC_TUBE_CONVEYOR_MONORAIL', 'DRAFT', 'PNEUMATIC_TUBE_CONVEYOR_MONORAIL', 'PNEUMATIC TUBES, CONVEYORS AND MONORAILS', NULL, 'decimal', 'mechanical', 'OTHERS', 51, 0, NULL, 'LM', NULL);
INSERT INTO `obo_variable` VALUES ('POWER_PIPING_CUBIC', 'DRAFT', 'POWER_PIPING_CUBIC', 'POWER PIPING (CUBIC)', NULL, 'decimal', 'mechanical', 'OTHERS', 47, 0, NULL, 'volume in cu.meter', NULL);
INSERT INTO `obo_variable` VALUES ('POWER_PIPING_LINEAL', 'DRAFT', 'POWER_PIPING_LINEAL', 'POWER PIPING (LINEAL METER)', NULL, 'decimal', 'mechanical', 'OTHERS', 46, 0, NULL, 'LM', NULL);
INSERT INTO `obo_variable` VALUES ('POWER_SUPPLY_POLE_LOCATION', 'DRAFT', 'POWER_SUPPLY_POLE_LOCATION', 'POWER SUPPLY POLE LOCATION', NULL, 'integer', 'electrical', 'POLE/ATTACHMENT LOCATION PLAN PERMIT', 4, 0, NULL, 'POLE', NULL);
INSERT INTO `obo_variable` VALUES ('PRESSURE_VESSEL', 'DRAFT', 'PRESSURE_VESSEL', 'PRESSURE VESSEL', NULL, 'decimal', 'mechanical', 'OTHERS', 49, 0, NULL, 'volume in cu.meter', NULL);
INSERT INTO `obo_variable` VALUES ('PRESSURIZED_WATER_HEATER', 'DRAFT', 'PRESSURIZED_WATER_HEATER', 'PRESSURIZED WATER HEATER', NULL, 'integer', 'mechanical', 'OTHERS', 40, 0, NULL, 'unit', NULL);
INSERT INTO `obo_variable` VALUES ('PRESTRESS_WORKS', 'DRAFT', 'PRESTRESS_WORKS', 'PRESTRESS WORKS', NULL, 'boolean', 'civil_structural', NULL, 11, 0, NULL, 'unit', NULL);
INSERT INTO `obo_variable` VALUES ('PUBLIC_TELEPHONES', 'DRAFT', 'PUBLIC_TELEPHONES', 'PUBLIC TELEPHONES', NULL, 'boolean', 'architectural', 'A', 14, 0, NULL, 'UNIT', NULL);
INSERT INTO `obo_variable` VALUES ('PUMP', 'DRAFT', 'PUMP', 'PUMP', NULL, 'decimal', 'mechanical', 'OTHERS', 42, 0, NULL, 'KW', NULL);
INSERT INTO `obo_variable` VALUES ('RAMPS', 'DRAFT', 'RAMPS', 'RAMPS', NULL, 'integer', 'architectural', 'A', 7, 0, NULL, 'SLOTS', NULL);
INSERT INTO `obo_variable` VALUES ('REFRIGERATION', 'DRAFT', 'REFRIGERATION', 'REFRIGERATION (COLD STORAGE)', NULL, 'decimal', 'mechanical', 'REFRIGERATION,AIR CONDITIONING AND MECHANICAL VENTILATION', 1, 0, NULL, 'TON', NULL);
INSERT INTO `obo_variable` VALUES ('SCAFFOLDING', 'DRAFT', 'SCAFFOLDING', 'SCAFFOLDING', NULL, 'decimal', 'scaffolding', 'SCAFFOLDING', 1, 0, NULL, 'LM', NULL);
INSERT INTO `obo_variable` VALUES ('SEATING_ACCOMODATIONS', 'DRAFT', 'SEATING_ACCOMODATIONS', 'SEATING ACCOMODATIONS', NULL, 'boolean', 'architectural', 'A', 15, 0, NULL, 'UNIT', NULL);
INSERT INTO `obo_variable` VALUES ('SECURITY_ALARM_SYSTEM', 'DRAFT', 'SECURITY_ALARM_SYSTEM', 'SECURITY AND ALARM SYSTEMS', NULL, 'integer', 'electronic', 'E', 13, 0, NULL, 'TERMINATION', NULL);
INSERT INTO `obo_variable` VALUES ('SEMI_ENCLOSED_MAUSOLEUM', 'DRAFT', 'SEMI_ENCLOSED_MAUSOLEUM', 'SEMI-ENCLOSED MAUSOLEUM', 'Canopied or not, per sqm of built up area', 'decimal', 'J303', 'CEMETERIES', 17, 0, NULL, 'area in sq.meters', NULL);
INSERT INTO `obo_variable` VALUES ('SEPTIC_TANK', 'DRAFT', 'SEPTIC_TANK', 'SEPTIC TANK', NULL, 'decimal', 'plumbing', 'OTHERS', 40, 0, NULL, 'volume in cu.meter', NULL);
INSERT INTO `obo_variable` VALUES ('SEWAGE_PUMP', 'DRAFT', 'SEWAGE_PUMP', 'SEWAGE PUMP', NULL, 'decimal', 'mechanical', 'OTHERS', 41, 0, NULL, 'KW', NULL);
INSERT INTO `obo_variable` VALUES ('SHOWER_HEAD', 'DRAFT', 'SHOWER_HEAD', 'SHOWER HEAD', NULL, 'integer', 'plumbing', 'GENERAL', 7, 0, NULL, 'unit', NULL);
INSERT INTO `obo_variable` VALUES ('SIGNAGE_ERECTION_AND_ANCHORAGE_OF_DISPLAY_SURFACE', 'DRAFT', 'SIGNAGE_ERECTION_AND_ANCHORAGE_OF_DISPLAY_SURFACE', 'ERECTION AND ANCHORAGE OF DISPLAY SURFACE', NULL, 'decimal', 'sign', NULL, 0, 0, NULL, 'area in sq.meters', NULL);
INSERT INTO `obo_variable` VALUES ('SIGNAL_LIGHT', 'DRAFT', 'SIGNAL_LIGHT', 'SIGNAL LIGHTS', NULL, 'integer', 'electronic', 'E', 18, 0, NULL, 'TERMINATION', NULL);
INSERT INTO `obo_variable` VALUES ('SINK', 'DRAFT', 'SINK', 'SINK', NULL, 'integer', 'plumbing', 'GENERAL', 4, 0, NULL, 'unit', NULL);
INSERT INTO `obo_variable` VALUES ('SLABS', 'DRAFT', 'SLABS', 'SLABS', NULL, 'boolean', 'civil_structural', NULL, 9, 0, NULL, 'unit', NULL);
INSERT INTO `obo_variable` VALUES ('SLOP_SINK', 'DRAFT', 'SLOP_SINK', 'SLOP SINK', NULL, 'integer', 'plumbing', 'SPECIAL', 10, 0, NULL, 'unit', NULL);
INSERT INTO `obo_variable` VALUES ('SMOKESTACK', 'DRAFT', 'SMOKESTACK', 'SMOKESTACK', NULL, 'decimal', 'J202', NULL, 10, 0, NULL, 'height in meters', NULL);
INSERT INTO `obo_variable` VALUES ('SMOKE_DETECTORS', 'DRAFT', 'SMOKE_DETECTORS', 'SMOKE DETECTORS', NULL, 'integer', 'architectural', 'C', 25, 0, NULL, 'UNIT', NULL);
INSERT INTO `obo_variable` VALUES ('SODA_FOUNTAIN_SINK', 'DRAFT', 'SODA_FOUNTAIN_SINK', 'SODA FOUNTAIN SINK', NULL, 'integer', 'plumbing', 'SPECIAL', 19, 0, NULL, 'unit', NULL);
INSERT INTO `obo_variable` VALUES ('SOIL_STABILIZATION', 'DRAFT', 'SOIL_STABILIZATION', 'SOIL STABILIZATION', NULL, 'boolean', 'civil_structural', NULL, 3, 0, NULL, 'unit', NULL);
INSERT INTO `obo_variable` VALUES ('SOUND_COMMUNICATION_SYSTEM', 'DRAFT', 'SOUND_COMMUNICATION_SYSTEM', 'SOUND COMMUNICATION SYSTEMS', NULL, 'integer', 'electronic', 'E', 20, 0, NULL, 'TERMINATION', NULL);
INSERT INTO `obo_variable` VALUES ('STAIRS', 'DRAFT', 'STAIRS', 'STAIRS', NULL, 'boolean', 'architectural', 'A', 1, 0, NULL, 'unit', NULL);
INSERT INTO `obo_variable` VALUES ('STAKING', 'DRAFT', 'STAKING', 'STAKING', NULL, 'boolean', 'civil_structural', NULL, 1, 0, NULL, 'unit', NULL);
INSERT INTO `obo_variable` VALUES ('STEAM_GAS_TURBINE_ENGINE', 'DRAFT', 'STEAM_GAS_TURBINE_ENGINE', 'STEAM/GAS TURBINE ENGINE', NULL, 'decimal', 'mechanical', 'OTHERS', 44, 0, NULL, 'KW', NULL);
INSERT INTO `obo_variable` VALUES ('STEEL_TOWER', 'DRAFT', 'STEEL_TOWER', 'STEEL TOWERS', NULL, 'boolean', 'civil_structural', NULL, 13, 0, NULL, 'unit', NULL);
INSERT INTO `obo_variable` VALUES ('STORAGE_SILO', 'DRAFT', 'STORAGE_SILO', 'STORAGE SILO', NULL, 'decimal', 'J101', NULL, 9, 0, NULL, 'height in meters', NULL);
INSERT INTO `obo_variable` VALUES ('STRUCTURAL_STEEL_FRAMING', 'DRAFT', 'STRUCTURAL_STEEL_FRAMING', 'STRUCTURAL STEEL FRAMING', NULL, 'boolean', 'civil_structural', NULL, 8, 0, NULL, 'unit', NULL);
INSERT INTO `obo_variable` VALUES ('STUDIO', 'DRAFT', 'STUDIO', 'STUDIOS (AUDIO,VIDEO PRODUCTION)', NULL, 'integer', 'electronic', 'F', 26, 0, NULL, 'LOCATION', NULL);
INSERT INTO `obo_variable` VALUES ('SURVEILLANCE_SYSTEM', 'DRAFT', 'SURVEILLANCE_SYSTEM', 'MONITORING AND SURVEILLLANCE SYSTEM', NULL, 'integer', 'electronic', 'E', 15, 0, NULL, 'TERMINATION', NULL);
INSERT INTO `obo_variable` VALUES ('SWIMMING_POOL', 'DRAFT', 'SWIMMING_POOL', 'SWIMMING POOL', NULL, 'decimal', 'J203', NULL, 3, 0, NULL, 'volume in cu.meter', NULL);
INSERT INTO `obo_variable` VALUES ('SWIMMING_POOL_SHOWER_LOCKER_ROOM', 'DRAFT', 'SWIMMING_POOL_SHOWER_LOCKER_ROOM', 'SWIMMING POOL SHOWER/LOCKER ROOM', NULL, 'integer', 'J203', NULL, 5, 0, NULL, 'unit', NULL);
INSERT INTO `obo_variable` VALUES ('SWIMMING_POOL_USING_INDIGENOUS_MATERIALS', 'DRAFT', 'SWIMMING_POOL_USING_INDIGENOUS_MATERIALS', 'SWIMMING POOL USING INDIGENOUS MATERIALS', NULL, 'decimal', 'J203', NULL, 4, 0, NULL, 'volume in cu.meter', NULL);
INSERT INTO `obo_variable` VALUES ('SWITCH_CONTROL_BUZZERS', 'DRAFT', 'SWITCH_CONTROL_BUZZERS', 'SWITCHES, CONTROLS, BUZZERS', NULL, 'boolean', 'architectural', 'A', 9, 0, NULL, 'UNIT', NULL);
INSERT INTO `obo_variable` VALUES ('TANKS', 'DRAFT', 'TANKS', 'TANKS', NULL, 'boolean', 'civil_structural', NULL, 14, 0, NULL, 'unit', NULL);
INSERT INTO `obo_variable` VALUES ('TELECOM_SYSTEM', 'DRAFT', 'TELECOM_SYSTEM', 'TELECOMMUNICATION SYSTEM', NULL, 'integer', 'electronic', 'A', 1, 0, NULL, 'PORT', NULL);
INSERT INTO `obo_variable` VALUES ('TELEPHONE_BOOTH', 'DRAFT', 'TELEPHONE_BOOTH', 'TELEPHONE BOOTHS / PAY PHONE', NULL, 'integer', 'electronic', 'C', 5, 0, NULL, 'unit', NULL);
INSERT INTO `obo_variable` VALUES ('THEATER', 'DRAFT', 'THEATER', 'THEATER', NULL, 'integer', 'electronic', 'F', 28, 0, NULL, 'LOCATION', NULL);
INSERT INTO `obo_variable` VALUES ('THRESHOLDS', 'DRAFT', 'THRESHOLDS', 'THRESHOLDS', NULL, 'boolean', 'architectural', 'A', 11, 0, NULL, 'UNIT', NULL);
INSERT INTO `obo_variable` VALUES ('TOMB', 'DRAFT', 'TOMB', 'TOMB', 'Area per covered ground', 'decimal', 'J303', 'CEMETERIES', 16, 0, NULL, 'area in sq.meters', NULL);
INSERT INTO `obo_variable` VALUES ('TOTALLY_ENCLOSED_MAUSOLEUM', 'DRAFT', 'TOTALLY_ENCLOSED_MAUSOLEUM', 'TOTALLY ENCLOSED MAUSOLEUM', NULL, 'decimal', 'J303', 'CEMETERIES', 18, 0, NULL, 'area in sq.meters', NULL);
INSERT INTO `obo_variable` VALUES ('TOTAL_CONNECTED_LOAD', 'DRAFT', 'TOTAL_CONNECTED_LOAD', 'TOTAL CONNECTED LOAD', NULL, 'decimal', 'electrical', 'GENERAL', 1, 0, NULL, 'KVA', NULL);
INSERT INTO `obo_variable` VALUES ('TOTAL_GENERATOR_UPS_CAPACITY', 'DRAFT', 'TOTAL_GENERATOR_UPS_CAPACITY', 'TOTAL GENERATOR/UPS CAPACITY', 'TGC', 'decimal', 'electrical', 'GENERAL', 3, 0, NULL, 'KVA', NULL);
INSERT INTO `obo_variable` VALUES ('TOTAL_TRANSFORMER_CAPACITY', 'DRAFT', 'TOTAL_TRANSFORMER_CAPACITY', 'TOTAL TRANSFORMER CAPACITY', NULL, 'decimal', 'electrical', 'GENERAL', 2, 0, NULL, 'KVA', NULL);
INSERT INTO `obo_variable` VALUES ('TOWER_AND_OTHER_STRUCTURE_SELF_SUPPORTING', 'DRAFT', 'TOWER_AND_OTHER_STRUCTURE_SELF_SUPPORTING', 'TOWER AND OTHER STRUCTURES (SELF-SUPPORTING)', 'TV AND RADIO TOWER, WATER TANK SUPPORTING STRUCTURES', 'decimal', 'J202', NULL, 7, 0, NULL, 'height in meters', NULL);
INSERT INTO `obo_variable` VALUES ('TOWER_AND_OTHER_STRUCTURE_TRILON_GUYED', 'DRAFT', 'TOWER_AND_OTHER_STRUCTURE_TRILON_GUYED', 'TOWER AND OTHER STRUCTURE (TRILON GUYED)', 'TV AND RADIO TOWER, WATER TANK SUPPORTING STRUCTURES', 'decimal', 'J202', NULL, 8, 0, NULL, 'height in meters', NULL);
INSERT INTO `obo_variable` VALUES ('URINAL', 'DRAFT', 'URINAL', 'URINAL', NULL, 'integer', 'plumbing', 'SPECIAL', 11, 0, NULL, 'unit', NULL);
INSERT INTO `obo_variable` VALUES ('VENDING_DISPENSING_MACHINE', 'DRAFT', 'VENDING_DISPENSING_MACHINE', 'VENDING AND OTHER TYPES OF ELECTRONIC DISPENSING MACHINES', NULL, 'integer', 'electronic', 'C', 4, 0, NULL, 'unit', NULL);
INSERT INTO `obo_variable` VALUES ('WALKWAYS', 'DRAFT', 'WALKWAYS', 'WALKWAYS', NULL, 'boolean', 'architectural', 'A', 2, 0, NULL, 'UNIT', NULL);
INSERT INTO `obo_variable` VALUES ('WALLS', 'DRAFT', 'WALLS', 'WALLS', NULL, 'boolean', 'civil_structural', NULL, 10, 0, NULL, 'unit', NULL);
INSERT INTO `obo_variable` VALUES ('WASHROOM_AND_TOILETS', 'DRAFT', 'WASHROOM_AND_TOILETS', 'WASH ROOMS AND TOILETS', NULL, 'boolean', 'architectural', 'A', 5, 0, NULL, 'UNIT', NULL);
INSERT INTO `obo_variable` VALUES ('WATER_AND_WASTE_WATER_TREATMENT_TANK', 'DRAFT', 'WATER_AND_WASTE_WATER_TREATMENT_TANK', 'WATER AND WASTE WATER TREATMENT TANK', 'Incuding Cisterns, Sedimentation, and Chemical Treatment', 'decimal', 'J205', NULL, 15, 0, NULL, 'volume in cu.meter', NULL);
INSERT INTO `obo_variable` VALUES ('WATER_CLOSET', 'DRAFT', 'WATER_CLOSET', 'WATER CLOSET', NULL, 'integer', 'plumbing', 'GENERAL', 2, 0, NULL, 'unit', NULL);
INSERT INTO `obo_variable` VALUES ('WATER_METER', 'DRAFT', 'WATER_METER', 'WATER METER', NULL, 'integer', 'plumbing', 'OTHERS', 23, 0, NULL, 'unit', NULL);
INSERT INTO `obo_variable` VALUES ('WATER_METER_12_25', 'DRAFT', 'WATER_METER_12_25', 'WATER METER (12-25 mm Ø )', NULL, 'integer', 'plumbing', 'OTHERS', 23, 0, NULL, 'unit', NULL);
INSERT INTO `obo_variable` VALUES ('WATER_METER_25', 'DRAFT', 'WATER_METER_25', 'WATER METER (ABOVE 25 mm Ø)', NULL, 'integer', 'plumbing', 'OTHERS', 31, 0, NULL, 'unit', NULL);
INSERT INTO `obo_variable` VALUES ('WATER_SUMP', 'DRAFT', 'WATER_SUMP', 'WATER SUMP', NULL, 'decimal', 'mechanical', 'OTHERS', 41, 0, NULL, 'KW', NULL);
INSERT INTO `obo_variable` VALUES ('WIDTH_OF_CORRIDORS', 'DRAFT', 'WIDTH_OF_CORRIDORS', 'WIDTH OF CORRIDORS', NULL, 'decimal', 'architectural', 'C', 20, 0, NULL, 'UNIT', NULL);
INSERT INTO `obo_variable` VALUES ('WINDOW_TYPE_AIRCON', 'DRAFT', 'WINDOW_TYPE_AIRCON', 'WINDOW TYPE AIRCONDITIONING', NULL, 'integer', 'mechanical', 'REFRIGERATION,AIR CONDITIONING AND MECHANICAL VENTILATION', 5, 0, NULL, 'EA', NULL);
INSERT INTO `obo_variable` VALUES ('XRAY_SCANNER', 'DRAFT', 'XRAY_SCANNER', ' X-RAY SCANNERS', NULL, 'integer', 'electronic', 'C', 10, 0, NULL, 'unit', NULL);
COMMIT;

-- ----------------------------
-- Table structure for obo_variable_type
-- ----------------------------
DROP TABLE IF EXISTS `obo_variable_type`;
CREATE TABLE `obo_variable_type` (
  `objid` varchar(50) CHARACTER SET utf8 NOT NULL,
  `title` varchar(100) CHARACTER SET utf8 DEFAULT NULL,
  `sortindex` int(255) DEFAULT NULL,
  `accessory` int(255) DEFAULT NULL,
  PRIMARY KEY (`objid`) USING BTREE
) ENGINE=InnoDB DEFAULT CHARSET=latin1;

-- ----------------------------
-- Records of obo_variable_type
-- ----------------------------
BEGIN;
INSERT INTO `obo_variable_type` VALUES ('accessories', 'ACCESSORIES', 0, NULL);
INSERT INTO `obo_variable_type` VALUES ('architectural', 'ARCHITECTURAL', 1, NULL);
INSERT INTO `obo_variable_type` VALUES ('civil_structural', 'CIVIL/STRUCTURAL', 2, NULL);
INSERT INTO `obo_variable_type` VALUES ('electrical', 'ELECTRICAL', 3, NULL);
INSERT INTO `obo_variable_type` VALUES ('electronic', 'ELECTRONIC', 4, NULL);
INSERT INTO `obo_variable_type` VALUES ('excavation', 'EXCAVATION AND GROUND PREPARATION', 8, 0);
INSERT INTO `obo_variable_type` VALUES ('fencing', 'FENCING', 9, NULL);
INSERT INTO `obo_variable_type` VALUES ('fsic', 'FIRE SAFETY INSPECTION', 100, 0);
INSERT INTO `obo_variable_type` VALUES ('ground_prep_excavation', 'GROUND PREPARATION AND EXCAVATION', 10, NULL);
INSERT INTO `obo_variable_type` VALUES ('J101', 'agricultural structures (sheds, barns, poultry houses, piggeries, hatcheries, stables, greenhouses, ', 0, 1);
INSERT INTO `obo_variable_type` VALUES ('J201', 'private garages, carports', 0, 1);
INSERT INTO `obo_variable_type` VALUES ('J202', 'towers, smokestacks, chimneys', 0, 1);
INSERT INTO `obo_variable_type` VALUES ('J203', 'swimming pools including shower and locker room', 0, 1);
INSERT INTO `obo_variable_type` VALUES ('J204', 'fence over 1.8 meters high, separate firewalls', 0, 1);
INSERT INTO `obo_variable_type` VALUES ('J205', 'steel and or concrete tanks', 0, 1);
INSERT INTO `obo_variable_type` VALUES ('J301', 'stages, platforms and similar structures', 0, 1);
INSERT INTO `obo_variable_type` VALUES ('J302', 'pelota, tennis, badminton or basketball courts', 0, 1);
INSERT INTO `obo_variable_type` VALUES ('J303', 'tombs and mausoleums', 0, 1);
INSERT INTO `obo_variable_type` VALUES ('J304', 'aviaries and aquariums and zoo structures', 0, 1);
INSERT INTO `obo_variable_type` VALUES ('J305', 'banks and record vaults', 0, 1);
INSERT INTO `obo_variable_type` VALUES ('mechanical', 'MECHANICAL', 5, NULL);
INSERT INTO `obo_variable_type` VALUES ('plumbing', 'PLUMBING', 6, NULL);
INSERT INTO `obo_variable_type` VALUES ('sanitary', 'SANITARY', 7, NULL);
INSERT INTO `obo_variable_type` VALUES ('scaffolding', 'ERECTION OF SCAFFOLDING IN PUBLIC AREAS', 8, NULL);
INSERT INTO `obo_variable_type` VALUES ('sign', 'SIGNAGE', 11, NULL);
INSERT INTO `obo_variable_type` VALUES ('site_verification', 'SITE VERIFICATION', 60, 0);
INSERT INTO `obo_variable_type` VALUES ('zoning', 'ZONING', 0, 0);
COMMIT;

-- ----------------------------
-- Table structure for obo_work_type
-- ----------------------------
DROP TABLE IF EXISTS `obo_work_type`;
CREATE TABLE `obo_work_type` (
  `objid` varchar(50) NOT NULL,
  `description` text,
  `idx` int(11) DEFAULT NULL,
  PRIMARY KEY (`objid`)
) ENGINE=InnoDB DEFAULT CHARSET=utf8;

-- ----------------------------
-- Records of obo_work_type
-- ----------------------------
BEGIN;
INSERT INTO `obo_work_type` VALUES ('ADDITION', 'ADDITION', 1);
INSERT INTO `obo_work_type` VALUES ('ALTERATION', 'ALTERATION', 3);
INSERT INTO `obo_work_type` VALUES ('DEMOLITION', 'DEMOLITION', 4);
INSERT INTO `obo_work_type` VALUES ('ORIGINAL', 'ORIGINAL', 0);
INSERT INTO `obo_work_type` VALUES ('RENOVATION', 'RENOVATION', 2);
COMMIT;

-- ----------------------------
-- Table structure for obo_zoneclass
-- ----------------------------
DROP TABLE IF EXISTS `obo_zoneclass`;
CREATE TABLE `obo_zoneclass` (
  `objid` varchar(50) NOT NULL,
  `title` varchar(255) DEFAULT NULL,
  PRIMARY KEY (`objid`)
) ENGINE=InnoDB DEFAULT CHARSET=utf8;

-- ----------------------------
-- Records of obo_zoneclass
-- ----------------------------
BEGIN;
INSERT INTO `obo_zoneclass` VALUES ('A', 'AGRICULTURAL');
INSERT INTO `obo_zoneclass` VALUES ('AI', 'AGRO INDUSTRIAL');
INSERT INTO `obo_zoneclass` VALUES ('C1', 'COMMERCIAL ONE OR LIGHT COMMERCIAL');
INSERT INTO `obo_zoneclass` VALUES ('C2', 'COMMERCIAL TWO OR MEDIUM COMMERCIAL');
INSERT INTO `obo_zoneclass` VALUES ('CUL', 'CULTURAL');
INSERT INTO `obo_zoneclass` VALUES ('GI', 'GENERAL INSTITUTION');
INSERT INTO `obo_zoneclass` VALUES ('I1', 'INDUSTRIAL ONE OR LIGHT INDUSTRIAL');
INSERT INTO `obo_zoneclass` VALUES ('I2', 'INDUSTRIAL TWO OR MEDIUM INDUSTRIAL');
INSERT INTO `obo_zoneclass` VALUES ('PRE', 'PARK STRUCTURES RECREATION AND ENTERTAINMENT');
INSERT INTO `obo_zoneclass` VALUES ('PUD', 'PLANNED UNIT DEVELOPMENT');
INSERT INTO `obo_zoneclass` VALUES ('R1', 'LOW DENSITY RESIDENTIAL ZONE');
INSERT INTO `obo_zoneclass` VALUES ('R2', 'MEDIUM DENSITY RESIDENTIAL USE');
INSERT INTO `obo_zoneclass` VALUES ('R3', 'HIGH DENSITY RESIDENTIAL USE');
INSERT INTO `obo_zoneclass` VALUES ('R4', 'MEDIUM TO HIGH DENSITY RESIDENTIAL USE');
INSERT INTO `obo_zoneclass` VALUES ('R5', 'VERY HIGH DENSITY RESIDENTIAL USE');
INSERT INTO `obo_zoneclass` VALUES ('SPE', 'SPECIAL');
INSERT INTO `obo_zoneclass` VALUES ('UTS', 'UTILITIES, TRANSPORTATION AND SERVICES');
COMMIT;

-- ----------------------------
-- Table structure for occupancy_permit
-- ----------------------------
DROP TABLE IF EXISTS `occupancy_permit`;
CREATE TABLE `occupancy_permit` (
  `objid` varchar(50) NOT NULL,
  `appno` varchar(50) DEFAULT NULL,
  `orgcode` varchar(50) DEFAULT NULL,
  `trackingno` varchar(50) DEFAULT NULL,
  `apptype` varchar(50) DEFAULT NULL,
  `permittype` varchar(50) DEFAULT NULL,
  `contact_name` varchar(50) DEFAULT NULL,
  `contact_detail` varchar(255) DEFAULT NULL,
  `contact_email` varchar(255) DEFAULT NULL,
  `contact_mobileno` varchar(50) DEFAULT NULL,
  `dtfiled` datetime DEFAULT NULL,
  `locationid` varchar(50) DEFAULT NULL,
  `applicantid` varchar(50) DEFAULT NULL,
  `description` varchar(255) DEFAULT NULL,
  `title` varchar(255) DEFAULT NULL,
  `occupancytypeid` varchar(50) DEFAULT NULL,
  `numunits` smallint(3) DEFAULT NULL,
  `fixedcost` decimal(16,2) DEFAULT NULL,
  `projectcost` decimal(16,2) DEFAULT NULL,
  `dtproposedconstruction` date DEFAULT NULL,
  `dtexpectedcompletion` date DEFAULT NULL,
  `totalfloorarea` decimal(16,2) DEFAULT NULL,
  `height` decimal(16,2) DEFAULT NULL,
  `numfloors` smallint(255) DEFAULT NULL,
  `worktypes` tinytext,
  `taskid` varchar(50) DEFAULT NULL,
  `zoneclassid` varchar(50) DEFAULT NULL,
  `amount` decimal(16,2) DEFAULT NULL,
  `contractorid` varchar(50) DEFAULT NULL,
  `permitid` varchar(50) DEFAULT NULL,
  `txnmode` varchar(50) DEFAULT NULL,
  PRIMARY KEY (`objid`) USING BTREE,
  UNIQUE KEY `uix_building_permit_appno` (`appno`),
  KEY `fk_app_occupancyuseid` (`occupancytypeid`) USING BTREE,
  KEY `ix_units` (`numunits`) USING BTREE,
  KEY `ix_estimatedcost` (`fixedcost`) USING BTREE,
  KEY `ix_dtproposedconstruction` (`dtproposedconstruction`) USING BTREE,
  KEY `ix_dtexpectedcompletion` (`dtexpectedcompletion`) USING BTREE,
  KEY `online_building_application_locationid` (`locationid`) USING BTREE,
  KEY `online_building_application_applicantid` (`applicantid`) USING BTREE,
  KEY `building_permit_taskid` (`taskid`),
  KEY `building_permit_contractorid` (`contractorid`),
  KEY `building_permit_permitid` (`permitid`),
  CONSTRAINT `occupancy_permit_ibfk_6` FOREIGN KEY (`taskid`) REFERENCES `occupancy_permit_task` (`taskid`)
) ENGINE=InnoDB DEFAULT CHARSET=utf8;

-- ----------------------------
-- Table structure for occupancy_permit_section
-- ----------------------------
DROP TABLE IF EXISTS `occupancy_permit_section`;
CREATE TABLE `occupancy_permit_section` (
  `objid` varchar(50) NOT NULL,
  `appid` varchar(50) DEFAULT NULL,
  `typeid` varchar(50) DEFAULT NULL,
  `taskid` varchar(50) DEFAULT NULL,
  PRIMARY KEY (`objid`),
  KEY `fk_building_permit_evaluation_appid` (`appid`),
  KEY `fk_building_permit_evaluation_typeid` (`typeid`),
  KEY `fk_building_permit_evaluation_taskid` (`taskid`),
  CONSTRAINT `occupancy_permit_evaluation_appid` FOREIGN KEY (`appid`) REFERENCES `occupancy_permit` (`objid`),
  CONSTRAINT `occupancy_permit_evaluation_taskid` FOREIGN KEY (`taskid`) REFERENCES `occupancy_permit_section_task` (`taskid`),
  CONSTRAINT `occupancy_permit_evaluation_typeid` FOREIGN KEY (`typeid`) REFERENCES `obo_section` (`objid`)
) ENGINE=InnoDB DEFAULT CHARSET=utf8;

-- ----------------------------
-- Table structure for occupancy_permit_section_task
-- ----------------------------
DROP TABLE IF EXISTS `occupancy_permit_section_task`;
CREATE TABLE `occupancy_permit_section_task` (
  `taskid` varchar(50) NOT NULL,
  `refid` varchar(50) DEFAULT NULL,
  `parentprocessid` varchar(50) DEFAULT NULL,
  `state` varchar(50) DEFAULT NULL,
  `startdate` datetime DEFAULT NULL,
  `enddate` datetime DEFAULT NULL,
  `assignee_objid` varchar(50) DEFAULT NULL,
  `assignee_name` varchar(100) DEFAULT NULL,
  `actor_objid` varchar(50) DEFAULT NULL,
  `actor_name` varchar(100) DEFAULT NULL,
  `message` varchar(255) DEFAULT NULL,
  `dtcreated` datetime DEFAULT NULL,
  `prevtaskid` varchar(50) DEFAULT NULL,
  PRIMARY KEY (`taskid`),
  KEY `ix_refid` (`refid`),
  KEY `ix_parentprocessid` (`parentprocessid`),
  KEY `ix_startdate` (`startdate`),
  KEY `ix_enddate` (`enddate`),
  KEY `ix_assignee_objid` (`assignee_objid`),
  KEY `ix_actor_objid` (`actor_objid`),
  KEY `ix_dtcreated` (`dtcreated`),
  KEY `ix_prevtaskid` (`prevtaskid`),
  CONSTRAINT `occupancy_permit_evaluation_task_refid` FOREIGN KEY (`refid`) REFERENCES `occupancy_permit_section` (`objid`)
) ENGINE=InnoDB DEFAULT CHARSET=utf8;

-- ----------------------------
-- Table structure for occupancy_permit_task
-- ----------------------------
DROP TABLE IF EXISTS `occupancy_permit_task`;
CREATE TABLE `occupancy_permit_task` (
  `taskid` varchar(50) NOT NULL,
  `refid` varchar(50) DEFAULT NULL,
  `parentprocessid` varchar(50) DEFAULT NULL,
  `state` varchar(50) DEFAULT NULL,
  `startdate` datetime DEFAULT NULL,
  `enddate` datetime DEFAULT NULL,
  `assignee_objid` varchar(50) DEFAULT NULL,
  `assignee_name` varchar(100) DEFAULT NULL,
  `actor_objid` varchar(50) DEFAULT NULL,
  `actor_name` varchar(100) DEFAULT NULL,
  `message` varchar(255) DEFAULT NULL,
  `dtcreated` datetime DEFAULT NULL,
  `prevtaskid` varchar(50) DEFAULT NULL,
  PRIMARY KEY (`taskid`),
  KEY `FK_obo_subproc_task_refid` (`refid`),
  KEY `ix_refid` (`refid`),
  KEY `ix_parentprocessid` (`parentprocessid`),
  KEY `ix_startdate` (`startdate`),
  KEY `ix_enddate` (`enddate`),
  KEY `ix_assignee_objid` (`assignee_objid`),
  KEY `ix_actor_objid` (`actor_objid`),
  KEY `ix_dtcreated` (`dtcreated`),
  KEY `ix_prevtaskid` (`prevtaskid`),
  CONSTRAINT `occupancy_permit_task_ibfk_1` FOREIGN KEY (`refid`) REFERENCES `occupancy_permit` (`objid`)
) ENGINE=InnoDB DEFAULT CHARSET=utf8;

-- ----------------------------
-- Table structure for sys_email_template
-- ----------------------------
DROP TABLE IF EXISTS `sys_email_template`;
CREATE TABLE `sys_email_template` (
  `objid` varchar(50) NOT NULL,
  `message` mediumtext,
  PRIMARY KEY (`objid`)
) ENGINE=InnoDB DEFAULT CHARSET=utf8;

-- ----------------------------
-- Records of sys_email_template
-- ----------------------------
BEGIN;
INSERT INTO `sys_email_template` VALUES ('building_permit_claimstub', 'Dear ${entity.contact.name}, <br>\n\nCongratulations! Your application was accepted. We will now proceed with the evaluation process. \nFor reference your application number is \n\n<h2>${entity.appno}</h2>\n\nPlease use this number to follow up on the progress of your application. To check on the progress of your application\nplease visit the ff <a href=\"https://www.filipizen.com/partners/albay_legazpi/services/obo/monitorbuildingpermit?appno=${entity.appno}\">link</a>\n <br>\n\nRegards, <br>\n\nThe Legazpi OBO Team');
INSERT INTO `sys_email_template` VALUES ('building_permit_requirement_checklist', 'Dear ${entity.contact.name}, <br>\n\nWe have checked through your requirements and it seems you have deficiencies in the sent requirements. Please see \nattached for the details. \n\nAccomplish them and send them back to the OBO Office. <br>\n\nRegards, <br>\n\nThe Legazpi OBO Team');
COMMIT;

-- ----------------------------
-- Table structure for sys_rule
-- ----------------------------
DROP TABLE IF EXISTS `sys_rule`;
CREATE TABLE `sys_rule` (
  `objid` varchar(50) NOT NULL,
  `state` varchar(25) DEFAULT NULL,
  `name` varchar(50) NOT NULL,
  `ruleset` varchar(50) NOT NULL,
  `rulegroup` varchar(50) DEFAULT NULL,
  `title` varchar(250) DEFAULT NULL,
  `description` longtext,
  `salience` int(11) DEFAULT NULL,
  `effectivefrom` date DEFAULT NULL,
  `effectiveto` date DEFAULT NULL,
  `dtfiled` datetime DEFAULT NULL,
  `user_objid` varchar(50) DEFAULT NULL,
  `user_name` varchar(100) DEFAULT NULL,
  `noloop` int(11) DEFAULT NULL,
  PRIMARY KEY (`objid`),
  KEY `rulegroup` (`rulegroup`,`ruleset`),
  KEY `ruleset` (`ruleset`),
  CONSTRAINT `sys_rule_ibfk_1` FOREIGN KEY (`rulegroup`, `ruleset`) REFERENCES `sys_rulegroup` (`name`, `ruleset`),
  CONSTRAINT `sys_rule_ibfk_2` FOREIGN KEY (`ruleset`) REFERENCES `sys_ruleset` (`name`)
) ENGINE=InnoDB DEFAULT CHARSET=utf8;

-- ----------------------------
-- Records of sys_rule
-- ----------------------------
BEGIN;
INSERT INTO `sys_rule` VALUES ('RUL-108b4192:15b3d234d5c:-67b1', 'DEPLOYED', 'ADD_PLUMBING_FEE', 'oboassessment', 'initial', 'ADD PLUMBING FEE', NULL, 50000, NULL, NULL, '2017-04-04 21:21:21', 'USR-ADMIN', 'ADMIN', 1);
INSERT INTO `sys_rule` VALUES ('RUL-108b4192:15b3d234d5c:-698a', 'DRAFT', 'MECHANICAL_FEE_WEIGHING_SCALE_STRUCTURE', 'oboassessment', 'compute-mechanical-fee', 'MECHANICAL FEE WEIGHING SCALE STRUCTURE', NULL, 50000, NULL, NULL, '2017-04-04 21:13:39', 'USR-ADMIN', 'ADMIN', 1);
INSERT INTO `sys_rule` VALUES ('RUL-108b4192:15b3d234d5c:-6ad6', 'DEPLOYED', 'MECHANICAL_FEE_PNEUMATIC_TUBES_LNM', 'oboassessment', 'compute-mechanical-fee', 'MECHANICAL FEE PNEUMATIC TUBES CONVEYORS MONORAILS LNM', NULL, 50000, NULL, NULL, '2017-04-04 21:11:19', 'USR-ADMIN', 'ADMIN', 1);
INSERT INTO `sys_rule` VALUES ('RUL-108b4192:15b3d234d5c:-6c55', 'DEPLOYED', 'MECHANICAL_FEE_OTHER_MACHINERY_EQUIPMENT', 'oboassessment', 'compute-mechanical-fee', 'MECHANICAL FEE OTHER MACHINERY EQUIPMENT', NULL, 50000, NULL, NULL, '2017-04-04 20:57:00', 'USR-ADMIN', 'ADMIN', 1);
INSERT INTO `sys_rule` VALUES ('RUL-108b4192:15b3d234d5c:-6fd2', 'DEPLOYED', 'MECHANICAL_FEE_PRESSURE_VESSEL', 'oboassessment', 'compute-mechanical-fee', 'MECHANICAL FEE PRESSURE VESSEL', NULL, 50000, NULL, NULL, '2017-04-04 20:53:16', 'USR-ADMIN', 'ADMIN', 1);
INSERT INTO `sys_rule` VALUES ('RUL-108b4192:15b3d234d5c:-72b4', 'DEPLOYED', 'MECHANICAL_FEE_OTHER_COMBUSTION_ENGINE', 'oboassessment', 'compute-mechanical-fee', 'MECHANICAL FEE OTHER COMBUSTION ENGINE', NULL, 50000, NULL, NULL, '2017-04-04 20:47:37', 'USR-ADMIN', 'ADMIN', 1);
INSERT INTO `sys_rule` VALUES ('RUL-108b4192:15b3d234d5c:-73c4', 'DEPLOYED', 'MECHANICAL_FEE_POWER_PIPING_FOR_GAS_STEAM', 'oboassessment', 'compute-mechanical-fee', 'MECHANICAL FEE POWER PIPING FOR GAS STEAM ', NULL, 50000, NULL, NULL, '2017-04-04 20:41:54', 'USR-ADMIN', 'ADMIN', 1);
INSERT INTO `sys_rule` VALUES ('RUL-108b4192:15b3d234d5c:-79d6', 'DEPLOYED', 'MECHANICAL_FEE_GAS_METER', 'oboassessment', 'compute-mechanical-fee', 'MECHANICAL FEE GAS METER', NULL, 50000, NULL, NULL, '2017-04-04 20:33:34', 'USR-ADMIN', 'ADMIN', 1);
INSERT INTO `sys_rule` VALUES ('RUL-108b4192:15b3d234d5c:-7bfd', 'DEPLOYED', 'MECHANICAL_FEE_COMPRESSED_AIR_VACUUM_GAS', 'oboassessment', 'compute-mechanical-fee', 'MECHANICAL FEE COMPRESSED AIR VACUUM COMMERCIAL, INSTITUTIONAL AND INDUSTRIAL GASES', NULL, 50000, NULL, NULL, '2017-04-04 20:29:24', 'USR-ADMIN', 'ADMIN', 1);
INSERT INTO `sys_rule` VALUES ('RUL-130f43a2:15b805032ec:-7bc7', 'DRAFT', 'ADD_INSPECTION_FEES', 'oboassessment', 'initial', 'ADD INSPECTION FEES', NULL, 50000, NULL, NULL, '2017-04-17 21:11:08', 'USR-ADMIN', 'ADMIN', 1);
INSERT INTO `sys_rule` VALUES ('RUL-181817d3:15bf4e3b890:-10f2', 'DEPLOYED', 'BUSINESS_SIGNAGE_PAINTED_ON_NEW', 'oboassessment', 'compute-accessory', 'BUSINESS SIGNAGE PAINTED ON NEW', NULL, 50000, NULL, NULL, '2017-05-11 06:25:52', 'USR-ADMIN', 'ADMIN', 1);
INSERT INTO `sys_rule` VALUES ('RUL-181817d3:15bf4e3b890:-1103', 'DEPLOYED', 'BUSINESS_SIGNAGE_OTHER_NEW', 'oboassessment', 'compute-accessory', 'BUSINESS SIGNAGE OTHER NEW', NULL, 50000, NULL, NULL, '2017-05-11 06:25:24', 'USR-ADMIN', 'ADMIN', 1);
INSERT INTO `sys_rule` VALUES ('RUL-181817d3:15bf4e3b890:-1114', 'DEPLOYED', 'BUSINESS_SIGNAGE_ILLUMINATED_NEW', 'oboassessment', 'compute-accessory', 'BUSINESS SIGNAGE ILLUMINATED NEW', NULL, 50000, NULL, NULL, '2017-05-11 06:25:04', 'USR-ADMIN', 'ADMIN', 1);
INSERT INTO `sys_rule` VALUES ('RUL-181817d3:15bf4e3b890:-14ca', 'DEPLOYED', 'BUSINESS_SIGNAGE_NEON_NEW', 'oboassessment', 'compute-accessory', 'BUSINESS_SIGNAGE_NEON_NEW', NULL, 50000, NULL, NULL, '2017-05-11 06:22:18', 'USR-ADMIN', 'ADMIN', 1);
INSERT INTO `sys_rule` VALUES ('RUL-181817d3:15bf4e3b890:-1a11', 'DEPLOYED', 'SIGNAGE_ERECTION_AND_ANCHORAGE', 'oboassessment', 'compute-accessory', 'SIGNAGE ERECTION AND ANCHORAGE', NULL, 50000, NULL, NULL, '2017-05-11 06:03:42', 'USR-ADMIN', 'ADMIN', 1);
INSERT INTO `sys_rule` VALUES ('RUL-181817d3:15bf4e3b890:-1cec', 'DEPLOYED', 'ERECTION_OF_SCAFFOLDING', 'oboassessment', 'compute-accessory', 'ERECTION OF SCAFFOLDING', NULL, 50000, NULL, NULL, '2017-05-11 05:58:45', 'USR-ADMIN', 'ADMIN', 1);
INSERT INTO `sys_rule` VALUES ('RUL-181817d3:15bf4e3b890:-21c5', 'DRAFT', 'USE_OF_STREET_AND_SIDEWALK', 'oboassessment', 'compute-accessory', 'USE OF STREET AND SIDEWALK', NULL, 50000, NULL, NULL, '2017-05-11 03:54:54', 'USR-ADMIN', 'ADMIN', 1);
INSERT INTO `sys_rule` VALUES ('RUL-181817d3:15bf4e3b890:-2433', 'DRAFT', 'ASK_NUM_MONTHS_FOR_USE_OF_STREET_AND_SIDEWALK', 'oboassessment', 'initial', 'ASK NUM MONTHS FOR USE OF STREET AND SIDEWALK', NULL, 50000, NULL, NULL, '2017-05-11 03:50:37', 'USR-ADMIN', 'ADMIN', 1);
INSERT INTO `sys_rule` VALUES ('RUL-181817d3:15bf4e3b890:-27e7', 'DRAFT', 'PAVEMENT_CONSTRUCTION', 'oboassessment', 'compute-accessory', 'PAVEMENT CONSTRUCTION', NULL, 50000, NULL, NULL, '2017-05-11 03:37:28', 'USR-ADMIN', 'ADMIN', 1);
INSERT INTO `sys_rule` VALUES ('RUL-181817d3:15bf4e3b890:-29cc', 'DEPLOYED', 'FENCING_IND_MAT', 'oboassessment', 'compute-accessory', 'FENCING INDIGENOUS MATERIALS', NULL, 50000, NULL, NULL, '2017-05-11 03:31:10', 'USR-ADMIN', 'ADMIN', 1);
INSERT INTO `sys_rule` VALUES ('RUL-181817d3:15bf4e3b890:-2b06', 'DEPLOYED', 'FENCING_MASONRY_METAL_CONCRETE_ABOVE_1_8_M_HT', 'oboassessment', 'compute-accessory', 'FENCING MASONRY METAL CONCRETE ABOVE 1.8 M HEIGHT', NULL, 50000, NULL, NULL, '2017-05-11 03:29:51', 'USR-ADMIN', 'ADMIN', 1);
INSERT INTO `sys_rule` VALUES ('RUL-181817d3:15bf4e3b890:-2d08', 'DEPLOYED', 'FENCING_MASONRY_METAL_CONCRETE_UPTO_1_8_M_HT', 'oboassessment', 'compute-accessory', 'FENCING MASONRY METAL CONCRETE UPTO 1 8 M HT', NULL, 50000, NULL, NULL, '2017-05-11 03:28:26', 'USR-ADMIN', 'ADMIN', 1);
INSERT INTO `sys_rule` VALUES ('RUL-181817d3:15bf4e3b890:-3079', 'DEPLOYED', 'ACC_FEE_ENCROACHMENT_FOUNDATION_PUBLIC_AREAS', 'oboassessment', 'compute-accessory', 'ACCESSORIES FEE ENCROACHMENT FOUNDATION PUBLIC AREAS', NULL, 50000, NULL, NULL, '2017-05-11 03:16:02', 'USR-ADMIN', 'ADMIN', 1);
INSERT INTO `sys_rule` VALUES ('RUL-181817d3:15bf4e3b890:-3186', 'DEPLOYED', 'ACC_FEE_EXCAVATION_FOR_BASEMENT', 'oboassessment', 'compute-accessory', 'ACCESSORIES FEE EXCAVATION FOR BASEMENT', NULL, 50000, NULL, NULL, '2017-05-11 03:14:39', 'USR-ADMIN', 'ADMIN', 1);
INSERT INTO `sys_rule` VALUES ('RUL-181817d3:15bf4e3b890:-3397', 'DEPLOYED', 'ACC_FEE_EXCAVATION_EXCEPT_BASEMENT', 'oboassessment', 'compute-accessory', 'ACCESSORIES FEE EXCAVATION EXCEPT BASEMENT', NULL, 50000, NULL, NULL, '2017-05-11 03:13:08', 'USR-ADMIN', 'ADMIN', 1);
INSERT INTO `sys_rule` VALUES ('RUL-181817d3:15bf4e3b890:-357d', 'DEPLOYED', 'GPEP_INSPECTION_VERIFICATION_FEE', 'oboassessment', 'compute-accessory', 'INSPECTION AND VERIFICATION FEE FOR GP/EP', NULL, 50000, NULL, NULL, '2017-05-11 03:10:33', 'USR-ADMIN', 'ADMIN', 1);
INSERT INTO `sys_rule` VALUES ('RUL-181817d3:15bf4e3b890:-3cc8', 'DRAFT', 'ACC_FEE_LINE_AND_GRADE', 'oboassessment', 'compute-accessory', 'LINE AND GRADE', NULL, 50000, NULL, NULL, '2017-05-11 02:43:34', 'USR-ADMIN', 'ADMIN', 1);
INSERT INTO `sys_rule` VALUES ('RUL-181817d3:15bf4e3b890:-415b', 'DRAFT', 'REINSTALLATION_OF_VERTICAL_STORAGE_TANK', 'oboassessment', 'compute-accessory', 'REINSTALLATION OF VERTICAL STORAGE TANK', NULL, 50000, NULL, NULL, '2017-05-11 02:30:47', 'USR-ADMIN', 'ADMIN', 1);
INSERT INTO `sys_rule` VALUES ('RUL-181817d3:15bf4e3b890:-73e2', 'DEPLOYED', 'BLDG_FEE_A2_NOT_NEW', 'oboassessment', 'compute-bldgfee', 'COMPUTE BLDG FEE  A2 NOT ORIGINAL', NULL, 50000, NULL, NULL, '2017-05-11 00:39:51', 'USR-ADMIN', 'ADMIN', 1);
INSERT INTO `sys_rule` VALUES ('RUL-181817d3:15bf4e3b890:-75db', 'DEPLOYED', 'BLDG_FEE_A1_NOT_NEW', 'oboassessment', 'compute-bldgfee', 'COMPUTE BLDG FEE A1 NOT NEW', NULL, 50000, NULL, NULL, '2017-05-11 00:37:51', 'USR-ADMIN', 'ADMIN', 1);
INSERT INTO `sys_rule` VALUES ('RUL-181817d3:15bf4e3b890:-7862', 'DRAFT', 'ACC_BLDG_FEE_A2__NOT_NEW', 'oboassessment', 'compute-accessory', 'ACCESSORY BLDG FEE  A2 (NOT ORIGINAL)', NULL, 50000, NULL, NULL, '2017-05-11 00:35:46', 'USR-ADMIN', 'ADMIN', 1);
INSERT INTO `sys_rule` VALUES ('RUL-181817d3:15bf4e3b890:-7873', 'DRAFT', 'ACC_BLDG_FEE_A2_NEW', 'oboassessment', 'compute-accessory', 'ACCESSORY BLDG A2 NEW CONSTRUCTION', NULL, 50000, NULL, NULL, '2017-05-11 00:35:24', 'USR-ADMIN', 'ADMIN', 1);
INSERT INTO `sys_rule` VALUES ('RUL-181817d3:15bf4e3b890:-7abf', 'DRAFT', 'ACC_BLDG_FEE_A1_NOT_NEW_CONSTRUCTION', 'oboassessment', 'compute-accessory', 'ACCESSORY  FEE FOR A1 (NOT ORIGINAL)', NULL, 50000, NULL, NULL, '2017-05-11 00:33:29', 'USR-ADMIN', 'ADMIN', 1);
INSERT INTO `sys_rule` VALUES ('RUL-181817d3:15bf4e3b890:-7ad0', 'DRAFT', 'ACC_BLDG_FEE_A1_NEW_CONSTRUCTION', 'oboassessment', 'compute-accessory', 'ACCESSORY  FEE FOR  A1 NEW CONSTRUCTION', NULL, 50000, NULL, NULL, '2017-05-11 00:33:01', 'USR-ADMIN', 'ADMIN', 1);
INSERT INTO `sys_rule` VALUES ('RUL-181817d3:15bf4e3b890:-8e0', 'DEPLOYED', 'AD_SIGNAGE_PAINTED_ON_NEW', 'oboassessment', 'compute-accessory', 'AD SIGNAGE PAINTED ON NEW', NULL, 50000, NULL, NULL, '2017-05-11 06:36:28', 'USR-ADMIN', 'ADMIN', 1);
INSERT INTO `sys_rule` VALUES ('RUL-181817d3:15bf4e3b890:-af9', 'DEPLOYED', 'AD_SIGNAGE_NEON_NEW', 'oboassessment', 'compute-accessory', 'AD SIGNAGE NEON NEW', NULL, 50000, NULL, NULL, '2017-05-11 06:31:10', 'USR-ADMIN', 'ADMIN', 1);
INSERT INTO `sys_rule` VALUES ('RUL-181817d3:15bf4e3b890:-b2e', 'DEPLOYED', 'AD_SIGNAGE_OTHER_NEW', 'oboassessment', 'compute-accessory', 'AD SIGNAGE OTHER NEW', NULL, 50000, NULL, NULL, '2017-05-11 06:30:53', 'USR-ADMIN', 'ADMIN', 1);
INSERT INTO `sys_rule` VALUES ('RUL-181817d3:15bf4e3b890:-d87', 'DEPLOYED', 'AD_SIGNAGE_ILLUMINATED_NEW', 'oboassessment', 'compute-accessory', 'AD SIGNAGE ILLUMINATED NEW', NULL, 50000, NULL, NULL, '2017-05-11 06:28:55', 'USR-ADMIN', 'ADMIN', 1);
INSERT INTO `sys_rule` VALUES ('RUL-26004fad:15b36e43946:-7e78', 'DEPLOYED', 'MECHANICAL_FEE_REF_COLD_STORAGE', 'oboassessment', 'compute-mechanical-fee', 'MECHANICAL FEE REF COLD STORAGE', NULL, 50000, NULL, NULL, '2017-04-03 16:12:20', 'USR-ADMIN', 'ADMIN', 1);
INSERT INTO `sys_rule` VALUES ('RUL-29595738:16a4fbe79ee:-79fe', 'APPROVED', 'SPECIAL_LOCATIONAL_CLEARANCE', 'oboassessment', 'compute-zoning-fee', 'SPECIAL_LOCATIONAL_CLEARANCE', NULL, 50000, NULL, NULL, '2019-04-24 23:02:12', 'USR-1b82c604:14cc29913bb:-7fec', 'ADMIN', 1);
INSERT INTO `sys_rule` VALUES ('RUL-29595738:16a4fbe79ee:-7bd1', 'DEPLOYED', 'COMMERCIAL_INDUSTRIAL_LOCATIONAL_CLEARANCE', 'oboassessment', 'compute-zoning-fee', 'COMMERCIAL INDUSTRIAL LOCATIONAL CLEARANCE', NULL, 40000, NULL, NULL, '2019-04-24 22:57:06', 'USR-1b82c604:14cc29913bb:-7fec', 'ADMIN', 1);
INSERT INTO `sys_rule` VALUES ('RUL-29595738:16a4fbe79ee:-7d01', 'DEPLOYED', 'INSTITUTIONAL_LOCATIONAL_CLEARANCE', 'oboassessment', 'compute-zoning-fee', 'INSTITUTIONAL LOCATIONAL CLEARANCE', NULL, 40000, NULL, NULL, '2019-04-24 22:54:56', 'USR-1b82c604:14cc29913bb:-7fec', 'ADMIN', 1);
INSERT INTO `sys_rule` VALUES ('RUL-29595738:16a4fbe79ee:-7de3', 'DEPLOYED', 'DORMITORIES_BOARDING_HOUSE_LOCATIONAL_CLEARANCE', 'oboassessment', 'compute-zoning-fee', 'DORMITORIES AND BOARDING HOUSE_LOCATIONAL_CLEARANCE', NULL, 50000, NULL, NULL, '2019-04-24 22:52:22', 'USR-1b82c604:14cc29913bb:-7fec', 'ADMIN', 1);
INSERT INTO `sys_rule` VALUES ('RUL-29595738:16a4fbe79ee:-7ef1', 'DEPLOYED', 'APARTMENT_TOWNHOUSES_LOCATIONAL_CLEARANCE', 'oboassessment', 'compute-zoning-fee', 'APARTMENT_TOWNHOUSES_LOCATIONAL_CLEARANCE', NULL, 50000, NULL, NULL, '2019-04-24 22:48:14', 'USR-1b82c604:14cc29913bb:-7fec', 'ADMIN', 1);
INSERT INTO `sys_rule` VALUES ('RUL-2a4f39d0:16e35fe5e74:-7bc2', 'DEPLOYED', 'LOCATIONAL_FEE_MEDIUM_DENSITY', 'oboassessment', 'compute-zoning-fee', 'LOCATIONAL_FEE_MEDIUM_DENSITY', NULL, 50000, NULL, NULL, '2019-11-04 18:41:06', 'USR-6bf98eba:1254696a2c9:-7ff6', 'ADMIN', 1);
INSERT INTO `sys_rule` VALUES ('RUL-2fbca757:15bf25c4add:-7b95', 'DRAFT', 'ACCESSORY_BLDG_FEE_C2_D123', 'oboassessment', 'compute-accessory', 'ACCESSORY COMPUTE BLDG FEE FOR C-2/D-1,2,3', NULL, 50000, NULL, NULL, '2017-05-10 12:47:54', 'USR-ADMIN', 'ADMIN', 1);
INSERT INTO `sys_rule` VALUES ('RUL-2fbca757:15bf25c4add:-7bbe', 'DRAFT', 'ACC_BLDG_FEE_B1_C1_E123_F1_G12345_H1234_I1_J123', 'oboassessment', 'compute-accessory', 'ACCESSORY BLDG FEE FOR B-1/ C-1/ E-1,2,3/ F-1/G-1,2,3,4,5 /H-1,2,3,4/I-1 AND J-1,2,3', NULL, 50000, NULL, NULL, '2017-05-10 12:47:29', 'USR-ADMIN', 'ADMIN', 1);
INSERT INTO `sys_rule` VALUES ('RUL-301ccfbb:16a4e3ad539:-7c37', 'DEPLOYED', 'ACC_FEE_EXCAVATION', 'oboassessment', 'compute-accessory', 'ACC_FEE_EXCAVATION', NULL, 50000, NULL, NULL, '2019-04-24 15:47:57', 'USR-1b82c604:14cc29913bb:-7fec', 'ADMIN', 1);
INSERT INTO `sys_rule` VALUES ('RUL-41499999:15b23048395:-77db', 'DEPLOYED', 'ELECTRIC_METER_INSTIUTIONAL', 'oboassessment', 'compute-electrical-fee', 'ELECTRIC METER - INSTIUTIONAL', NULL, 50000, NULL, NULL, '2017-03-30 18:50:01', 'USR-ADMIN', 'ADMIN', 1);
INSERT INTO `sys_rule` VALUES ('RUL-41499999:15b23048395:-77ec', 'DEPLOYED', 'ELECTRIC_METER_COMMERCIAL_INDUSTRIAL', 'oboassessment', 'compute-electrical-fee', 'ELECTRIC METER - COMMERCIAL INDUSTRIAL', NULL, 50000, NULL, NULL, '2017-03-30 18:49:42', 'USR-ADMIN', 'ADMIN', 1);
INSERT INTO `sys_rule` VALUES ('RUL-41499999:15b23048395:-77fd', 'DEPLOYED', 'ELECTRIC_METER_RESIDENTIAL', 'oboassessment', 'compute-electrical-fee', 'ELECTRIC METER - RESIDENTIAL', NULL, 50000, NULL, NULL, '2017-03-30 18:49:19', 'USR-ADMIN', 'ADMIN', 1);
INSERT INTO `sys_rule` VALUES ('RUL-41499999:15b23048395:-7d1e', 'DEPLOYED', 'GUYING_ATTACHMENT_FEE', 'oboassessment', 'compute-electrical-fee', 'GUYING ATTACHMENT FEE', NULL, 50000, NULL, NULL, '2017-03-30 18:21:56', 'USR-ADMIN', 'ADMIN', 1);
INSERT INTO `sys_rule` VALUES ('RUL-41499999:15b23048395:-7ed8', 'DEPLOYED', 'POLE_ATTACHMENT_FEE', 'oboassessment', 'compute-electrical-fee', 'POLE ATTACHMENT FEE', NULL, 50000, NULL, NULL, '2017-03-30 18:20:17', 'USR-ADMIN', 'ADMIN', 1);
INSERT INTO `sys_rule` VALUES ('RUL-4267ff2c:16a444aba70:-6950', 'DEPLOYED', 'COLUMBARIUM_FEE', 'oboassessment', 'compute-accessory-structure', 'COLUMBARIUM FEE', NULL, 50000, NULL, NULL, '2019-04-22 17:43:16', 'USR-1b82c604:14cc29913bb:-7fec', 'ADMIN', 1);
INSERT INTO `sys_rule` VALUES ('RUL-4267ff2c:16a444aba70:-6a5e', 'DEPLOYED', 'TOTALLY_ENCLOSED_MAUSOLEUM_FEE', 'oboassessment', 'compute-accessory-structure', 'TOTALLY_ENCLOSED_MAUSOLEUM_FEE', NULL, 50000, NULL, NULL, '2019-04-22 17:42:17', 'USR-1b82c604:14cc29913bb:-7fec', 'ADMIN', 1);
INSERT INTO `sys_rule` VALUES ('RUL-4267ff2c:16a444aba70:-6d3b', 'DEPLOYED', 'TOMBS_AND_SEMI_ENCLOSED_MAUSOLEUM_FEE', 'oboassessment', 'compute-accessory-structure', 'TOMBS AND SEMI ENCLOSED MAUSOLEUM FEE', NULL, 50000, NULL, NULL, '2019-04-22 17:40:49', 'USR-1b82c604:14cc29913bb:-7fec', 'ADMIN', 1);
INSERT INTO `sys_rule` VALUES ('RUL-4267ff2c:16a444aba70:-6f9a', 'DEPLOYED', 'WATER_WASTEWATER_CISTERN_FEE', 'oboassessment', 'compute-accessory-structure', 'WATER WASTEWATER CISTERN FEE', NULL, 50000, NULL, NULL, '2019-04-22 17:38:16', 'USR-1b82c604:14cc29913bb:-7fec', 'ADMIN', 1);
INSERT INTO `sys_rule` VALUES ('RUL-4267ff2c:16a444aba70:-7247', 'DEPLOYED', 'SWIMMING_POOL_LOCKER_ROOM_FEE', 'oboassessment', 'compute-accessory-structure', 'SWIMMING_POOL_LOCKER ROOM FEE', NULL, 50000, NULL, NULL, '2019-04-22 17:36:32', 'USR-1b82c604:14cc29913bb:-7fec', 'ADMIN', 1);
INSERT INTO `sys_rule` VALUES ('RUL-4267ff2c:16a444aba70:-744a', 'DEPLOYED', 'CONCRETE_OR_STEEL_TANK_ACCESSORY_FEE_ABOVE_GROUND', 'oboassessment', 'compute-accessory-structure', 'CONCRETE_OR_STEEL_TANK_ACCESSORY_FEE ABOVE GROUND', NULL, 50000, NULL, NULL, '2019-04-22 17:33:52', 'USR-1b82c604:14cc29913bb:-7fec', 'ADMIN', 1);
INSERT INTO `sys_rule` VALUES ('RUL-4267ff2c:16a444aba70:-7493', 'DEPLOYED', 'CONCRETE_OR_STEEL_TANK_ACCESSORY_FEE_UNDERGROUND', 'oboassessment', 'compute-accessory-structure', 'CONCRETE_OR_STEEL_TANK_ACCESSORY_FEE  UNDERGROUND	', NULL, 50000, NULL, NULL, '2019-04-22 17:33:30', 'USR-1b82c604:14cc29913bb:-7fec', 'ADMIN', 1);
INSERT INTO `sys_rule` VALUES ('RUL-4267ff2c:16a444aba70:-7b89', 'DEPLOYED', 'KILN_ACCESSORY_FEE', 'oboassessment', 'compute-accessory-structure', 'KILN_ACCESSORY_FEE', NULL, 50000, NULL, NULL, '2019-04-22 17:21:10', 'USR-1b82c604:14cc29913bb:-7fec', 'ADMIN', 1);
INSERT INTO `sys_rule` VALUES ('RUL-4267ff2c:16a444aba70:-7d9d', 'DEPLOYED', 'FIXED_OVEN_ACCESSORY_FEE', 'oboassessment', 'compute-accessory-structure', 'FIXED_OVEN_ACCESSORY_FEE', NULL, 50000, NULL, NULL, '2019-04-22 17:17:25', 'USR-1b82c604:14cc29913bb:-7fec', 'ADMIN', 1);
INSERT INTO `sys_rule` VALUES ('RUL-46ef70e6:15b192ccb94:-755f', 'DEPLOYED', 'BLDG_FEE_C2_D123', 'oboassessment', 'compute-bldgfee', 'COMPUTE BLDG FEE FOR C-2/D-1,2,3', NULL, 50000, NULL, NULL, '2017-03-28 22:43:41', 'USR-ADMIN', 'ADMIN', 1);
INSERT INTO `sys_rule` VALUES ('RUL-46ef70e6:15b192ccb94:-7783', 'DEPLOYED', 'BLDG_FEE_B1_C1_E123_F1_G12345_H1234_I1_J123', 'oboassessment', 'compute-bldgfee', 'COMPUTE BLDG FEE FOR B-1/ C-1/ E-1,2,3/ F-1/G-1,2,3,4,5 /H-1,2,3,4/I-1 AND J-1,2,3', NULL, 50000, NULL, NULL, '2017-03-28 22:03:53', 'USR-ADMIN', 'ADMIN', 1);
INSERT INTO `sys_rule` VALUES ('RUL-46ef70e6:15b192ccb94:-78f4', 'DEPLOYED', 'BLDG_FEE_A2', 'oboassessment', 'compute-bldgfee', 'COMPUTE BLDG FEE FOR A2', NULL, 50000, NULL, NULL, '2017-03-28 21:55:57', 'USR-ADMIN', 'ADMIN', 1);
INSERT INTO `sys_rule` VALUES ('RUL-497dd1bf:15b6a2553bf:-783f', 'DRAFT', 'BANK_AND_RECORD_VAULTS', 'oboassessment', 'compute-accessory', 'BANK AND RECORD VAULTS ', NULL, 50000, NULL, NULL, '2017-04-14 02:31:17', 'USR-ADMIN', 'ADMIN', 1);
INSERT INTO `sys_rule` VALUES ('RUL-50300c99:15b7626649d:-4a94', 'DRAFT', 'ELECTRICAL_INSPECTION_FEE', 'oboassessment', 'compute-inspection-fee', 'ELECTRICAL INSPECTION FEE', NULL, 50000, NULL, NULL, '2017-04-16 00:02:46', 'USR-ADMIN', 'ADMIN', 1);
INSERT INTO `sys_rule` VALUES ('RUL-50300c99:15b7626649d:-4d02', 'DRAFT', 'PLUMBING_INSPECTION_FEE', 'oboassessment', 'compute-inspection-fee', 'PLUMBING INSPECTION FEE', NULL, 50000, NULL, NULL, '2017-04-15 23:58:30', 'USR-ADMIN', 'ADMIN', 1);
INSERT INTO `sys_rule` VALUES ('RUL-50300c99:15b7626649d:-5330', 'DRAFT', 'PULLOUT_RESINSTALLATION_OF_STEEL_TANK', 'oboassessment', 'compute-accessory', 'PULLOUT RESINSTALLATION OF STEEL TANK ', NULL, 50000, NULL, NULL, '2017-04-15 23:07:00', 'USR-ADMIN', 'ADMIN', 1);
INSERT INTO `sys_rule` VALUES ('RUL-50300c99:15b7626649d:-56a6', 'DRAFT', 'BOOTH_KIOSK_INSP_KNOCK_DOWN_TEMP_TYPE', 'oboassessment', 'compute-accessory', 'BOOTH KIOSK PLATFORM STAGES INSPECTION OF KNOCK DOWN TEMPORARY TYPE', NULL, 50000, NULL, NULL, '2017-04-15 22:57:41', 'USR-ADMIN', 'ADMIN', 1);
INSERT INTO `sys_rule` VALUES ('RUL-50300c99:15b7626649d:-5807', 'DRAFT', 'BOOTH_KIOSK_PLATFORM_STAGES_PERMANENT', 'oboassessment', 'compute-accessory', 'BOOTH KIOSK PLATFORM STAGES PERMANENT', NULL, 50000, NULL, NULL, '2017-04-15 22:55:53', 'USR-ADMIN', 'ADMIN', 1);
INSERT INTO `sys_rule` VALUES ('RUL-50300c99:15b7626649d:-5a02', 'DRAFT', 'BOOTH_KIOSK_PLATFORM_STAGES_TEMP', 'oboassessment', 'compute-accessory', 'BOOTH KIOSK PLATFORM STAGES TEMPORARY', NULL, 50000, NULL, NULL, '2017-04-15 22:54:49', 'USR-ADMIN', 'ADMIN', 1);
INSERT INTO `sys_rule` VALUES ('RUL-50300c99:15b7626649d:-5c39', 'DRAFT', 'MULTI_LEVEL_INTERMENT_NICHES', 'oboassessment', 'compute-accessory', 'MULTI LEVEL INTERMENT NICHES', NULL, 50000, NULL, NULL, '2017-04-15 22:48:22', 'USR-ADMIN', 'ADMIN', 1);
INSERT INTO `sys_rule` VALUES ('RUL-50300c99:15b7626649d:-66a4', 'DRAFT', 'COLUMBARIUM', 'oboassessment', 'compute-accessory', 'COLUMBARIUM ', NULL, 50000, NULL, NULL, '2017-04-15 22:38:51', 'USR-ADMIN', 'ADMIN', 1);
INSERT INTO `sys_rule` VALUES ('RUL-50300c99:15b7626649d:-66b5', 'DRAFT', 'TOTALLY_ENCLOSED_MAUSOLEUM', 'oboassessment', 'compute-accessory', 'TOTALLY ENCLOSED MAUSOLEUM', NULL, 50000, NULL, NULL, '2017-04-15 22:38:41', 'USR-ADMIN', 'ADMIN', 1);
INSERT INTO `sys_rule` VALUES ('RUL-50300c99:15b7626649d:-66c6', 'DRAFT', 'SEMI_ENCLOSED_MAUSOLEUM', 'oboassessment', 'compute-accessory', 'SEMI ENCLOSED MAUSOLEUM', NULL, 50000, NULL, NULL, '2017-04-15 22:38:23', 'USR-ADMIN', 'ADMIN', 1);
INSERT INTO `sys_rule` VALUES ('RUL-50300c99:15b7626649d:-6710', 'DRAFT', 'TOMBS', 'oboassessment', 'compute-accessory', 'TOMBS', NULL, 50000, NULL, NULL, '2017-04-15 22:38:02', 'USR-ADMIN', 'ADMIN', 1);
INSERT INTO `sys_rule` VALUES ('RUL-50300c99:15b7626649d:-6cee', 'DRAFT', 'REINFORCED_CONCRETE_STEEL_TANK_UG_EXCEPT_COM_IND', 'oboassessment', 'compute-accessory', 'REINFORCED CONCRETE OR STEEL TANK UNDERGROUND FOR ALL EXCEPT COMMERCIAL INDUSTRIAL', NULL, 50000, NULL, NULL, '2017-04-15 22:24:15', 'USR-ADMIN', 'ADMIN', 1);
INSERT INTO `sys_rule` VALUES ('RUL-50300c99:15b7626649d:-6fe2', 'DRAFT', 'REINFORCED_CONCRETE_OR_STEEL_TANK_ALL_EXCEPT_AB', 'oboassessment', 'compute-accessory', 'REINFORCED CONCRETE OR STEEL TANK ABOVE GROUND FOR ALL GROUPS EXCEPT A,B', NULL, 50000, NULL, NULL, '2017-04-15 22:14:16', 'USR-ADMIN', 'ADMIN', 1);
INSERT INTO `sys_rule` VALUES ('RUL-50300c99:15b7626649d:-7440', 'DRAFT', 'REINFORCED_CONCRETE_OR_STEEL_TANK_ABV_GRD_A_B', 'oboassessment', 'compute-accessory', 'REINFORCED CONCRETE OR STEEL TANK ABOVE GROUND FOR GROUP A,B', NULL, 50000, NULL, NULL, '2017-04-15 22:05:49', 'USR-ADMIN', 'ADMIN', 1);
INSERT INTO `sys_rule` VALUES ('RUL-50300c99:15b7626649d:-77a6', 'DRAFT', 'KILN', 'oboassessment', 'compute-accessory', 'ACCESSORY FEES - KILN', NULL, 50000, NULL, NULL, '2017-04-15 21:56:46', 'USR-ADMIN', 'ADMIN', 1);
INSERT INTO `sys_rule` VALUES ('RUL-50300c99:15b7626649d:-7a5e', 'DRAFT', 'SHOWER_LOCKER_ROOM_GROUP_C_D_H_I', 'oboassessment', 'compute-accessory', 'SHOWER LOCKER ROOM GROUP C,D,H,I ', NULL, 50000, NULL, NULL, '2017-04-15 21:51:22', 'USR-ADMIN', 'ADMIN', 1);
INSERT INTO `sys_rule` VALUES ('RUL-50300c99:15b7626649d:-7a6f', 'DRAFT', 'SHOWER_LOCKER_ROOM_GROUP_B_E_F_G', 'oboassessment', 'compute-accessory', 'SHOWER LOCKER ROOM GROUP B,E,F,G', NULL, 50000, NULL, NULL, '2017-04-15 21:51:04', 'USR-ADMIN', 'ADMIN', 1);
INSERT INTO `sys_rule` VALUES ('RUL-50300c99:15b7626649d:-7ebc', 'DRAFT', 'SHOWER_LOCKER_ROOM_GROUP_A', 'oboassessment', 'compute-accessory', 'SHOWER LOCKER ROOM GROUP A', NULL, 50000, NULL, NULL, '2017-04-15 21:47:58', 'USR-ADMIN', 'ADMIN', 1);
INSERT INTO `sys_rule` VALUES ('RUL-5a2a6f0f:15b37b47575:-72c2', 'DEPLOYED', 'MECHANICAL_FEE_CABLE_CAR_LNM', 'oboassessment', 'compute-mechanical-fee', 'MECHANICAL FEE CABLE CAR LINEAL METER', NULL, 50000, NULL, NULL, '2017-04-03 19:50:18', 'USR-ADMIN', 'ADMIN', 1);
INSERT INTO `sys_rule` VALUES ('RUL-5a2a6f0f:15b37b47575:-72d3', 'DEPLOYED', 'MECHANICAL_FEE_CABLE_CAR_KW', 'oboassessment', 'compute-mechanical-fee', 'MECHANICAL FEE CABLE CAR KW', NULL, 50000, NULL, NULL, '2017-04-03 19:50:03', 'USR-ADMIN', 'ADMIN', 1);
INSERT INTO `sys_rule` VALUES ('RUL-5a2a6f0f:15b37b47575:-72e4', 'DEPLOYED', 'MECHANICAL_FEE_FUNICULAR_LNM', 'oboassessment', 'compute-mechanical-fee', 'MECHANICAL FEE FUNICULAR LINEAL METER', NULL, 50000, NULL, NULL, '2017-04-03 19:49:45', 'USR-ADMIN', 'ADMIN', 1);
INSERT INTO `sys_rule` VALUES ('RUL-5a2a6f0f:15b37b47575:-72f5', 'DEPLOYED', 'MECHANICAL_FEE_FUNICULAR_KW', 'oboassessment', 'compute-mechanical-fee', 'MECHANICAL FEE FUNICULAR KW', NULL, 50000, NULL, NULL, '2017-04-03 19:49:22', 'USR-ADMIN', 'ADMIN', 1);
INSERT INTO `sys_rule` VALUES ('RUL-5a2a6f0f:15b37b47575:-7306', 'DEPLOYED', 'MECHANICAL_FEE_ESCALATOR_LNM', 'oboassessment', 'compute-mechanical-fee', 'MECHANICAL FEE ESCALATOR LINEAL METER', NULL, 50000, NULL, NULL, '2017-04-03 19:49:00', 'USR-ADMIN', 'ADMIN', 1);
INSERT INTO `sys_rule` VALUES ('RUL-5a2a6f0f:15b37b47575:-7317', 'DEPLOYED', 'MECHANICAL_FEE_ESCALATOR_KW', 'oboassessment', 'compute-mechanical-fee', 'MECHANICAL FEE ESCALATOR KW', NULL, 50000, NULL, NULL, '2017-04-03 19:48:39', 'USR-ADMIN', 'ADMIN', 1);
INSERT INTO `sys_rule` VALUES ('RUL-70eb32d:16c2d244c23:-7a5e', 'DEPLOYED', 'TAX_CLEARANCE', 'oboassessment', 'pre-summary', 'TAX CLEARANCE', NULL, 50000, NULL, NULL, '2019-07-26 15:25:47', 'USR-6bf98eba:1254696a2c9:-7ff6', 'ADMIN', 1);
INSERT INTO `sys_rule` VALUES ('RUL-7385ffbe:16a438b05b7:-5b9d', 'DEPLOYED', 'CHIMNEY_ACCESSORY_FEE_GROUP_B_E_F_G', 'oboassessment', 'compute-accessory-structure', 'INDUSTRIAL COMMERCIAL CHIMNEY ACCESSORY_FEE GROUP B,E,F,G ', NULL, 50000, NULL, NULL, '2019-04-22 15:51:58', 'USR-1b82c604:14cc29913bb:-7fec', 'ADMIN', 1);
INSERT INTO `sys_rule` VALUES ('RUL-7385ffbe:16a438b05b7:-5cab', 'DEPLOYED', 'SMOKESTACK_ACCESSORY_FEE_GROUP_B_E_F_G', 'oboassessment', 'compute-accessory-structure', 'INDUSTRIAL COMMERCIAL SMOKESTACK ACCESSORY_FEE GROUP B,E,F,G ', NULL, 50000, NULL, NULL, '2019-04-22 15:50:47', 'USR-1b82c604:14cc29913bb:-7fec', 'ADMIN', 1);
INSERT INTO `sys_rule` VALUES ('RUL-7385ffbe:16a438b05b7:-5fc5', 'DEPLOYED', 'STORAGE_SILO_ACCESSORY_FEE', 'oboassessment', 'compute-accessory-structure', 'STORAGE_SILO_ACCESSORY_FEE', NULL, 50000, NULL, NULL, '2019-04-22 15:44:17', 'USR-1b82c604:14cc29913bb:-7fec', 'ADMIN', 1);
INSERT INTO `sys_rule` VALUES ('RUL-7385ffbe:16a438b05b7:-6f3a', 'DEPLOYED', 'TOWER_TRILON_GUYED_ACCESSORY_FEE_GROUP_C_D_H', 'oboassessment', 'compute-accessory-structure', 'TOWER_TRILON GUYED ACCESSORY_FEE GROUP C,D,H', NULL, 50000, NULL, NULL, '2019-04-22 15:22:09', 'USR-1b82c604:14cc29913bb:-7fec', 'ADMIN', 1);
INSERT INTO `sys_rule` VALUES ('RUL-7385ffbe:16a438b05b7:-6f77', 'DEPLOYED', 'TOWER_TRILON_GUYED_ACCESSORY_FEE_GROUP_A', 'oboassessment', 'compute-accessory-structure', 'TOWER_TRILON GUYED ACCESSORY_FEE GROUP A', NULL, 50000, NULL, NULL, '2019-04-22 15:21:48', 'USR-1b82c604:14cc29913bb:-7fec', 'ADMIN', 1);
INSERT INTO `sys_rule` VALUES ('RUL-7385ffbe:16a438b05b7:-6fb0', 'DEPLOYED', 'TOWER_TRILON_GUYED_ACCESSORY_FEE_GROUP_B_E_F_G', 'oboassessment', 'compute-accessory-structure', 'TOWER_TRILON GUYED ACCESSORY_FEE GROUP B,E,F,G ', NULL, 50000, NULL, NULL, '2019-04-22 15:21:33', 'USR-1b82c604:14cc29913bb:-7fec', 'ADMIN', 1);
INSERT INTO `sys_rule` VALUES ('RUL-7385ffbe:16a438b05b7:-6feb', 'DEPLOYED', 'TOWER_SELF_SUPPORTING_ACCESSORY_FEE_GROUP_C_D_H', 'oboassessment', 'compute-accessory-structure', 'TOWER_SELF_SUPPORTING ACCESSORY_FEE GROUP C,D,H', NULL, 50000, NULL, NULL, '2019-04-22 15:20:57', 'USR-1b82c604:14cc29913bb:-7fec', 'ADMIN', 1);
INSERT INTO `sys_rule` VALUES ('RUL-7385ffbe:16a438b05b7:-6ffc', 'DEPLOYED', 'TOWER_SELF_SUPPORTING_ACCESSORY_FEE_GROUP_A', 'oboassessment', 'compute-accessory-structure', 'TOWER_SELF_SUPPORTING ACCESSORY_FEE GROUP A', NULL, 50000, NULL, NULL, '2019-04-22 15:20:37', 'USR-1b82c604:14cc29913bb:-7fec', 'ADMIN', 1);
INSERT INTO `sys_rule` VALUES ('RUL-7385ffbe:16a438b05b7:-7085', 'DEPLOYED', 'TOWER_SELF_SUPPORTING_ACCESSORY_FEE_GROUP_B_E_F_G', 'oboassessment', 'compute-accessory-structure', 'TOWER_SELF_SUPPORTING ACCESSORY_FEE GROUP B,E,F,G ', NULL, 50000, NULL, NULL, '2019-04-22 15:20:07', 'USR-1b82c604:14cc29913bb:-7fec', 'ADMIN', 1);
INSERT INTO `sys_rule` VALUES ('RUL-7385ffbe:16a438b05b7:-7482', 'DEPLOYED', 'FIREWALL_ACCESSORY_FEE', 'oboassessment', 'compute-accessory-structure', 'FIREWALL_ACCESSORY_FEE', NULL, 50000, NULL, NULL, '2019-04-22 15:13:07', 'USR-1b82c604:14cc29913bb:-7fec', 'ADMIN', 1);
INSERT INTO `sys_rule` VALUES ('RUL-7385ffbe:16a438b05b7:-7cab', 'DEPLOYED', 'SINGLE_RESIDENTIAL_LOCATIONAL_CLEARANCE', 'oboassessment', 'compute-zoning-fee', 'SINGLE_RESIDENTIAL_LOCATIONAL_CLEARANCE', NULL, 50000, NULL, NULL, '2019-04-22 14:01:32', 'USR-1b82c604:14cc29913bb:-7fec', 'ADMIN', 1);
INSERT INTO `sys_rule` VALUES ('RUL-75b995c:15b18c6b9a6:-6dbc', 'DEPLOYED', 'BLDG_FEE_A1', 'oboassessment', 'compute-bldgfee', 'COMPUTE BLDG FEE FOR A1', NULL, 50000, NULL, NULL, '2017-03-28 19:33:18', 'USR-ADMIN', 'ADMIN', 1);
INSERT INTO `sys_rule` VALUES ('RUL-75b995c:15b18c6b9a6:-7087', 'DEPLOYED', 'COMPUTE_CONSTRUCTION_COST_FOR_F', 'oboconstructioncost', 'initial', 'COMPUTE CONSTRUCTION COST FOR F', NULL, 50000, NULL, NULL, '2017-03-28 19:29:59', 'USR-ADMIN', 'ADMIN', 1);
INSERT INTO `sys_rule` VALUES ('RUL-75b995c:15b18c6b9a6:-73a0', 'DEPLOYED', 'COMPUTE_CONSTRUCTION_COST_FOR_A_B_C_D_E_G_H_I', 'oboconstructioncost', 'initial', 'COMPUTE CONSTRUCTION COST FOR A,B,C,D,E,G,H,I', NULL, 50000, NULL, NULL, '2017-03-28 19:12:39', 'USR-ADMIN', 'ADMIN', 1);
INSERT INTO `sys_rule` VALUES ('RUL-7c07cdf9:16a4d035b31:-79a9', 'DEPLOYED', 'ADD_ACCESSORY_FEE', 'oboassessment', 'initial', 'ADD ACCESSORY FEE', NULL, 50000, NULL, NULL, '2019-04-24 09:58:59', 'USR-1b82c604:14cc29913bb:-7fec', 'ADMIN', 1);
INSERT INTO `sys_rule` VALUES ('RUL10bc2a9b:15b3805d39e:-6ef4', 'DEPLOYED', 'MECHANICAL_FEE_FIRE_SPRINKLER_SYSTEM', 'oboassessment', 'compute-mechanical-fee', 'MECHANICAL FEE FIRE SPRINKLER SYSTEM', NULL, 50000, NULL, NULL, '2017-04-03 20:53:01', 'USR-ADMIN', 'ADMIN', 1);
INSERT INTO `sys_rule` VALUES ('RUL10bc2a9b:15b3805d39e:-6f05', 'DEPLOYED', 'MECHANICAL_FEE_WATER_SUMP', 'oboassessment', 'compute-mechanical-fee', 'MECHANICAL FEE WATER SUMP', NULL, 50000, NULL, NULL, '2017-04-03 20:52:43', 'USR-ADMIN', 'ADMIN', 1);
INSERT INTO `sys_rule` VALUES ('RUL10bc2a9b:15b3805d39e:-6f74', 'DEPLOYED', 'MECHANICAL_FEE_PRESSURIZED_WATER_HEATER', 'oboassessment', 'compute-mechanical-fee', 'MECHANICAL FEE PRESSURIZED WATER HEATER', NULL, 50000, NULL, NULL, '2017-04-03 20:49:26', 'USR-ADMIN', 'ADMIN', 1);
INSERT INTO `sys_rule` VALUES ('RUL10bc2a9b:15b3805d39e:-7cd0', 'DEPLOYED', 'MECHANICAL_FEE_CONSTRUCTION_ELEVATOR', 'oboassessment', 'compute-mechanical-fee', 'MECHANICAL FEE CONSTRUCTION ELEVATOR', NULL, 50000, NULL, NULL, '2017-04-03 20:19:41', 'USR-ADMIN', 'ADMIN', 1);
INSERT INTO `sys_rule` VALUES ('RUL10bc2a9b:15b3805d39e:-7ce1', 'DEPLOYED', 'MECHANICAL_FEE_MOTOR_DRIVEN_DUMBWAITER', 'oboassessment', 'compute-mechanical-fee', 'MECHANICAL MOTOR DRIVEN DUMBWAITER', NULL, 50000, NULL, NULL, '2017-04-03 20:19:23', 'USR-ADMIN', 'ADMIN', 1);
INSERT INTO `sys_rule` VALUES ('RUL1fc2e40d:169eb7a6037:-69b0', 'APPROVED', 'ADD_BUILDING_PERMIT_FEE', 'oboassessment', 'initial', 'ADD BUILDING PERMIT FEE', NULL, 50000, NULL, NULL, '2019-04-05 11:47:12', 'USR-1b82c604:14cc29913bb:-7fec', 'ADMIN', 1);
INSERT INTO `sys_rule` VALUES ('RUL2671fb3e:15b76f0ce63:-73e5', 'DRAFT', 'MECHANICAL_INSPECTION_BOILER', 'oboassessment', 'compute-inspection-fee', 'MECHANICAL INSPECTION BOILERS', NULL, 50000, NULL, NULL, '2017-04-16 01:57:16', 'USR-ADMIN', 'ADMIN', 1);
INSERT INTO `sys_rule` VALUES ('RUL2671fb3e:15b76f0ce63:-74ce', 'DRAFT', 'MECHANICAL_INSPECTION_ESCALATOR_AND_MOVING_WALK', 'oboassessment', 'compute-inspection-fee', 'MECHANICAL INSPECTION ESCALATOR AND MOVING WALK', NULL, 50000, NULL, NULL, '2017-04-16 01:51:45', 'USR-ADMIN', 'ADMIN', 1);
INSERT INTO `sys_rule` VALUES ('RUL2671fb3e:15b76f0ce63:-76ce', 'DRAFT', 'MECHANICAL_INSPECTION_VENTILATION', 'oboassessment', 'compute-inspection-fee', 'MECHANICAL_INSPECTION_VENTILATION', NULL, 50000, NULL, NULL, '2017-04-16 01:49:28', 'USR-ADMIN', 'ADMIN', 1);
INSERT INTO `sys_rule` VALUES ('RUL2671fb3e:15b76f0ce63:-78d2', 'DRAFT', 'MECHANICAL_INSPECTION_REF_AND_ICE_PLANTS', 'oboassessment', 'compute-inspection-fee', 'MECHANICAL INSPECTION REF AND ICE PLANTS', NULL, 50000, NULL, NULL, '2017-04-16 01:46:59', 'USR-ADMIN', 'ADMIN', 1);
INSERT INTO `sys_rule` VALUES ('RUL27db1036:16a38f07d48:-6e8b', 'DEPLOYED', 'ELECTRONIC_FEE_OTHER_EQUIPMENT', 'oboassessment', 'compute-electronic-fee', 'ELECTRONIC_FEE_OTHER_EQUIPMENT', NULL, 50000, NULL, NULL, '2019-04-20 13:11:03', 'USR-1b82c604:14cc29913bb:-7fec', 'ADMIN', 1);
INSERT INTO `sys_rule` VALUES ('RUL27db1036:16a38f07d48:-75b1', 'DEPLOYED', 'ELECTRONIC_FEE_SIGNAGE', 'oboassessment', 'compute-electronic-fee', 'ELECTRONIC_FEE_SIGNAGE', NULL, 50000, NULL, NULL, '2019-04-20 13:05:15', 'USR-1b82c604:14cc29913bb:-7fec', 'ADMIN', 1);
INSERT INTO `sys_rule` VALUES ('RUL27db1036:16a38f07d48:-75c2', 'DEPLOYED', 'ELECTRONIC_FEE_ANTENNA', 'oboassessment', 'compute-electronic-fee', 'ELECTRONIC_FEE_ANTENNA', NULL, 50000, NULL, NULL, '2019-04-20 13:05:03', 'USR-1b82c604:14cc29913bb:-7fec', 'ADMIN', 1);
INSERT INTO `sys_rule` VALUES ('RUL27db1036:16a38f07d48:-75e4', 'DEPLOYED', 'ELECTRONIC_FEE_GROUP_E', 'oboassessment', 'compute-electronic-fee', 'ELECTRONIC_FEE_GROUP_E (CONTROL SYSTEMS)', NULL, 50000, NULL, NULL, '2019-04-20 13:03:59', 'USR-1b82c604:14cc29913bb:-7fec', 'ADMIN', 1);
INSERT INTO `sys_rule` VALUES ('RUL27db1036:16a38f07d48:-75f5', 'DEPLOYED', 'ELECTRONIC_FEE_GROUP_D', 'oboassessment', 'compute-electronic-fee', 'ELECTRONIC_FEE_GROUP_D ( IT SYSTEMS )', NULL, 50000, NULL, NULL, '2019-04-20 13:03:42', 'USR-1b82c604:14cc29913bb:-7fec', 'ADMIN', 1);
INSERT INTO `sys_rule` VALUES ('RUL27db1036:16a38f07d48:-7606', 'DEPLOYED', 'ELECTRONIC_FEE_GROUP_C', 'oboassessment', 'compute-electronic-fee', 'ELECTRONIC_FEE_GROUP_C ( ELECTRONIC EQUIPMENTS)', NULL, 50000, NULL, NULL, '2019-04-20 13:03:21', 'USR-1b82c604:14cc29913bb:-7fec', 'ADMIN', 1);
INSERT INTO `sys_rule` VALUES ('RUL27db1036:16a38f07d48:-7617', 'DEPLOYED', 'ELECTRONIC_FEE_GROUP_B', 'oboassessment', 'compute-electronic-fee', 'ELECTRONIC_FEE_GROUP_B (BROADCASTING)', NULL, 50000, NULL, NULL, '2019-04-20 13:02:51', 'USR-1b82c604:14cc29913bb:-7fec', 'ADMIN', 1);
INSERT INTO `sys_rule` VALUES ('RUL27db1036:16a38f07d48:-7952', 'DEPLOYED', 'ELECTRONIC_FEE_GROUP_A', 'oboassessment', 'compute-electronic-fee', 'ELECTRONIC_FEE_GROUP_A (TELECOM)', NULL, 50000, NULL, NULL, '2019-04-20 12:59:33', 'USR-1b82c604:14cc29913bb:-7fec', 'ADMIN', 1);
INSERT INTO `sys_rule` VALUES ('RUL2e43f3c6:15b48c07f72:-78ea', 'DEPLOYED', 'PLUMBING_FEE_VALUE_AT_7', 'oboassessment', 'compute-plumbing-fee', 'PLUMBING FEE @ 7 PESOS PER UNIT', NULL, 50000, NULL, NULL, '2017-04-07 02:21:09', 'USR-ADMIN', 'ADMIN', 1);
INSERT INTO `sys_rule` VALUES ('RUL36ece640:15b3cf0a031:-779a', 'DEPLOYED', 'MECHANICAL_FEE_ENGINES', 'oboassessment', 'compute-mechanical-fee', 'MECHANICAL FEE FOR DIESEL GASOLINE STEAM HYDRO NUCLEAR SOLAR ENGINES', NULL, 50000, NULL, NULL, '2017-04-04 19:27:55', 'USR-ADMIN', 'ADMIN', 1);
INSERT INTO `sys_rule` VALUES ('RUL38a7c1c3:15b23504df7:-7667', 'DEPLOYED', 'ADD_MECHANICAL_FEE_DEFAULT', 'oboassessment', 'initial', 'ADD MECHANICAL FEE DEFAULT', NULL, 50000, NULL, NULL, '2017-03-30 20:05:35', 'USR-ADMIN', 'ADMIN', 1);
INSERT INTO `sys_rule` VALUES ('RUL3b31d1e8:16a5826cfa5:-72a3', 'DEPLOYED', 'UPLR_FEE', 'oboassessment', 'summary', 'UPLR FEE', NULL, 50000, NULL, NULL, '2019-04-26 14:56:31', 'USR-1b82c604:14cc29913bb:-7fec', 'ADMIN', 1);
INSERT INTO `sys_rule` VALUES ('RUL3b3fed41:16bdd640b5c:-74d3', 'DEPLOYED', 'NEW_CONSTRUCTION_COST_FOR_ACCESSORY', 'oboconstructioncost', 'initial', 'NEW CONSTRUCTION COST FOR ACCESSORY for j group', NULL, 50000, NULL, NULL, '2019-07-11 03:53:35', 'USR-6bf98eba:1254696a2c9:-7ff6', 'ADMIN', 1);
INSERT INTO `sys_rule` VALUES ('RUL3f65f585:15b74b1144b:-5fa3', 'DRAFT', 'FIXED_OVEN_COMMERCIAL_INDUSTRIAL', 'oboassessment', 'compute-accessory', 'FIXED_OVEN_COMMERCIAL_INDUSTRIAL', NULL, 50000, NULL, NULL, '2017-04-15 18:45:52', 'USR-ADMIN', 'ADMIN', 1);
INSERT INTO `sys_rule` VALUES ('RUL3f65f585:15b74b1144b:-61c9', 'DRAFT', 'CHIMNEY', 'oboassessment', 'compute-accessory', 'CHIMNEY', NULL, 50000, NULL, NULL, '2017-04-15 18:43:43', 'USR-ADMIN', 'ADMIN', 1);
INSERT INTO `sys_rule` VALUES ('RUL3f65f585:15b74b1144b:-6396', 'DRAFT', 'SMOKESTACK_B_E_F_G', 'oboassessment', 'compute-accessory', 'SMOKE STACK FOR GROUP B,E,F,G', NULL, 50000, NULL, NULL, '2017-04-15 18:41:23', 'USR-ADMIN', 'ADMIN', 1);
INSERT INTO `sys_rule` VALUES ('RUL3f65f585:15b74b1144b:-65b4', 'DRAFT', 'STORAGE_SILOS', 'oboassessment', 'compute-accessory', 'STORAGE SILOS', NULL, 50000, NULL, NULL, '2017-04-15 18:16:03', 'USR-ADMIN', 'ADMIN', 1);
INSERT INTO `sys_rule` VALUES ('RUL3f65f585:15b74b1144b:-6ec2', 'DRAFT', 'TOWER_TRILON_GUYED_GROUPS_C_D_H_I', 'oboassessment', 'compute-accessory', 'TOWER TRILON GUYED GROUPS C D H I ', NULL, 50000, NULL, NULL, '2017-04-15 17:49:21', 'USR-ADMIN', 'ADMIN', 1);
INSERT INTO `sys_rule` VALUES ('RUL3f65f585:15b74b1144b:-6efb', 'DRAFT', 'TOWER_SELF_SUPPORTING_GROUPS_C_D_H_I', 'oboassessment', 'compute-accessory', 'TOWER SELF SUPPORTING GROUPS C D H I ', NULL, 50000, NULL, NULL, '2017-04-15 17:48:53', 'USR-ADMIN', 'ADMIN', 1);
INSERT INTO `sys_rule` VALUES ('RUL3f65f585:15b74b1144b:-6f38', 'DRAFT', 'TOWER_TRILON_GUYED_COMMERCIAL_INDUSTRIAL', 'oboassessment', 'compute-accessory', 'TOWER TRILON GUYED COMMERCIAL INDUSTRIAL', NULL, 50000, NULL, NULL, '2017-04-15 17:48:09', 'USR-ADMIN', 'ADMIN', 1);
INSERT INTO `sys_rule` VALUES ('RUL3f65f585:15b74b1144b:-6f6a', 'DRAFT', 'TOWER_SELF_SUPPORTING_COMMERCIAL_INDUSTRIAL', 'oboassessment', 'compute-accessory', 'TOWER SELF SUPPORTING COMMERCIAL INDUSTRIAL', NULL, 50000, NULL, NULL, '2017-04-15 17:47:47', 'USR-ADMIN', 'ADMIN', 1);
INSERT INTO `sys_rule` VALUES ('RUL3f65f585:15b74b1144b:-6fbc', 'DRAFT', 'TOWER_TRILON_GUYED_SINGLE_DWELLING_UNITS', 'oboassessment', 'compute-accessory', 'TOWER TRILON GUYED SINGLE DETACHED DWELLING UNITS', NULL, 50000, NULL, NULL, '2017-04-15 17:47:09', 'USR-ADMIN', 'ADMIN', 1);
INSERT INTO `sys_rule` VALUES ('RUL3f65f585:15b74b1144b:-73aa', 'DRAFT', 'TOWER_SELF_SUPPORTING_SINGLE_DWELLING_UNITS', 'oboassessment', 'compute-accessory', 'TOWER SELF SUPPORTING SINGLE DETACHED DWELLING UNITS', NULL, 50000, NULL, NULL, '2017-04-15 16:00:16', 'USR-ADMIN', 'ADMIN', 1);
INSERT INTO `sys_rule` VALUES ('RUL3f65f585:15b74b1144b:-7647', 'DRAFT', 'FIREWALLS_SEPARATE_FROM_BLDG', 'oboassessment', 'compute-accessory', 'FIREWALLS SEPARATE FROM BLDG', NULL, 50000, NULL, NULL, '2017-04-16 03:55:40', 'USR-ADMIN', 'ADMIN', 1);
INSERT INTO `sys_rule` VALUES ('RUL4cf13b0:15b4dbc7b17:-769d', 'DEPLOYED', 'PLUMBING_FEE_SEPTIC_TANK_CONSTRUCTION', 'oboassessment', 'compute-plumbing-fee', 'PLUMBING FEE SEPTIC TANK CONSTRUCTION', NULL, 50000, NULL, NULL, '2017-04-08 01:56:01', 'USR-ADMIN', 'ADMIN', 1);
INSERT INTO `sys_rule` VALUES ('RUL4cf13b0:15b4dbc7b17:-78b3', 'DEPLOYED', 'PLUMBING_FEE_WATER_METER_ABOVE_25_MM', 'oboassessment', 'compute-plumbing-fee', 'PLUMBING FEE WATER METER ABOVE 25 MM', NULL, 50000, NULL, NULL, '2017-04-08 01:52:41', 'USR-ADMIN', 'ADMIN', 1);
INSERT INTO `sys_rule` VALUES ('RUL4cf13b0:15b4dbc7b17:-78c4', 'DEPLOYED', 'PLUMBING_FEE_WATER_METER_12_TO_25_MM', 'oboassessment', 'compute-plumbing-fee', 'PLUMBING FEE WATER METER 12 TO 25 MM DIA.', NULL, 50000, NULL, NULL, '2017-04-08 01:52:17', 'USR-ADMIN', 'ADMIN', 1);
INSERT INTO `sys_rule` VALUES ('RUL4cf13b0:15b4dbc7b17:-7d2e', 'DEPLOYED', 'PLUMBING_FEE_VALUE_AT_2', 'oboassessment', 'compute-plumbing-fee', 'PLUMBING FEE @ 2 PESOS PER UNIT', NULL, 50000, NULL, NULL, '2017-04-08 01:29:21', 'USR-ADMIN', 'ADMIN', 1);
INSERT INTO `sys_rule` VALUES ('RUL4cf13b0:15b4dbc7b17:-7e4b', 'DEPLOYED', 'PLUMBING_FEE_VALUE_AT_4', 'oboassessment', 'compute-plumbing-fee', 'PLUMBING FEE @ 4 PESOS PER UNIT', NULL, 50000, NULL, NULL, '2017-04-08 01:26:49', 'USR-ADMIN', 'ADMIN', 1);
INSERT INTO `sys_rule` VALUES ('RUL4cf13b0:15b4dbc7b17:-7e5c', 'DEPLOYED', 'PLUMBING_FEE_VALUE_AT_3', 'oboassessment', 'compute-plumbing-fee', 'PLUMBING FEE @ 3 PESOS PER UNIT', NULL, 50000, NULL, NULL, '2017-04-08 01:26:41', 'USR-ADMIN', 'ADMIN', 1);
INSERT INTO `sys_rule` VALUES ('RUL4e513a84:15b291a0165:-7eee', 'DEPLOYED', 'MECHANICAL_FEE_BOILER', 'oboassessment', 'compute-mechanical-fee', 'MECHANICAL_FEE_BOILER', NULL, 50000, NULL, NULL, '2017-03-31 22:41:25', 'USR-ADMIN', 'ADMIN', 1);
INSERT INTO `sys_rule` VALUES ('RUL51c2b1c4:15b69a42d57:-7855', 'DRAFT', 'BLDG_WITH_HEIGHT_ABOVE_8_METERS', 'oboassessment', 'compute-accessory', 'ACCESSORY STRUCTURE FEE FOR BLDG WITH HEIGHT ABOVE 8 METERS', NULL, 50000, NULL, NULL, '2017-04-13 23:48:35', 'USR-ADMIN', 'ADMIN', 1);
INSERT INTO `sys_rule` VALUES ('RUL51c2b1c4:15b69a42d57:-7e9a', 'DEPLOYED', 'ADD_ACCESSORY_OF_THE_BLDG_STRUCTURE_FEES', 'oboassessment', 'initial', 'ADD ACCESSORY OF THE BLDG STRUCTURE FEES', NULL, 50000, NULL, NULL, '2017-04-13 23:42:42', 'USR-ADMIN', 'ADMIN', 1);
INSERT INTO `sys_rule` VALUES ('RUL544e84a6:15b372b5faf:-782f', 'DEPLOYED', 'MECHANICAL_FEE_MV_BLOWER_FAN', 'oboassessment', 'compute-mechanical-fee', 'MECHANICAL FEE MECHANICAL VENTILATION BLOWER OR FAN ', NULL, 50000, NULL, NULL, '2017-04-03 18:26:25', 'USR-ADMIN', 'ADMIN', 1);
INSERT INTO `sys_rule` VALUES ('RUL544e84a6:15b372b5faf:-7959', 'DEPLOYED', 'MECHANICAL_FEE_WINDOW_TYPE_AC', 'oboassessment', 'compute-mechanical-fee', 'MECHANICAL FEE WINDOW TYPE AIRCONDITIONING', NULL, 50000, NULL, NULL, '2017-04-03 18:24:27', 'USR-ADMIN', 'ADMIN', 1);
INSERT INTO `sys_rule` VALUES ('RUL544e84a6:15b372b5faf:-7c53', 'DEPLOYED', 'MECHANICAL_FEE_PC_AC', 'oboassessment', 'compute-mechanical-fee', 'MECHANICAL FEE PACKAGED CENTRALIZED AIR CONDITIONING SYSTEM', NULL, 50000, NULL, NULL, '2017-04-03 16:34:26', 'USR-ADMIN', 'ADMIN', 1);
INSERT INTO `sys_rule` VALUES ('RUL544e84a6:15b372b5faf:-7d4b', 'DEPLOYED', 'MECHANICAL_FEE_ICE_PLANT', 'oboassessment', 'compute-mechanical-fee', 'MECHANICAL FEE ICE PLANT', NULL, 50000, NULL, NULL, '2017-04-03 16:32:44', 'USR-ADMIN', 'ADMIN', 1);
INSERT INTO `sys_rule` VALUES ('RUL55d9e7c7:16a3522d159:-71db', 'DEPLOYED', 'ADD_FIRE_INSPECTION_FEE', 'oboassessment', 'compute-zoning-fee', 'ADD FIRE INSPECTION FEE', NULL, 50000, NULL, NULL, '2019-04-19 19:21:26', 'USR-1b82c604:14cc29913bb:-7fec', 'ADMIN', 1);
INSERT INTO `sys_rule` VALUES ('RUL55d9e7c7:16a3522d159:-7417', 'DEPLOYED', 'COMPUTE_FIRE_INSPECTION_FEE', 'oboassessment', 'compute-permit-fee', 'COMPUTE_FIRE_INSPECTION_FEE', NULL, 50000, NULL, NULL, '2019-04-19 19:18:58', 'USR-1b82c604:14cc29913bb:-7fec', 'ADMIN', 1);
INSERT INTO `sys_rule` VALUES ('RUL55d9e7c7:16a3522d159:-7c8e', 'DEPLOYED', 'ADD_ELECTRONIC_FEE', 'oboassessment', 'initial', 'ADD ELECTRONIC FEE', NULL, 50000, NULL, NULL, '2019-04-19 19:14:51', 'USR-1b82c604:14cc29913bb:-7fec', 'ADMIN', 1);
INSERT INTO `sys_rule` VALUES ('RUL59515aa4:16a3a32fa5e:-3fb8', 'DEPLOYED', 'SWIMMING_POOL_INDIGENOUS_FEE_GROUP_C_D_H_I', 'oboassessment', 'compute-accessory-structure', 'SWIMMING POOL INDIGENOUS MATERIALS FEE GROUP C,D,H,I', NULL, 50000, NULL, NULL, '2019-04-20 23:18:51', 'USR-1b82c604:14cc29913bb:-7fec', 'ADMIN', 1);
INSERT INTO `sys_rule` VALUES ('RUL59515aa4:16a3a32fa5e:-3fec', 'DEPLOYED', 'SWIMMING_POOL_INDIGENOUS_FEE_GROUP_B_E_F_G', 'oboassessment', 'compute-accessory-structure', 'SWIMMING POOL INDIGENOUS MATERIALS FEE GROUP B E F G', NULL, 50000, NULL, NULL, '2019-04-20 23:18:29', 'USR-1b82c604:14cc29913bb:-7fec', 'ADMIN', 1);
INSERT INTO `sys_rule` VALUES ('RUL59515aa4:16a3a32fa5e:-4020', 'DEPLOYED', 'SWIMMING_POOL_INDIGENOUS_FEE_GROUP_A', 'oboassessment', 'compute-accessory-structure', 'SWIMMING POOL INDIGENOUS MATERIALS FEE GROUP A', NULL, 50000, NULL, NULL, '2019-04-20 23:18:05', 'USR-1b82c604:14cc29913bb:-7fec', 'ADMIN', 1);
INSERT INTO `sys_rule` VALUES ('RUL59515aa4:16a3a32fa5e:-41fd', 'DEPLOYED', 'SWIMMING_POOL_FEE_GROUP_C_D_H_I', 'oboassessment', 'compute-accessory-structure', 'SWIMMING POOL FEE GROUP C,D,H,I', NULL, 50000, NULL, NULL, '2019-04-20 23:15:52', 'USR-1b82c604:14cc29913bb:-7fec', 'ADMIN', 1);
INSERT INTO `sys_rule` VALUES ('RUL59515aa4:16a3a32fa5e:-420e', 'DEPLOYED', 'SWIMMING_POOL_FEE_GROUP_B_E_F_G', 'oboassessment', 'compute-accessory-structure', 'SWIMMING POOL FEE GROUP B E F G', NULL, 50000, NULL, NULL, '2019-04-20 23:15:33', 'USR-1b82c604:14cc29913bb:-7fec', 'ADMIN', 1);
INSERT INTO `sys_rule` VALUES ('RUL59515aa4:16a3a32fa5e:-43ab', 'DEPLOYED', 'SWIMMING_POOL_FEE_GROUP_A', 'oboassessment', 'compute-accessory-structure', 'SWIMMING POOL FEE GROUP A', NULL, 50000, NULL, NULL, '2019-04-20 23:14:00', 'USR-1b82c604:14cc29913bb:-7fec', 'ADMIN', 1);
INSERT INTO `sys_rule` VALUES ('RUL59515aa4:16a3a32fa5e:-4513', 'DEPLOYED', 'BANK_VAULT_FEE', 'oboassessment', 'compute-accessory-structure', 'BANK_VAULT_FEE', NULL, 50000, NULL, NULL, '2019-04-20 23:09:18', 'USR-1b82c604:14cc29913bb:-7fec', 'ADMIN', 1);
INSERT INTO `sys_rule` VALUES ('RUL59515aa4:16a3a32fa5e:-6790', 'DEPLOYED', 'BLDG_HEIGHT_ABOVE_8_METERS_FEE', 'oboassessment', 'compute-accessory-structure', 'BLDG_HEIGHT_ABOVE_8_METERS_FEE', NULL, 50000, NULL, NULL, '2019-04-20 18:34:55', 'USR-1b82c604:14cc29913bb:-7fec', 'ADMIN', 1);
INSERT INTO `sys_rule` VALUES ('RUL59515aa4:16a3a32fa5e:-775e', 'DEPLOYED', 'BALCONY_FEE_A1', 'oboassessment', 'compute-accessory-structure', 'COMPUTE BALCONY FEE FOR A1', NULL, 50000, NULL, NULL, '2019-04-20 18:23:24', 'USR-1b82c604:14cc29913bb:-7fec', 'ADMIN', 1);
INSERT INTO `sys_rule` VALUES ('RUL59515aa4:16a3a32fa5e:-7792', 'DEPLOYED', 'BALCONY_FEE_A2', 'oboassessment', 'compute-accessory-structure', 'BALCONY FEE FOR A2', NULL, 50000, NULL, NULL, '2019-04-20 18:23:06', 'USR-1b82c604:14cc29913bb:-7fec', 'ADMIN', 1);
INSERT INTO `sys_rule` VALUES ('RUL59515aa4:16a3a32fa5e:-77c6', 'DEPLOYED', 'BALCONY_FEE_B1_C1_E123_F1_G12345_H1234_I1_J123', 'oboassessment', 'compute-accessory-structure', 'BALCONY FEE FOR B-1/ C-1/ E-1,2,3/ F-1/G-1,2,3,4,5 /H-1,2,3,4/I-1 AND J-1,2,3', NULL, 50000, NULL, NULL, '2019-04-20 18:22:46', 'USR-1b82c604:14cc29913bb:-7fec', 'ADMIN', 1);
INSERT INTO `sys_rule` VALUES ('RUL59515aa4:16a3a32fa5e:-77fa', 'DEPLOYED', 'BALCONY_FEE_C2_D123', 'oboassessment', 'compute-accessory-structure', 'COMPUTE BALCONY FEE FOR C-2/D-1,2,3', NULL, 50000, NULL, NULL, '2019-04-20 18:22:27', 'USR-1b82c604:14cc29913bb:-7fec', 'ADMIN', 1);
INSERT INTO `sys_rule` VALUES ('RUL59515aa4:16a3a32fa5e:-782e', 'APPROVED', 'BALCONY_FEE_A1_NOT_NEW', 'oboassessment', 'compute-accessory-structure', 'COMPUTE BALCONY FEE A1 NOT NEW', NULL, 50000, NULL, NULL, '2019-04-20 18:22:06', 'USR-1b82c604:14cc29913bb:-7fec', 'ADMIN', 1);
INSERT INTO `sys_rule` VALUES ('RUL59515aa4:16a3a32fa5e:-7883', 'APPROVED', 'BALCONY_FEE_A2_NOT_NEW', 'oboassessment', 'compute-accessory-structure', 'COMPUTE BALCONY FEE  A2 NOT ORIGINAL', NULL, 50000, NULL, NULL, '2019-04-20 18:21:41', 'USR-1b82c604:14cc29913bb:-7fec', 'ADMIN', 1);
INSERT INTO `sys_rule` VALUES ('RUL67dafb9:15b5100218a:-7bbc', 'APPROVED', 'OCCUPANCY_FEE_J2', 'oboassessment', 'compute-permit-fee', 'OCCUPANCY FEE FOR J2 CLASSIFICATION', NULL, 50000, NULL, NULL, '2017-04-08 16:50:53', 'USR-ADMIN', 'ADMIN', 1);
INSERT INTO `sys_rule` VALUES ('RUL67dafb9:15b5100218a:-7bcd', 'APPROVED', 'OCCUPANCY_FEE_J1', 'oboassessment', 'compute-permit-fee', 'OCCUPANCY FEE FOR J1 CLASSIFICATION', NULL, 50000, NULL, NULL, '2017-04-08 16:50:33', 'USR-ADMIN', 'ADMIN', 1);
INSERT INTO `sys_rule` VALUES ('RUL67dafb9:15b5100218a:-7bde', 'APPROVED', 'OCCUPANCY_FEE_C12_D123', 'oboassessment', 'compute-permit-fee', 'OCCUPANCY FEE FOR C12, D123', NULL, 50000, NULL, NULL, '2017-04-08 16:50:14', 'USR-ADMIN', 'ADMIN', 1);
INSERT INTO `sys_rule` VALUES ('RUL67dafb9:15b5100218a:-7bef', 'APPROVED', 'OCCUPANCY_FEE_B1_E123_F1_G12345_H123_I1', 'oboassessment', 'compute-permit-fee', 'OCCUPANCY FEE FOR B1, E123, F1, G12345, H123, I1', NULL, 50000, NULL, NULL, '2017-04-08 16:49:41', 'USR-ADMIN', 'ADMIN', 1);
INSERT INTO `sys_rule` VALUES ('RUL67dafb9:15b5100218a:-7ea4', 'APPROVED', 'OCCUPANCY_FEE_A1_A2', 'oboassessment', 'compute-permit-fee', 'OCCUPANCY FEE FOR A1 AND A2 CLASSIFICATION', NULL, 50000, NULL, NULL, '2017-04-08 16:40:39', 'USR-ADMIN', 'ADMIN', 1);
INSERT INTO `sys_rule` VALUES ('RUL67f85531:15b22c52b19:-7925', 'DRAFT', 'REMOVE_ZERO_VALUE_FEES', 'oboassessment', 'summary', 'REMOVE FEES WITH ZERO VALUE', NULL, 50000, NULL, NULL, '2017-03-30 17:13:57', 'USR-ADMIN', 'ADMIN', 1);
INSERT INTO `sys_rule` VALUES ('RUL6a083481:15b1d42e454:-7e47', 'DEPLOYED', 'ELECTRICAL_FEE_TOTAL_CONNECTED_LOAD', 'oboassessment', 'compute-electrical-fee', 'ELECTRICAL FEE TOTAL CONNECTED LOAD', NULL, 50000, NULL, NULL, '2017-03-30 03:32:38', 'USR-ADMIN', 'ADMIN', 1);
INSERT INTO `sys_rule` VALUES ('RUL6cc4d33e:15b3c1e2e72:-4e7a', 'DEPLOYED', 'MECHANICAL_FEE_PASSENGER_FREIGHT_CAR_ELEVATOR', 'oboassessment', 'compute-mechanical-fee', 'MECHANICAL FEE FOR PASSENGER, FREIGHT, AND CAR ELEVATOR', NULL, 50000, NULL, NULL, '2017-04-04 18:55:41', 'USR-ADMIN', 'ADMIN', 1);
INSERT INTO `sys_rule` VALUES ('RUL6cc4d33e:15b3c1e2e72:-708f', 'DEPLOYED', 'ELECTRICAL_FEE_TOTAL_TRANSFORMER_GENERATOR_UPS', 'oboassessment', 'compute-electrical-fee', 'ELECTRICAL FEE TRANSFORMER_GENERATOR UPS CAPACITY', NULL, 50000, NULL, NULL, '2017-04-05 03:40:46', 'USR-ADMIN', 'ADMIN', 1);
INSERT INTO `sys_rule` VALUES ('RUL6e008a5f:15b6c73a9f2:-71ec', 'DRAFT', 'SWIMMING_POOL_INDIGENOUS_FEE_FOR_A', 'oboassessment', 'compute-accessory', 'SWIMMING_POOL_INDIGENOUS_FEE_FOR_A', NULL, 50000, NULL, NULL, '2017-04-14 01:13:25', 'USR-ADMIN', 'ADMIN', 1);
INSERT INTO `sys_rule` VALUES ('RUL6e008a5f:15b6c73a9f2:-721e', 'DRAFT', 'SWIMMING_POOL_INDIGENOUS_FEE_FOR_B_E_F_G', 'oboassessment', 'compute-accessory', 'SWIMMING POOL INDIGENOUS FEE FOR GROUP  B, E, F,G', NULL, 50000, NULL, NULL, '2017-04-14 01:13:01', 'USR-ADMIN', 'ADMIN', 1);
INSERT INTO `sys_rule` VALUES ('RUL6e008a5f:15b6c73a9f2:-7250', 'DRAFT', 'SWIMMING_POOL_INDIGENOUS_FEE_FOR_C_D_H_I', 'oboassessment', 'compute-accessory', 'SWIMMING POOL INDIGENOUS FEE FOR GROUP C,D,H,I', NULL, 50000, NULL, NULL, '2017-04-14 01:12:32', 'USR-ADMIN', 'ADMIN', 1);
INSERT INTO `sys_rule` VALUES ('RUL6e008a5f:15b6c73a9f2:-7ba0', 'DRAFT', 'SWIMMING_POOL_FEE_FOR_C_D_H_I', 'oboassessment', 'compute-accessory', 'SWIMMING POOL FEE FOR GROUP C,D,H,I', NULL, 50000, NULL, NULL, '2017-04-14 00:59:55', 'USR-ADMIN', 'ADMIN', 1);
INSERT INTO `sys_rule` VALUES ('RUL6e008a5f:15b6c73a9f2:-7bdf', 'DRAFT', 'SWIMMING_POOL_FEE_FOR_B_E_F_G', 'oboassessment', 'compute-accessory', 'SWIMMING POOL FEE FOR GROUP  B, E, F,G', NULL, 50000, NULL, NULL, '2017-04-14 00:59:14', 'USR-ADMIN', 'ADMIN', 1);
INSERT INTO `sys_rule` VALUES ('RUL6e008a5f:15b6c73a9f2:-7e6e', 'DRAFT', 'SWIMMING_POOL_FEE_FOR_A', 'oboassessment', 'compute-accessory', 'SWIMMING_POOL_FEE_FOR_A', NULL, 50000, NULL, NULL, '2017-04-14 00:57:01', 'USR-ADMIN', 'ADMIN', 1);
INSERT INTO `sys_rule` VALUES ('RUL75928924:15b1d4d1c53:-7929', 'DEPLOYED', 'ADD_ELECTRICAL_FEE_DEFAULT', 'oboassessment', 'initial', 'ADD ELECTRICAL FEE DEFAULT', NULL, 50000, NULL, NULL, '2017-03-29 16:27:53', 'USR-ADMIN', 'ADMIN', 1);
COMMIT;

-- ----------------------------
-- Table structure for sys_rule_action
-- ----------------------------
DROP TABLE IF EXISTS `sys_rule_action`;
CREATE TABLE `sys_rule_action` (
  `objid` varchar(50) NOT NULL,
  `parentid` varchar(50) DEFAULT NULL,
  `actiondef_objid` varchar(50) DEFAULT NULL,
  `actiondef_name` varchar(50) DEFAULT NULL,
  `pos` int(11) DEFAULT NULL,
  PRIMARY KEY (`objid`),
  KEY `parentid` (`parentid`),
  KEY `sys_rule_action_actiondef` (`actiondef_objid`),
  CONSTRAINT `sys_rule_action_actiondef` FOREIGN KEY (`actiondef_objid`) REFERENCES `sys_rule_actiondef` (`objid`),
  CONSTRAINT `sys_rule_action_ibfk_1` FOREIGN KEY (`parentid`) REFERENCES `sys_rule` (`objid`)
) ENGINE=InnoDB DEFAULT CHARSET=utf8;

-- ----------------------------
-- Records of sys_rule_action
-- ----------------------------
BEGIN;
INSERT INTO `sys_rule_action` VALUES ('RA-10cfc191:15b48bf8d6b:-7fed', 'RUL2e43f3c6:15b48c07f72:-78ea', 'treasury.actions.UpdateBillItemAmount', 'update-billitem-amount', 0);
INSERT INTO `sys_rule_action` VALUES ('RA-1b89c680:16a38f14701:-7e8e', 'RUL27db1036:16a38f07d48:-6e8b', 'treasury.actions.UpdateBillItemAmount', 'update-billitem-amount', 0);
INSERT INTO `sys_rule_action` VALUES ('RA-1b89c680:16a38f14701:-7f36', 'RUL27db1036:16a38f07d48:-75b1', 'treasury.actions.UpdateBillItemAmount', 'update-billitem-amount', 0);
INSERT INTO `sys_rule_action` VALUES ('RA-1b89c680:16a38f14701:-7f3f', 'RUL27db1036:16a38f07d48:-75c2', 'treasury.actions.UpdateBillItemAmount', 'update-billitem-amount', 0);
INSERT INTO `sys_rule_action` VALUES ('RA-1b89c680:16a38f14701:-7f51', 'RUL27db1036:16a38f07d48:-75e4', 'treasury.actions.UpdateBillItemAmount', 'update-billitem-amount', 0);
INSERT INTO `sys_rule_action` VALUES ('RA-1b89c680:16a38f14701:-7f5a', 'RUL27db1036:16a38f07d48:-75f5', 'treasury.actions.UpdateBillItemAmount', 'update-billitem-amount', 0);
INSERT INTO `sys_rule_action` VALUES ('RA-1b89c680:16a38f14701:-7f63', 'RUL27db1036:16a38f07d48:-7606', 'treasury.actions.UpdateBillItemAmount', 'update-billitem-amount', 0);
INSERT INTO `sys_rule_action` VALUES ('RA-1b89c680:16a38f14701:-7f6c', 'RUL27db1036:16a38f07d48:-7617', 'treasury.actions.UpdateBillItemAmount', 'update-billitem-amount', 0);
INSERT INTO `sys_rule_action` VALUES ('RA-1b89c680:16a38f14701:-7fb5', 'RUL27db1036:16a38f07d48:-7952', 'treasury.actions.UpdateBillItemAmount', 'update-billitem-amount', 0);
INSERT INTO `sys_rule_action` VALUES ('RA-3394437b:16a4396e5cb:-7a71', 'RUL-4267ff2c:16a444aba70:-6950', 'treasury.actions.UpdateBillItemAmount', 'update-billitem-amount', 0);
INSERT INTO `sys_rule_action` VALUES ('RA-3394437b:16a4396e5cb:-7a91', 'RUL-4267ff2c:16a444aba70:-6a5e', 'treasury.actions.UpdateBillItemAmount', 'update-billitem-amount', 0);
INSERT INTO `sys_rule_action` VALUES ('RA-3394437b:16a4396e5cb:-7ad0', 'RUL-4267ff2c:16a444aba70:-6f9a', 'treasury.actions.UpdateBillItemAmount', 'update-billitem-amount', 0);
INSERT INTO `sys_rule_action` VALUES ('RA-3394437b:16a4396e5cb:-7b26', 'RUL-4267ff2c:16a444aba70:-744a', 'treasury.actions.UpdateBillItemAmount', 'update-billitem-amount', 0);
INSERT INTO `sys_rule_action` VALUES ('RA-3394437b:16a4396e5cb:-7bd4', 'RUL-4267ff2c:16a444aba70:-7b89', 'treasury.actions.UpdateBillItemAmount', 'update-billitem-amount', 0);
INSERT INTO `sys_rule_action` VALUES ('RA-3394437b:16a4396e5cb:-7c0d', 'RUL-4267ff2c:16a444aba70:-7d9d', 'treasury.actions.UpdateBillItemAmount', 'update-billitem-amount', 0);
INSERT INTO `sys_rule_action` VALUES ('RA-3394437b:16a4396e5cb:-7c87', 'RUL-7385ffbe:16a438b05b7:-5b9d', 'treasury.actions.UpdateBillItemAmount', 'update-billitem-amount', 0);
INSERT INTO `sys_rule_action` VALUES ('RA-3394437b:16a4396e5cb:-7ca9', 'RUL-7385ffbe:16a438b05b7:-5cab', 'treasury.actions.UpdateBillItemAmount', 'update-billitem-amount', 0);
INSERT INTO `sys_rule_action` VALUES ('RA-3394437b:16a4396e5cb:-7e99', 'RUL-7385ffbe:16a438b05b7:-6f3a', 'treasury.actions.UpdateBillItemAmount', 'update-billitem-amount', 0);
INSERT INTO `sys_rule_action` VALUES ('RA-3394437b:16a4396e5cb:-7ea9', 'RUL-7385ffbe:16a438b05b7:-6f77', 'treasury.actions.UpdateBillItemAmount', 'update-billitem-amount', 0);
INSERT INTO `sys_rule_action` VALUES ('RA-3394437b:16a4396e5cb:-7eb9', 'RUL-7385ffbe:16a438b05b7:-6fb0', 'treasury.actions.UpdateBillItemAmount', 'update-billitem-amount', 0);
INSERT INTO `sys_rule_action` VALUES ('RA-3394437b:16a4396e5cb:-7ecb', 'RUL-7385ffbe:16a438b05b7:-6feb', 'treasury.actions.UpdateBillItemAmount', 'update-billitem-amount', 0);
INSERT INTO `sys_rule_action` VALUES ('RA-3394437b:16a4396e5cb:-7ed5', 'RUL-7385ffbe:16a438b05b7:-6ffc', 'treasury.actions.UpdateBillItemAmount', 'update-billitem-amount', 0);
INSERT INTO `sys_rule_action` VALUES ('RA-3394437b:16a4396e5cb:-7ef3', 'RUL-7385ffbe:16a438b05b7:-7085', 'treasury.actions.UpdateBillItemAmount', 'update-billitem-amount', 0);
INSERT INTO `sys_rule_action` VALUES ('RA-37d558f5:16a4fd0d79e:-7f69', 'RUL-29595738:16a4fbe79ee:-79fe', 'treasury.actions.AddBillItem', 'add-billitem', 0);
INSERT INTO `sys_rule_action` VALUES ('RA-37d558f5:16a4fd0d79e:-7fa1', 'RUL-29595738:16a4fbe79ee:-7bd1', 'treasury.actions.AddBillItem', 'add-billitem', 0);
INSERT INTO `sys_rule_action` VALUES ('RA-37d558f5:16a4fd0d79e:-7fb8', 'RUL-29595738:16a4fbe79ee:-7d01', 'treasury.actions.AddBillItem', 'add-billitem', 0);
INSERT INTO `sys_rule_action` VALUES ('RA-37d558f5:16a4fd0d79e:-7fd5', 'RUL-29595738:16a4fbe79ee:-7de3', 'treasury.actions.AddBillItem', 'add-billitem', 0);
INSERT INTO `sys_rule_action` VALUES ('RA-37d558f5:16a4fd0d79e:-7ff4', 'RUL-29595738:16a4fbe79ee:-7ef1', 'treasury.actions.AddBillItem', 'add-billitem', 0);
INSERT INTO `sys_rule_action` VALUES ('RA-39c9f5f6:16a4e3b1db2:-7f9e', 'RUL-301ccfbb:16a4e3ad539:-7c37', 'treasury.actions.UpdateBillItemAmount', 'update-billitem-amount', 0);
INSERT INTO `sys_rule_action` VALUES ('RA-41519066:15b76f8cd83:-7fe6', 'RUL2671fb3e:15b76f0ce63:-74ce', 'treasury.actions.UpdateBillItemAmount', 'update-billitem-amount', 0);
INSERT INTO `sys_rule_action` VALUES ('RA-4dbf9d19:15bf4e01a24:-7fb2', 'RUL-181817d3:15bf4e3b890:-73e2', 'treasury.actions.AddBillItem', 'add-billitem', 0);
INSERT INTO `sys_rule_action` VALUES ('RA-4dbf9d19:15bf4e01a24:-7fba', 'RUL-181817d3:15bf4e3b890:-75db', 'treasury.actions.AddBillItem', 'add-billitem', 0);
INSERT INTO `sys_rule_action` VALUES ('RA-4dbf9d19:15bf4e01a24:-7fc3', 'RUL-181817d3:15bf4e3b890:-7862', 'treasury.actions.UpdateBillItemAmount', 'update-billitem-amount', 0);
INSERT INTO `sys_rule_action` VALUES ('RA-4dbf9d19:15bf4e01a24:-7fd0', 'RUL-181817d3:15bf4e3b890:-7873', 'treasury.actions.UpdateBillItemAmount', 'update-billitem-amount', 0);
INSERT INTO `sys_rule_action` VALUES ('RA-4dbf9d19:15bf4e01a24:-7fdd', 'RUL-181817d3:15bf4e3b890:-7abf', 'treasury.actions.UpdateBillItemAmount', 'update-billitem-amount', 0);
INSERT INTO `sys_rule_action` VALUES ('RA-4dbf9d19:15bf4e01a24:-7fea', 'RUL-181817d3:15bf4e3b890:-7ad0', 'treasury.actions.UpdateBillItemAmount', 'update-billitem-amount', 0);
INSERT INTO `sys_rule_action` VALUES ('RA-52beabf2:15b3c40641b:-7fc0', 'RUL-108b4192:15b3d234d5c:-698a', 'treasury.actions.UpdateBillItemAmount', 'update-billitem-amount', 0);
INSERT INTO `sys_rule_action` VALUES ('RA-52beabf2:15b3c40641b:-7fc9', 'RUL-108b4192:15b3d234d5c:-6ad6', 'treasury.actions.UpdateBillItemAmount', 'update-billitem-amount', 0);
INSERT INTO `sys_rule_action` VALUES ('RA-52beabf2:15b3c40641b:-7fd2', 'RUL-108b4192:15b3d234d5c:-6c55', 'treasury.actions.UpdateBillItemAmount', 'update-billitem-amount', 0);
INSERT INTO `sys_rule_action` VALUES ('RA-52beabf2:15b3c40641b:-7fdb', 'RUL-108b4192:15b3d234d5c:-73c4', 'treasury.actions.UpdateBillItemAmount', 'update-billitem-amount', 0);
INSERT INTO `sys_rule_action` VALUES ('RA-52beabf2:15b3c40641b:-7ff0', 'RUL6cc4d33e:15b3c1e2e72:-4e7a', 'treasury.actions.UpdateBillItemAmount', 'update-billitem-amount', 0);
INSERT INTO `sys_rule_action` VALUES ('RA-53717d20:15b4db8478f:-7fb8', 'RUL4cf13b0:15b4dbc7b17:-769d', 'treasury.actions.UpdateBillItemAmount', 'update-billitem-amount', 0);
INSERT INTO `sys_rule_action` VALUES ('RA-53717d20:15b4db8478f:-7fca', 'RUL4cf13b0:15b4dbc7b17:-78b3', 'treasury.actions.UpdateBillItemAmount', 'update-billitem-amount', 0);
INSERT INTO `sys_rule_action` VALUES ('RA-53717d20:15b4db8478f:-7fd3', 'RUL4cf13b0:15b4dbc7b17:-78c4', 'treasury.actions.UpdateBillItemAmount', 'update-billitem-amount', 0);
INSERT INTO `sys_rule_action` VALUES ('RA-53717d20:15b4db8478f:-7fdc', 'RUL4cf13b0:15b4dbc7b17:-7d2e', 'treasury.actions.UpdateBillItemAmount', 'update-billitem-amount', 0);
INSERT INTO `sys_rule_action` VALUES ('RA-53717d20:15b4db8478f:-7fe5', 'RUL4cf13b0:15b4dbc7b17:-7e4b', 'treasury.actions.UpdateBillItemAmount', 'update-billitem-amount', 0);
INSERT INTO `sys_rule_action` VALUES ('RA-53717d20:15b4db8478f:-7fee', 'RUL4cf13b0:15b4dbc7b17:-7e5c', 'treasury.actions.UpdateBillItemAmount', 'update-billitem-amount', 0);
INSERT INTO `sys_rule_action` VALUES ('RA-59612f04:15b6c1c41a7:-7fc0', 'RUL6e008a5f:15b6c73a9f2:-71ec', 'treasury.actions.UpdateBillItemAmount', 'update-billitem-amount', 0);
INSERT INTO `sys_rule_action` VALUES ('RA-59612f04:15b6c1c41a7:-7fcb', 'RUL6e008a5f:15b6c73a9f2:-721e', 'treasury.actions.UpdateBillItemAmount', 'update-billitem-amount', 0);
INSERT INTO `sys_rule_action` VALUES ('RA-59612f04:15b6c1c41a7:-7fd6', 'RUL6e008a5f:15b6c73a9f2:-7250', 'treasury.actions.UpdateBillItemAmount', 'update-billitem-amount', 0);
INSERT INTO `sys_rule_action` VALUES ('RA-59612f04:15b6c1c41a7:-7fe1', 'RUL6e008a5f:15b6c73a9f2:-7ba0', 'treasury.actions.UpdateBillItemAmount', 'update-billitem-amount', 0);
INSERT INTO `sys_rule_action` VALUES ('RA-59612f04:15b6c1c41a7:-7fec', 'RUL6e008a5f:15b6c73a9f2:-7bdf', 'treasury.actions.UpdateBillItemAmount', 'update-billitem-amount', 0);
INSERT INTO `sys_rule_action` VALUES ('RA-66680c7b:15b3c241e07:-7fef', 'RUL6cc4d33e:15b3c1e2e72:-708f', 'treasury.actions.UpdateBillItemAmount', 'update-billitem-amount', 0);
INSERT INTO `sys_rule_action` VALUES ('RA-694f0728:16e35852ae8:-7ed5', 'RUL-2a4f39d0:16e35fe5e74:-7bc2', 'treasury.actions.AddBillItem', 'add-billitem', 0);
INSERT INTO `sys_rule_action` VALUES ('RA-d80e3d1:15b50f8025e:-7fd9', 'RUL67dafb9:15b5100218a:-7bbc', 'treasury.actions.AddBillItem', 'add-billitem', 0);
INSERT INTO `sys_rule_action` VALUES ('RA-d80e3d1:15b50f8025e:-7fe0', 'RUL67dafb9:15b5100218a:-7bcd', 'treasury.actions.AddBillItem', 'add-billitem', 0);
INSERT INTO `sys_rule_action` VALUES ('RA-d80e3d1:15b50f8025e:-7fe7', 'RUL67dafb9:15b5100218a:-7bde', 'treasury.actions.AddBillItem', 'add-billitem', 0);
INSERT INTO `sys_rule_action` VALUES ('RA-d80e3d1:15b50f8025e:-7fee', 'RUL67dafb9:15b5100218a:-7bef', 'treasury.actions.AddBillItem', 'add-billitem', 0);
INSERT INTO `sys_rule_action` VALUES ('RA-d96c4a7:15bf6365df9:-7fe0', 'RUL-181817d3:15bf4e3b890:-8e0', 'treasury.actions.UpdateBillItemAmount', 'update-billitem-amount', 0);
INSERT INTO `sys_rule_action` VALUES ('RA16c3fcb:16a3a19e4b9:-7a78', 'RUL59515aa4:16a3a32fa5e:-3fb8', 'treasury.actions.UpdateBillItemAmount', 'update-billitem-amount', 0);
INSERT INTO `sys_rule_action` VALUES ('RA16c3fcb:16a3a19e4b9:-7a84', 'RUL59515aa4:16a3a32fa5e:-3fec', 'treasury.actions.UpdateBillItemAmount', 'update-billitem-amount', 0);
INSERT INTO `sys_rule_action` VALUES ('RA16c3fcb:16a3a19e4b9:-7a92', 'RUL59515aa4:16a3a32fa5e:-4020', 'treasury.actions.UpdateBillItemAmount', 'update-billitem-amount', 0);
INSERT INTO `sys_rule_action` VALUES ('RA16c3fcb:16a3a19e4b9:-7aca', 'RUL59515aa4:16a3a32fa5e:-41fd', 'treasury.actions.UpdateBillItemAmount', 'update-billitem-amount', 0);
INSERT INTO `sys_rule_action` VALUES ('RA16c3fcb:16a3a19e4b9:-7ad4', 'RUL59515aa4:16a3a32fa5e:-420e', 'treasury.actions.UpdateBillItemAmount', 'update-billitem-amount', 0);
INSERT INTO `sys_rule_action` VALUES ('RA16c3fcb:16a3a19e4b9:-7afa', 'RUL59515aa4:16a3a32fa5e:-43ab', 'treasury.actions.UpdateBillItemAmount', 'update-billitem-amount', 0);
INSERT INTO `sys_rule_action` VALUES ('RA16c3fcb:16a3a19e4b9:-7b25', 'RUL59515aa4:16a3a32fa5e:-4513', 'treasury.actions.UpdateBillItemAmount', 'update-billitem-amount', 0);
INSERT INTO `sys_rule_action` VALUES ('RA1cbabe6f:15bf507af61:-7fc7', 'RUL-181817d3:15bf4e3b890:-29cc', 'treasury.actions.UpdateBillItemAmount', 'update-billitem-amount', 0);
INSERT INTO `sys_rule_action` VALUES ('RA1cbabe6f:15bf507af61:-7fd0', 'RUL-181817d3:15bf4e3b890:-2b06', 'treasury.actions.UpdateBillItemAmount', 'update-billitem-amount', 0);
INSERT INTO `sys_rule_action` VALUES ('RA1cbabe6f:15bf507af61:-7fd9', 'RUL-181817d3:15bf4e3b890:-3079', 'treasury.actions.UpdateBillItemAmount', 'update-billitem-amount', 0);
INSERT INTO `sys_rule_action` VALUES ('RA1cbabe6f:15bf507af61:-7fe2', 'RUL-181817d3:15bf4e3b890:-3186', 'treasury.actions.UpdateBillItemAmount', 'update-billitem-amount', 0);
INSERT INTO `sys_rule_action` VALUES ('RA1cbabe6f:15bf507af61:-7fed', 'RUL-181817d3:15bf4e3b890:-415b', 'treasury.actions.UpdateBillItemAmount', 'update-billitem-amount', 0);
INSERT INTO `sys_rule_action` VALUES ('RA28a83f44:15b74c946cb:-7f36', 'RUL-50300c99:15b7626649d:-5330', 'treasury.actions.UpdateBillItemAmount', 'update-billitem-amount', 0);
INSERT INTO `sys_rule_action` VALUES ('RA28a83f44:15b74c946cb:-7f3f', 'RUL-50300c99:15b7626649d:-56a6', 'treasury.actions.UpdateBillItemAmount', 'update-billitem-amount', 0);
INSERT INTO `sys_rule_action` VALUES ('RA28a83f44:15b74c946cb:-7f48', 'RUL-50300c99:15b7626649d:-5807', 'treasury.actions.UpdateBillItemAmount', 'update-billitem-amount', 0);
INSERT INTO `sys_rule_action` VALUES ('RA28a83f44:15b74c946cb:-7f51', 'RUL-50300c99:15b7626649d:-5c39', 'treasury.actions.UpdateBillItemAmount', 'update-billitem-amount', 0);
INSERT INTO `sys_rule_action` VALUES ('RA28a83f44:15b74c946cb:-7f89', 'RUL-50300c99:15b7626649d:-6cee', 'treasury.actions.UpdateBillItemAmount', 'update-billitem-amount', 0);
INSERT INTO `sys_rule_action` VALUES ('RA28a83f44:15b74c946cb:-7f94', 'RUL-50300c99:15b7626649d:-6fe2', 'treasury.actions.UpdateBillItemAmount', 'update-billitem-amount', 0);
INSERT INTO `sys_rule_action` VALUES ('RA28a83f44:15b74c946cb:-7f9f', 'RUL-50300c99:15b7626649d:-7a5e', 'treasury.actions.UpdateBillItemAmount', 'update-billitem-amount', 0);
INSERT INTO `sys_rule_action` VALUES ('RA28a83f44:15b74c946cb:-7faa', 'RUL-50300c99:15b7626649d:-7a6f', 'treasury.actions.UpdateBillItemAmount', 'update-billitem-amount', 0);
INSERT INTO `sys_rule_action` VALUES ('RA28a83f44:15b74c946cb:-7fc1', 'RUL3f65f585:15b74b1144b:-6ec2', 'treasury.actions.UpdateBillItemAmount', 'update-billitem-amount', 0);
INSERT INTO `sys_rule_action` VALUES ('RA28a83f44:15b74c946cb:-7fcc', 'RUL3f65f585:15b74b1144b:-6efb', 'treasury.actions.UpdateBillItemAmount', 'update-billitem-amount', 0);
INSERT INTO `sys_rule_action` VALUES ('RA28a83f44:15b74c946cb:-7fd7', 'RUL3f65f585:15b74b1144b:-6f38', 'treasury.actions.UpdateBillItemAmount', 'update-billitem-amount', 0);
INSERT INTO `sys_rule_action` VALUES ('RA28a83f44:15b74c946cb:-7fe2', 'RUL3f65f585:15b74b1144b:-6f6a', 'treasury.actions.UpdateBillItemAmount', 'update-billitem-amount', 0);
INSERT INTO `sys_rule_action` VALUES ('RA28a83f44:15b74c946cb:-7fed', 'RUL3f65f585:15b74b1144b:-6fbc', 'treasury.actions.UpdateBillItemAmount', 'update-billitem-amount', 0);
INSERT INTO `sys_rule_action` VALUES ('RA33115abb:15b366b9fbd:-7f54', 'RUL10bc2a9b:15b3805d39e:-6ef4', 'treasury.actions.UpdateBillItemAmount', 'update-billitem-amount', 0);
INSERT INTO `sys_rule_action` VALUES ('RA33115abb:15b366b9fbd:-7f5c', 'RUL10bc2a9b:15b3805d39e:-6f05', 'treasury.actions.UpdateBillItemAmount', 'update-billitem-amount', 0);
INSERT INTO `sys_rule_action` VALUES ('RA33115abb:15b366b9fbd:-7f64', 'RUL10bc2a9b:15b3805d39e:-6f74', 'treasury.actions.UpdateBillItemAmount', 'update-billitem-amount', 0);
INSERT INTO `sys_rule_action` VALUES ('RA33115abb:15b366b9fbd:-7f84', 'RUL10bc2a9b:15b3805d39e:-7cd0', 'treasury.actions.UpdateBillItemAmount', 'update-billitem-amount', 0);
INSERT INTO `sys_rule_action` VALUES ('RA33115abb:15b366b9fbd:-7f8c', 'RUL10bc2a9b:15b3805d39e:-7ce1', 'treasury.actions.UpdateBillItemAmount', 'update-billitem-amount', 0);
INSERT INTO `sys_rule_action` VALUES ('RA33115abb:15b366b9fbd:-7f95', 'RUL-5a2a6f0f:15b37b47575:-72c2', 'treasury.actions.UpdateBillItemAmount', 'update-billitem-amount', 0);
INSERT INTO `sys_rule_action` VALUES ('RA33115abb:15b366b9fbd:-7f9d', 'RUL-5a2a6f0f:15b37b47575:-72d3', 'treasury.actions.UpdateBillItemAmount', 'update-billitem-amount', 0);
INSERT INTO `sys_rule_action` VALUES ('RA33115abb:15b366b9fbd:-7fa5', 'RUL-5a2a6f0f:15b37b47575:-72e4', 'treasury.actions.UpdateBillItemAmount', 'update-billitem-amount', 0);
INSERT INTO `sys_rule_action` VALUES ('RA33115abb:15b366b9fbd:-7fad', 'RUL-5a2a6f0f:15b37b47575:-72f5', 'treasury.actions.UpdateBillItemAmount', 'update-billitem-amount', 0);
INSERT INTO `sys_rule_action` VALUES ('RA33115abb:15b366b9fbd:-7fb5', 'RUL-5a2a6f0f:15b37b47575:-7306', 'treasury.actions.UpdateBillItemAmount', 'update-billitem-amount', 0);
INSERT INTO `sys_rule_action` VALUES ('RA33115abb:15b366b9fbd:-7fbd', 'RUL-5a2a6f0f:15b37b47575:-7317', 'treasury.actions.UpdateBillItemAmount', 'update-billitem-amount', 0);
INSERT INTO `sys_rule_action` VALUES ('RA33115abb:15b366b9fbd:-7fc6', 'RUL544e84a6:15b372b5faf:-782f', 'treasury.actions.UpdateBillItemAmount', 'update-billitem-amount', 0);
INSERT INTO `sys_rule_action` VALUES ('RA33115abb:15b366b9fbd:-7fd6', 'RUL544e84a6:15b372b5faf:-7c53', 'treasury.actions.UpdateBillItemAmount', 'update-billitem-amount', 0);
INSERT INTO `sys_rule_action` VALUES ('RA33115abb:15b366b9fbd:-7fde', 'RUL544e84a6:15b372b5faf:-7d4b', 'treasury.actions.UpdateBillItemAmount', 'update-billitem-amount', 0);
INSERT INTO `sys_rule_action` VALUES ('RA475d0d9e:16a330d4f71:-7cda', 'RUL55d9e7c7:16a3522d159:-71db', 'treasury.actions.AddBillItem', 'add-billitem', 0);
INSERT INTO `sys_rule_action` VALUES ('RA475d0d9e:16a330d4f71:-7d32', 'RUL55d9e7c7:16a3522d159:-7c8e', 'treasury.actions.AddBillItem', 'add-billitem', 0);
INSERT INTO `sys_rule_action` VALUES ('RA525da928:16a4d03cbc9:-7f8a', 'RUL-7c07cdf9:16a4d035b31:-79a9', 'treasury.actions.AddBillItem', 'add-billitem', 0);
INSERT INTO `sys_rule_action` VALUES ('RA604f6df3:15b197ab5de:-7fda', 'RUL-46ef70e6:15b192ccb94:-755f', 'treasury.actions.AddBillItem', 'add-billitem', 0);
INSERT INTO `sys_rule_action` VALUES ('RA604f6df3:15b197ab5de:-7fe8', 'RUL-46ef70e6:15b192ccb94:-78f4', 'treasury.actions.AddBillItem', 'add-billitem', 0);
INSERT INTO `sys_rule_action` VALUES ('RA6ad88b42:15bf25a2e71:-7fde', 'RUL-2fbca757:15bf25c4add:-7b95', 'treasury.actions.UpdateBillItemAmount', 'update-billitem-amount', 0);
INSERT INTO `sys_rule_action` VALUES ('RA6ad88b42:15bf25a2e71:-7fe6', 'RUL-2fbca757:15bf25c4add:-7bbe', 'treasury.actions.UpdateBillItemAmount', 'update-billitem-amount', 0);
INSERT INTO `sys_rule_action` VALUES ('RA73b3316:15bf60d669e:-7f8c', 'RUL-181817d3:15bf4e3b890:-af9', 'treasury.actions.UpdateBillItemAmount', 'update-billitem-amount', 0);
INSERT INTO `sys_rule_action` VALUES ('RA73b3316:15bf60d669e:-7f98', 'RUL-181817d3:15bf4e3b890:-b2e', 'treasury.actions.UpdateBillItemAmount', 'update-billitem-amount', 0);
INSERT INTO `sys_rule_action` VALUES ('RA73b3316:15bf60d669e:-7fbc', 'RUL-181817d3:15bf4e3b890:-d87', 'treasury.actions.UpdateBillItemAmount', 'update-billitem-amount', 0);
INSERT INTO `sys_rule_action` VALUES ('RA73b3316:15bf60d669e:-7fd4', 'RUL-181817d3:15bf4e3b890:-10f2', 'treasury.actions.UpdateBillItemAmount', 'update-billitem-amount', 0);
INSERT INTO `sys_rule_action` VALUES ('RA73b3316:15bf60d669e:-7fe0', 'RUL-181817d3:15bf4e3b890:-1103', 'treasury.actions.UpdateBillItemAmount', 'update-billitem-amount', 0);
INSERT INTO `sys_rule_action` VALUES ('RA73b3316:15bf60d669e:-7fec', 'RUL-181817d3:15bf4e3b890:-1114', 'treasury.actions.UpdateBillItemAmount', 'update-billitem-amount', 0);
INSERT INTO `sys_rule_action` VALUES ('RA7a7a989e:15b22fce173:-7fbc', 'RUL-41499999:15b23048395:-77db', 'treasury.actions.UpdateBillItemAmount', 'update-billitem-amount', 0);
INSERT INTO `sys_rule_action` VALUES ('RA7a7a989e:15b22fce173:-7fc6', 'RUL-41499999:15b23048395:-77ec', 'treasury.actions.UpdateBillItemAmount', 'update-billitem-amount', 0);
INSERT INTO `sys_rule_action` VALUES ('RA7a7a989e:15b22fce173:-7fd0', 'RUL-41499999:15b23048395:-77fd', 'treasury.actions.UpdateBillItemAmount', 'update-billitem-amount', 0);
INSERT INTO `sys_rule_action` VALUES ('RA7a7a989e:15b22fce173:-7fee', 'RUL-41499999:15b23048395:-7d1e', 'treasury.actions.UpdateBillItemAmount', 'update-billitem-amount', 0);
INSERT INTO `sys_rule_action` VALUES ('RACT-108b4192:15b3d234d5c:-6da0', 'RUL-108b4192:15b3d234d5c:-6fd2', 'treasury.actions.UpdateBillItemAmount', 'update-billitem-amount', 0);
INSERT INTO `sys_rule_action` VALUES ('RACT-108b4192:15b3d234d5c:-70d6', 'RUL-108b4192:15b3d234d5c:-72b4', 'treasury.actions.UpdateBillItemAmount', 'update-billitem-amount', 0);
INSERT INTO `sys_rule_action` VALUES ('RACT-108b4192:15b3d234d5c:-7845', 'RUL-108b4192:15b3d234d5c:-79d6', 'treasury.actions.UpdateBillItemAmount', 'update-billitem-amount', 0);
INSERT INTO `sys_rule_action` VALUES ('RACT-108b4192:15b3d234d5c:-7a86', 'RUL-108b4192:15b3d234d5c:-7bfd', 'treasury.actions.UpdateBillItemAmount', 'update-billitem-amount', 0);
INSERT INTO `sys_rule_action` VALUES ('RACT-108b4192:15b3d234d5c:-7e5e', 'RUL36ece640:15b3cf0a031:-779a', 'treasury.actions.UpdateBillItemAmount', 'update-billitem-amount', 0);
INSERT INTO `sys_rule_action` VALUES ('RACT-130f43a2:15b805032ec:-797a', 'RUL-130f43a2:15b805032ec:-7bc7', 'treasury.actions.AddBillItem', 'add-billitem', 0);
INSERT INTO `sys_rule_action` VALUES ('RACT-130f43a2:15b805032ec:-7af3', 'RUL-130f43a2:15b805032ec:-7bc7', 'treasury.actions.AddBillItem', 'add-billitem', 0);
INSERT INTO `sys_rule_action` VALUES ('RACT-181817d3:15bf4e3b890:-1207', 'RUL-181817d3:15bf4e3b890:-14ca', 'treasury.actions.UpdateBillItemAmount', 'update-billitem-amount', 0);
INSERT INTO `sys_rule_action` VALUES ('RACT-181817d3:15bf4e3b890:-1841', 'RUL-181817d3:15bf4e3b890:-1a11', 'treasury.actions.UpdateBillItemAmount', 'update-billitem-amount', 0);
INSERT INTO `sys_rule_action` VALUES ('RACT-181817d3:15bf4e3b890:-1b4b', 'RUL-181817d3:15bf4e3b890:-1cec', 'treasury.actions.UpdateBillItemAmount', 'update-billitem-amount', 0);
INSERT INTO `sys_rule_action` VALUES ('RACT-181817d3:15bf4e3b890:-1f5f', 'RUL-181817d3:15bf4e3b890:-21c5', 'treasury.actions.UpdateBillItemAmount', 'update-billitem-amount', 0);
INSERT INTO `sys_rule_action` VALUES ('RACT-181817d3:15bf4e3b890:-22c7', 'RUL-181817d3:15bf4e3b890:-2433', '-9c88384:15b1cf68850:-7ff4', 'ask-info', 0);
INSERT INTO `sys_rule_action` VALUES ('RACT-181817d3:15bf4e3b890:-25c9', 'RUL-181817d3:15bf4e3b890:-27e7', 'treasury.actions.UpdateBillItemAmount', 'update-billitem-amount', 0);
INSERT INTO `sys_rule_action` VALUES ('RACT-181817d3:15bf4e3b890:-2b63', 'RUL-181817d3:15bf4e3b890:-2d08', 'treasury.actions.UpdateBillItemAmount', 'update-billitem-amount', 0);
INSERT INTO `sys_rule_action` VALUES ('RACT-181817d3:15bf4e3b890:-31d5', 'RUL-181817d3:15bf4e3b890:-3397', 'treasury.actions.UpdateBillItemAmount', 'update-billitem-amount', 0);
INSERT INTO `sys_rule_action` VALUES ('RACT-181817d3:15bf4e3b890:-3824', 'RUL-181817d3:15bf4e3b890:-3cc8', 'treasury.actions.UpdateBillItemAmount', 'update-billitem-amount', 0);
INSERT INTO `sys_rule_action` VALUES ('RACT-24f6e11b:15b6c092725:-7bd5', 'RUL75928924:15b1d4d1c53:-7929', 'treasury.actions.AddBillItem', 'add-billitem', 0);
INSERT INTO `sys_rule_action` VALUES ('RACT-24f6e11b:15b6c092725:-7dca', 'RUL38a7c1c3:15b23504df7:-7667', 'treasury.actions.AddBillItem', 'add-billitem', 0);
INSERT INTO `sys_rule_action` VALUES ('RACT-24f6e11b:15b6c092725:-7e7c', 'RUL-108b4192:15b3d234d5c:-67b1', 'treasury.actions.AddBillItem', 'add-billitem', 0);
INSERT INTO `sys_rule_action` VALUES ('RACT-41499999:15b23048395:-7d7f', 'RUL-41499999:15b23048395:-7ed8', 'treasury.actions.UpdateBillItemAmount', 'update-billitem-amount', 0);
INSERT INTO `sys_rule_action` VALUES ('RACT-4267ff2c:16a444aba70:-6b26', 'RUL-4267ff2c:16a444aba70:-6d3b', 'treasury.actions.UpdateBillItemAmount', 'update-billitem-amount', 0);
INSERT INTO `sys_rule_action` VALUES ('RACT-4267ff2c:16a444aba70:-706a', 'RUL-4267ff2c:16a444aba70:-7247', 'treasury.actions.UpdateBillItemAmount', 'update-billitem-amount', 0);
INSERT INTO `sys_rule_action` VALUES ('RACT-4267ff2c:16a444aba70:-7301', 'RUL-4267ff2c:16a444aba70:-7493', 'treasury.actions.UpdateBillItemAmount', 'update-billitem-amount', 0);
INSERT INTO `sys_rule_action` VALUES ('RACT-46ef70e6:15b192ccb94:-75e8', 'RUL-46ef70e6:15b192ccb94:-7783', 'treasury.actions.AddBillItem', 'add-billitem', 0);
INSERT INTO `sys_rule_action` VALUES ('RACT-46ef70e6:15b192ccb94:-7cc2', 'RUL-75b995c:15b18c6b9a6:-6dbc', 'treasury.actions.AddBillItem', 'add-billitem', 0);
INSERT INTO `sys_rule_action` VALUES ('RACT-497dd1bf:15b6a2553bf:-76b3', 'RUL-497dd1bf:15b6a2553bf:-783f', 'treasury.actions.UpdateBillItemAmount', 'update-billitem-amount', 0);
INSERT INTO `sys_rule_action` VALUES ('RACT-50300c99:15b7626649d:-4916', 'RUL-50300c99:15b7626649d:-4a94', 'treasury.actions.AddBillItem', 'add-billitem', 0);
INSERT INTO `sys_rule_action` VALUES ('RACT-50300c99:15b7626649d:-4b53', 'RUL-50300c99:15b7626649d:-4d02', 'treasury.actions.AddBillItem', 'add-billitem', 0);
INSERT INTO `sys_rule_action` VALUES ('RACT-50300c99:15b7626649d:-587a', 'RUL-50300c99:15b7626649d:-5a02', 'treasury.actions.UpdateBillItemAmount', 'update-billitem-amount', 0);
INSERT INTO `sys_rule_action` VALUES ('RACT-50300c99:15b7626649d:-5d1d', 'RUL-50300c99:15b7626649d:-66b5', 'treasury.actions.UpdateBillItemAmount', 'update-billitem-amount', 0);
INSERT INTO `sys_rule_action` VALUES ('RACT-50300c99:15b7626649d:-5f5a', 'RUL-50300c99:15b7626649d:-66a4', 'treasury.actions.UpdateBillItemAmount', 'update-billitem-amount', 0);
INSERT INTO `sys_rule_action` VALUES ('RACT-50300c99:15b7626649d:-6092', 'RUL-50300c99:15b7626649d:-66c6', 'treasury.actions.UpdateBillItemAmount', 'update-billitem-amount', 0);
INSERT INTO `sys_rule_action` VALUES ('RACT-50300c99:15b7626649d:-6427', 'RUL-50300c99:15b7626649d:-6710', 'treasury.actions.UpdateBillItemAmount', 'update-billitem-amount', 0);
INSERT INTO `sys_rule_action` VALUES ('RACT-50300c99:15b7626649d:-727a', 'RUL-50300c99:15b7626649d:-7440', 'treasury.actions.UpdateBillItemAmount', 'update-billitem-amount', 0);
INSERT INTO `sys_rule_action` VALUES ('RACT-50300c99:15b7626649d:-7596', 'RUL-50300c99:15b7626649d:-77a6', 'treasury.actions.UpdateBillItemAmount', 'update-billitem-amount', 0);
INSERT INTO `sys_rule_action` VALUES ('RACT-50300c99:15b7626649d:-7acb', 'RUL-50300c99:15b7626649d:-7ebc', 'treasury.actions.UpdateBillItemAmount', 'update-billitem-amount', 0);
INSERT INTO `sys_rule_action` VALUES ('RACT-70eb32d:16c2d244c23:-773a', 'RUL-70eb32d:16c2d244c23:-7a5e', 'treasury.actions.AddBillItem', 'add-billitem', 0);
INSERT INTO `sys_rule_action` VALUES ('RACT-70eb32d:16c2d244c23:-78f6', 'RUL-70eb32d:16c2d244c23:-7a5e', 'treasury.actions.AddBillItem', 'add-billitem', 0);
INSERT INTO `sys_rule_action` VALUES ('RACT-7385ffbe:16a438b05b7:-5db4', 'RUL-7385ffbe:16a438b05b7:-5fc5', 'treasury.actions.UpdateBillItemAmount', 'update-billitem-amount', 0);
INSERT INTO `sys_rule_action` VALUES ('RACT-7385ffbe:16a438b05b7:-726b', 'RUL-7385ffbe:16a438b05b7:-7482', 'treasury.actions.UpdateBillItemAmount', 'update-billitem-amount', 0);
INSERT INTO `sys_rule_action` VALUES ('RACT-7385ffbe:16a438b05b7:-78ec', 'RUL-7385ffbe:16a438b05b7:-7cab', 'treasury.actions.AddBillItem', 'add-billitem', 0);
INSERT INTO `sys_rule_action` VALUES ('RACT-7c07cdf9:16a4d035b31:-75c6', 'RUL-181817d3:15bf4e3b890:-357d', 'treasury.actions.UpdateBillItemAmount', 'update-billitem-amount', 0);
INSERT INTO `sys_rule_action` VALUES ('RACT1fc2e40d:169eb7a6037:-6610', 'RUL1fc2e40d:169eb7a6037:-69b0', 'treasury.actions.AddBillItem', 'add-billitem', 0);
INSERT INTO `sys_rule_action` VALUES ('RACT2671fb3e:15b76f0ce63:-72b0', 'RUL2671fb3e:15b76f0ce63:-73e5', 'treasury.actions.UpdateBillItemAmount', 'update-billitem-amount', 0);
INSERT INTO `sys_rule_action` VALUES ('RACT2671fb3e:15b76f0ce63:-7545', 'RUL2671fb3e:15b76f0ce63:-76ce', 'treasury.actions.UpdateBillItemAmount', 'update-billitem-amount', 0);
INSERT INTO `sys_rule_action` VALUES ('RACT2671fb3e:15b76f0ce63:-772a', 'RUL2671fb3e:15b76f0ce63:-78d2', 'treasury.actions.UpdateBillItemAmount', 'update-billitem-amount', 0);
INSERT INTO `sys_rule_action` VALUES ('RACT3b31d1e8:16a5826cfa5:-711a', 'RUL3b31d1e8:16a5826cfa5:-72a3', 'treasury.actions.AddBillItem', 'add-billitem', 0);
INSERT INTO `sys_rule_action` VALUES ('RACT3b31d1e8:16a5826cfa5:-7a13', 'RUL-75b995c:15b18c6b9a6:-7087', 'obo.actions.ComputeConstructionCost', 'compute-construction-cost', 0);
INSERT INTO `sys_rule_action` VALUES ('RACT3b3fed41:16bdd640b5c:-727e', 'RUL3b3fed41:16bdd640b5c:-74d3', 'obo.actions.ComputeConstructionCost', 'compute-construction-cost', 0);
INSERT INTO `sys_rule_action` VALUES ('RACT3f65f585:15b74b1144b:-5d63', 'RUL3f65f585:15b74b1144b:-5fa3', 'treasury.actions.UpdateBillItemAmount', 'update-billitem-amount', 0);
INSERT INTO `sys_rule_action` VALUES ('RACT3f65f585:15b74b1144b:-5fed', 'RUL3f65f585:15b74b1144b:-61c9', 'treasury.actions.UpdateBillItemAmount', 'update-billitem-amount', 0);
INSERT INTO `sys_rule_action` VALUES ('RACT3f65f585:15b74b1144b:-6211', 'RUL3f65f585:15b74b1144b:-6396', 'treasury.actions.UpdateBillItemAmount', 'update-billitem-amount', 0);
INSERT INTO `sys_rule_action` VALUES ('RACT3f65f585:15b74b1144b:-63db', 'RUL3f65f585:15b74b1144b:-65b4', 'treasury.actions.UpdateBillItemAmount', 'update-billitem-amount', 0);
INSERT INTO `sys_rule_action` VALUES ('RACT3f65f585:15b74b1144b:-70e7', 'RUL3f65f585:15b74b1144b:-73aa', 'treasury.actions.UpdateBillItemAmount', 'update-billitem-amount', 0);
INSERT INTO `sys_rule_action` VALUES ('RACT3f65f585:15b74b1144b:-749a', 'RUL3f65f585:15b74b1144b:-7647', 'treasury.actions.UpdateBillItemAmount', 'update-billitem-amount', 0);
INSERT INTO `sys_rule_action` VALUES ('RACT48d65dac:169e67264db:-7ddf', 'RUL-75b995c:15b18c6b9a6:-73a0', 'obo.actions.ComputeConstructionCost', 'compute-construction-cost', 0);
INSERT INTO `sys_rule_action` VALUES ('RACT4e513a84:15b291a0165:-7dec', 'RUL4e513a84:15b291a0165:-7eee', 'treasury.actions.UpdateBillItemAmount', 'update-billitem-amount', 0);
INSERT INTO `sys_rule_action` VALUES ('RACT51c2b1c4:15b69a42d57:-7491', 'RUL51c2b1c4:15b69a42d57:-7855', 'treasury.actions.UpdateBillItemAmount', 'update-billitem-amount', 0);
INSERT INTO `sys_rule_action` VALUES ('RACT544e84a6:15b372b5faf:-788e', 'RUL544e84a6:15b372b5faf:-7959', 'treasury.actions.UpdateBillItemAmount', 'update-billitem-amount', 0);
INSERT INTO `sys_rule_action` VALUES ('RACT544e84a6:15b372b5faf:-7da6', 'RUL-26004fad:15b36e43946:-7e78', 'treasury.actions.UpdateBillItemAmount', 'update-billitem-amount', 0);
INSERT INTO `sys_rule_action` VALUES ('RACT55d9e7c7:16a3522d159:-6e7c', 'RUL55d9e7c7:16a3522d159:-7417', 'treasury.actions.UpdateBillItemAmount', 'update-billitem-amount', 0);
INSERT INTO `sys_rule_action` VALUES ('RACT59515aa4:16a3a32fa5e:-45de', 'RUL59515aa4:16a3a32fa5e:-6790', 'treasury.actions.UpdateBillItemAmount', 'update-billitem-amount', 0);
INSERT INTO `sys_rule_action` VALUES ('RACT59515aa4:16a3a32fa5e:-54ec', 'RUL51c2b1c4:15b69a42d57:-7e9a', 'treasury.actions.AddBillItem', 'add-billitem', 0);
INSERT INTO `sys_rule_action` VALUES ('RACT59515aa4:16a3a32fa5e:-59a7', 'RUL59515aa4:16a3a32fa5e:-7883', 'treasury.actions.UpdateBillItemAmount', 'update-billitem-amount', 0);
INSERT INTO `sys_rule_action` VALUES ('RACT59515aa4:16a3a32fa5e:-5a55', 'RUL59515aa4:16a3a32fa5e:-782e', 'treasury.actions.UpdateBillItemAmount', 'update-billitem-amount', 0);
INSERT INTO `sys_rule_action` VALUES ('RACT59515aa4:16a3a32fa5e:-5beb', 'RUL59515aa4:16a3a32fa5e:-77fa', 'treasury.actions.UpdateBillItemAmount', 'update-billitem-amount', 0);
INSERT INTO `sys_rule_action` VALUES ('RACT59515aa4:16a3a32fa5e:-5c99', 'RUL59515aa4:16a3a32fa5e:-77c6', 'treasury.actions.UpdateBillItemAmount', 'update-billitem-amount', 0);
INSERT INTO `sys_rule_action` VALUES ('RACT59515aa4:16a3a32fa5e:-5d47', 'RUL59515aa4:16a3a32fa5e:-7792', 'treasury.actions.UpdateBillItemAmount', 'update-billitem-amount', 0);
INSERT INTO `sys_rule_action` VALUES ('RACT59515aa4:16a3a32fa5e:-5e5b', 'RUL59515aa4:16a3a32fa5e:-775e', 'treasury.actions.UpdateBillItemAmount', 'update-billitem-amount', 0);
INSERT INTO `sys_rule_action` VALUES ('RACT67dafb9:15b5100218a:-7c9a', 'RUL67dafb9:15b5100218a:-7ea4', 'treasury.actions.AddBillItem', 'add-billitem', 0);
INSERT INTO `sys_rule_action` VALUES ('RACT67f85531:15b22c52b19:-7894', 'RUL67f85531:15b22c52b19:-7925', 'RULADEF-1bc7542a:15b22baf4c3:-7ec1', 'remove-billitem', 0);
INSERT INTO `sys_rule_action` VALUES ('RACT6e008a5f:15b6c73a9f2:-7c37', 'RUL6e008a5f:15b6c73a9f2:-7e6e', 'treasury.actions.UpdateBillItemAmount', 'update-billitem-amount', 0);
INSERT INTO `sys_rule_action` VALUES ('RACT75928924:15b1d4d1c53:-718f', 'RUL6a083481:15b1d42e454:-7e47', 'treasury.actions.UpdateBillItemAmount', 'update-billitem-amount', 0);
COMMIT;

-- ----------------------------
-- Table structure for sys_rule_action_param
-- ----------------------------
DROP TABLE IF EXISTS `sys_rule_action_param`;
CREATE TABLE `sys_rule_action_param` (
  `objid` varchar(50) NOT NULL,
  `parentid` varchar(50) DEFAULT NULL,
  `actiondefparam_objid` varchar(100) DEFAULT NULL,
  `stringvalue` varchar(255) DEFAULT NULL,
  `booleanvalue` int(11) DEFAULT NULL,
  `var_objid` varchar(50) DEFAULT NULL,
  `var_name` varchar(50) DEFAULT NULL,
  `expr` longtext,
  `exprtype` varchar(25) DEFAULT NULL,
  `pos` int(11) DEFAULT NULL,
  `obj_key` varchar(50) DEFAULT NULL,
  `obj_value` varchar(255) DEFAULT NULL,
  `listvalue` longtext,
  `lov` varchar(50) DEFAULT NULL,
  `rangeoption` int(11) DEFAULT NULL,
  PRIMARY KEY (`objid`),
  KEY `parentid` (`parentid`),
  KEY `var_objid` (`var_objid`),
  KEY `sys_rule_action_param_actiondefparam` (`actiondefparam_objid`),
  CONSTRAINT `sys_rule_action_param_actiondefparam` FOREIGN KEY (`actiondefparam_objid`) REFERENCES `sys_rule_actiondef_param` (`objid`),
  CONSTRAINT `sys_rule_action_param_ibfk_1` FOREIGN KEY (`parentid`) REFERENCES `sys_rule_action` (`objid`),
  CONSTRAINT `sys_rule_action_param_ibfk_2` FOREIGN KEY (`var_objid`) REFERENCES `sys_rule_condition_var` (`objid`)
) ENGINE=InnoDB DEFAULT CHARSET=utf8;

-- ----------------------------
-- Records of sys_rule_action_param
-- ----------------------------
BEGIN;
INSERT INTO `sys_rule_action_param` VALUES ('RAP-10cfc191:15b48bf8d6b:-7fea', 'RA-10cfc191:15b48bf8d6b:-7fed', 'treasury.actions.UpdateBillItemAmount.billitem', NULL, NULL, 'RC-10cfc191:15b48bf8d6b:-7ff2', 'BILLITEM', NULL, NULL, NULL, NULL, NULL, NULL, NULL, NULL);
INSERT INTO `sys_rule_action_param` VALUES ('RAP-10cfc191:15b48bf8d6b:-7feb', 'RA-10cfc191:15b48bf8d6b:-7fed', 'treasury.actions.UpdateBillItemAmount.type', NULL, NULL, NULL, NULL, NULL, NULL, NULL, NULL, NULL, NULL, 'ADD', NULL);
INSERT INTO `sys_rule_action_param` VALUES ('RAP-10cfc191:15b48bf8d6b:-7fec', 'RA-10cfc191:15b48bf8d6b:-7fed', 'treasury.actions.UpdateBillItemAmount.amount', NULL, NULL, NULL, NULL, '7 * UNIT', 'expression', NULL, NULL, NULL, NULL, NULL, NULL);
INSERT INTO `sys_rule_action_param` VALUES ('RAP-1b89c680:16a38f14701:-7e8b', 'RA-1b89c680:16a38f14701:-7e8e', 'treasury.actions.UpdateBillItemAmount.billitem', NULL, NULL, 'RC-1b89c680:16a38f14701:-7e90', 'BILLITEM', NULL, NULL, NULL, NULL, NULL, NULL, NULL, NULL);
INSERT INTO `sys_rule_action_param` VALUES ('RAP-1b89c680:16a38f14701:-7e8c', 'RA-1b89c680:16a38f14701:-7e8e', 'treasury.actions.UpdateBillItemAmount.type', NULL, NULL, NULL, NULL, NULL, NULL, NULL, NULL, NULL, NULL, 'ADD', NULL);
INSERT INTO `sys_rule_action_param` VALUES ('RAP-1b89c680:16a38f14701:-7e8d', 'RA-1b89c680:16a38f14701:-7e8e', 'treasury.actions.UpdateBillItemAmount.amount', NULL, NULL, NULL, NULL, 'UNIT * 50', 'expression', NULL, NULL, NULL, NULL, NULL, NULL);
INSERT INTO `sys_rule_action_param` VALUES ('RAP-1b89c680:16a38f14701:-7f33', 'RA-1b89c680:16a38f14701:-7f36', 'treasury.actions.UpdateBillItemAmount.amount', NULL, NULL, NULL, NULL, 'UNIT * 50', 'expression', NULL, NULL, NULL, NULL, NULL, NULL);
INSERT INTO `sys_rule_action_param` VALUES ('RAP-1b89c680:16a38f14701:-7f34', 'RA-1b89c680:16a38f14701:-7f36', 'treasury.actions.UpdateBillItemAmount.type', NULL, NULL, NULL, NULL, NULL, NULL, NULL, NULL, NULL, NULL, 'ADD', NULL);
INSERT INTO `sys_rule_action_param` VALUES ('RAP-1b89c680:16a38f14701:-7f35', 'RA-1b89c680:16a38f14701:-7f36', 'treasury.actions.UpdateBillItemAmount.billitem', NULL, NULL, 'RC-1b89c680:16a38f14701:-7f3b', 'BILLITEM', NULL, NULL, NULL, NULL, NULL, NULL, NULL, NULL);
INSERT INTO `sys_rule_action_param` VALUES ('RAP-1b89c680:16a38f14701:-7f3c', 'RA-1b89c680:16a38f14701:-7f3f', 'treasury.actions.UpdateBillItemAmount.amount', NULL, NULL, NULL, NULL, 'STRUC * 1000', 'expression', NULL, NULL, NULL, NULL, NULL, NULL);
INSERT INTO `sys_rule_action_param` VALUES ('RAP-1b89c680:16a38f14701:-7f3d', 'RA-1b89c680:16a38f14701:-7f3f', 'treasury.actions.UpdateBillItemAmount.type', NULL, NULL, NULL, NULL, NULL, NULL, NULL, NULL, NULL, NULL, 'ADD', NULL);
INSERT INTO `sys_rule_action_param` VALUES ('RAP-1b89c680:16a38f14701:-7f3e', 'RA-1b89c680:16a38f14701:-7f3f', 'treasury.actions.UpdateBillItemAmount.billitem', NULL, NULL, 'RC-1b89c680:16a38f14701:-7f44', 'BILLITEM', NULL, NULL, NULL, NULL, NULL, NULL, NULL, NULL);
INSERT INTO `sys_rule_action_param` VALUES ('RAP-1b89c680:16a38f14701:-7f4e', 'RA-1b89c680:16a38f14701:-7f51', 'treasury.actions.UpdateBillItemAmount.amount', NULL, NULL, NULL, NULL, 'TERM * 2.4', 'expression', NULL, NULL, NULL, NULL, NULL, NULL);
INSERT INTO `sys_rule_action_param` VALUES ('RAP-1b89c680:16a38f14701:-7f4f', 'RA-1b89c680:16a38f14701:-7f51', 'treasury.actions.UpdateBillItemAmount.type', NULL, NULL, NULL, NULL, NULL, NULL, NULL, NULL, NULL, NULL, 'ADD', NULL);
INSERT INTO `sys_rule_action_param` VALUES ('RAP-1b89c680:16a38f14701:-7f50', 'RA-1b89c680:16a38f14701:-7f51', 'treasury.actions.UpdateBillItemAmount.billitem', NULL, NULL, 'RC-1b89c680:16a38f14701:-7f56', 'BILLITEM', NULL, NULL, NULL, NULL, NULL, NULL, NULL, NULL);
INSERT INTO `sys_rule_action_param` VALUES ('RAP-1b89c680:16a38f14701:-7f57', 'RA-1b89c680:16a38f14701:-7f5a', 'treasury.actions.UpdateBillItemAmount.amount', NULL, NULL, NULL, NULL, 'OUTLET * 2.4', 'expression', NULL, NULL, NULL, NULL, NULL, NULL);
INSERT INTO `sys_rule_action_param` VALUES ('RAP-1b89c680:16a38f14701:-7f58', 'RA-1b89c680:16a38f14701:-7f5a', 'treasury.actions.UpdateBillItemAmount.type', NULL, NULL, NULL, NULL, NULL, NULL, NULL, NULL, NULL, NULL, 'ADD', NULL);
INSERT INTO `sys_rule_action_param` VALUES ('RAP-1b89c680:16a38f14701:-7f59', 'RA-1b89c680:16a38f14701:-7f5a', 'treasury.actions.UpdateBillItemAmount.billitem', NULL, NULL, 'RC-1b89c680:16a38f14701:-7f5f', 'BILLITEM', NULL, NULL, NULL, NULL, NULL, NULL, NULL, NULL);
INSERT INTO `sys_rule_action_param` VALUES ('RAP-1b89c680:16a38f14701:-7f60', 'RA-1b89c680:16a38f14701:-7f63', 'treasury.actions.UpdateBillItemAmount.amount', NULL, NULL, NULL, NULL, 'UNIT * 10', 'expression', NULL, NULL, NULL, NULL, NULL, NULL);
INSERT INTO `sys_rule_action_param` VALUES ('RAP-1b89c680:16a38f14701:-7f61', 'RA-1b89c680:16a38f14701:-7f63', 'treasury.actions.UpdateBillItemAmount.type', NULL, NULL, NULL, NULL, NULL, NULL, NULL, NULL, NULL, NULL, 'ADD', NULL);
INSERT INTO `sys_rule_action_param` VALUES ('RAP-1b89c680:16a38f14701:-7f62', 'RA-1b89c680:16a38f14701:-7f63', 'treasury.actions.UpdateBillItemAmount.billitem', NULL, NULL, 'RC-1b89c680:16a38f14701:-7f68', 'BILLITEM', NULL, NULL, NULL, NULL, NULL, NULL, NULL, NULL);
INSERT INTO `sys_rule_action_param` VALUES ('RAP-1b89c680:16a38f14701:-7f69', 'RA-1b89c680:16a38f14701:-7f6c', 'treasury.actions.UpdateBillItemAmount.amount', NULL, NULL, NULL, NULL, 'LOC * 1000', 'expression', NULL, NULL, NULL, NULL, NULL, NULL);
INSERT INTO `sys_rule_action_param` VALUES ('RAP-1b89c680:16a38f14701:-7f6a', 'RA-1b89c680:16a38f14701:-7f6c', 'treasury.actions.UpdateBillItemAmount.type', NULL, NULL, NULL, NULL, NULL, NULL, NULL, NULL, NULL, NULL, 'ADD', NULL);
INSERT INTO `sys_rule_action_param` VALUES ('RAP-1b89c680:16a38f14701:-7f6b', 'RA-1b89c680:16a38f14701:-7f6c', 'treasury.actions.UpdateBillItemAmount.billitem', NULL, NULL, 'RC-1b89c680:16a38f14701:-7f71', 'BILLITEM', NULL, NULL, NULL, NULL, NULL, NULL, NULL, NULL);
INSERT INTO `sys_rule_action_param` VALUES ('RAP-1b89c680:16a38f14701:-7fb2', 'RA-1b89c680:16a38f14701:-7fb5', 'treasury.actions.UpdateBillItemAmount.billitem', NULL, NULL, 'RC-1b89c680:16a38f14701:-7fb7', 'BILLITEM', NULL, NULL, NULL, NULL, NULL, NULL, NULL, NULL);
INSERT INTO `sys_rule_action_param` VALUES ('RAP-1b89c680:16a38f14701:-7fb3', 'RA-1b89c680:16a38f14701:-7fb5', 'treasury.actions.UpdateBillItemAmount.type', NULL, NULL, NULL, NULL, NULL, NULL, NULL, NULL, NULL, NULL, 'ADD', NULL);
INSERT INTO `sys_rule_action_param` VALUES ('RAP-1b89c680:16a38f14701:-7fb4', 'RA-1b89c680:16a38f14701:-7fb5', 'treasury.actions.UpdateBillItemAmount.amount', NULL, NULL, NULL, NULL, 'PORT * 2.4', 'expression', NULL, NULL, NULL, NULL, NULL, NULL);
INSERT INTO `sys_rule_action_param` VALUES ('RAP-3394437b:16a4396e5cb:-7a6e', 'RA-3394437b:16a4396e5cb:-7a71', 'treasury.actions.UpdateBillItemAmount.amount', NULL, NULL, NULL, NULL, 'SQM * 18', 'expression', NULL, NULL, NULL, NULL, NULL, NULL);
INSERT INTO `sys_rule_action_param` VALUES ('RAP-3394437b:16a4396e5cb:-7a6f', 'RA-3394437b:16a4396e5cb:-7a71', 'treasury.actions.UpdateBillItemAmount.type', NULL, NULL, NULL, NULL, NULL, NULL, NULL, NULL, NULL, NULL, 'ADD', NULL);
INSERT INTO `sys_rule_action_param` VALUES ('RAP-3394437b:16a4396e5cb:-7a70', 'RA-3394437b:16a4396e5cb:-7a71', 'treasury.actions.UpdateBillItemAmount.billitem', NULL, NULL, 'RC-3394437b:16a4396e5cb:-7a73', 'BILLITEM', NULL, NULL, NULL, NULL, NULL, NULL, NULL, NULL);
INSERT INTO `sys_rule_action_param` VALUES ('RAP-3394437b:16a4396e5cb:-7a8e', 'RA-3394437b:16a4396e5cb:-7a91', 'treasury.actions.UpdateBillItemAmount.billitem', NULL, NULL, 'RC-3394437b:16a4396e5cb:-7a96', 'BILLITEM', NULL, NULL, NULL, NULL, NULL, NULL, NULL, NULL);
INSERT INTO `sys_rule_action_param` VALUES ('RAP-3394437b:16a4396e5cb:-7a8f', 'RA-3394437b:16a4396e5cb:-7a91', 'treasury.actions.UpdateBillItemAmount.type', NULL, NULL, NULL, NULL, NULL, NULL, NULL, NULL, NULL, NULL, 'ADD', NULL);
INSERT INTO `sys_rule_action_param` VALUES ('RAP-3394437b:16a4396e5cb:-7a90', 'RA-3394437b:16a4396e5cb:-7a91', 'treasury.actions.UpdateBillItemAmount.amount', NULL, NULL, NULL, NULL, 'SQM * 12', 'expression', NULL, NULL, NULL, NULL, NULL, NULL);
INSERT INTO `sys_rule_action_param` VALUES ('RAP-3394437b:16a4396e5cb:-7acd', 'RA-3394437b:16a4396e5cb:-7ad0', 'treasury.actions.UpdateBillItemAmount.billitem', NULL, NULL, 'RC-3394437b:16a4396e5cb:-7ad5', 'BILLITEM', NULL, NULL, NULL, NULL, NULL, NULL, NULL, NULL);
INSERT INTO `sys_rule_action_param` VALUES ('RAP-3394437b:16a4396e5cb:-7ace', 'RA-3394437b:16a4396e5cb:-7ad0', 'treasury.actions.UpdateBillItemAmount.type', NULL, NULL, NULL, NULL, NULL, NULL, NULL, NULL, NULL, NULL, 'ADD', NULL);
INSERT INTO `sys_rule_action_param` VALUES ('RAP-3394437b:16a4396e5cb:-7acf', 'RA-3394437b:16a4396e5cb:-7ad0', 'treasury.actions.UpdateBillItemAmount.amount', NULL, NULL, NULL, NULL, 'CUM * 7', 'expression', NULL, NULL, NULL, NULL, NULL, NULL);
INSERT INTO `sys_rule_action_param` VALUES ('RAP-3394437b:16a4396e5cb:-7b23', 'RA-3394437b:16a4396e5cb:-7b26', 'treasury.actions.UpdateBillItemAmount.type', NULL, NULL, NULL, NULL, NULL, NULL, NULL, NULL, NULL, NULL, 'ADD', NULL);
INSERT INTO `sys_rule_action_param` VALUES ('RAP-3394437b:16a4396e5cb:-7b24', 'RA-3394437b:16a4396e5cb:-7b26', 'treasury.actions.UpdateBillItemAmount.amount', NULL, NULL, 'RCONST-4267ff2c:16a444aba70:-613c', 'CUM', '<table border=\"1\" cellpadding=\"1\" cellspacing=\"0\">\n    <tr>\n        <td colspan=\"3\">Use Variable: CUM</td>\n    </tr>\n    \n        <tr>\n            <th>Greater than</th>\n            <th>Less than or equal to</th>\n            <th>Formula</th>\n        </tr>\n    \n    \n    \n        <tr>\n            <td></td>\n            <td>10.00</td>\n            <td>CUM * 480</td>\n        </tr>\n    \n        <tr>\n            <td>10.00</td>\n            <td></td>\n            <td>4800 + (( CUM-10)* 24)</td>\n        </tr>\n    \n</table>', 'range', NULL, NULL, NULL, '[[to:10.00,value:\"CUM * 480\",from:0],[value:\"4800 + (( CUM-10)* 24)\",from:10.00]]', NULL, 1);
INSERT INTO `sys_rule_action_param` VALUES ('RAP-3394437b:16a4396e5cb:-7b25', 'RA-3394437b:16a4396e5cb:-7b26', 'treasury.actions.UpdateBillItemAmount.billitem', NULL, NULL, 'RC-3394437b:16a4396e5cb:-7b2b', 'BILLITEM', NULL, NULL, NULL, NULL, NULL, NULL, NULL, NULL);
INSERT INTO `sys_rule_action_param` VALUES ('RAP-3394437b:16a4396e5cb:-7bd1', 'RA-3394437b:16a4396e5cb:-7bd4', 'treasury.actions.UpdateBillItemAmount.billitem', NULL, NULL, 'RC-3394437b:16a4396e5cb:-7bd6', 'BILLITEM', NULL, NULL, NULL, NULL, NULL, NULL, NULL, NULL);
INSERT INTO `sys_rule_action_param` VALUES ('RAP-3394437b:16a4396e5cb:-7bd2', 'RA-3394437b:16a4396e5cb:-7bd4', 'treasury.actions.UpdateBillItemAmount.amount', NULL, NULL, NULL, 'HEIGHT', 'CUM * 12', 'expression', NULL, NULL, NULL, '[[to:10.00,value:\"HEIGHT * 240\",from:0],[value:\"2400 + (( HEIGHT-10)*12)\",from:10.00]]', NULL, 1);
INSERT INTO `sys_rule_action_param` VALUES ('RAP-3394437b:16a4396e5cb:-7bd3', 'RA-3394437b:16a4396e5cb:-7bd4', 'treasury.actions.UpdateBillItemAmount.type', NULL, NULL, NULL, NULL, NULL, NULL, NULL, NULL, NULL, NULL, 'ADD', NULL);
INSERT INTO `sys_rule_action_param` VALUES ('RAP-3394437b:16a4396e5cb:-7c0a', 'RA-3394437b:16a4396e5cb:-7c0d', 'treasury.actions.UpdateBillItemAmount.type', NULL, NULL, NULL, NULL, NULL, NULL, NULL, NULL, NULL, NULL, 'ADD', NULL);
INSERT INTO `sys_rule_action_param` VALUES ('RAP-3394437b:16a4396e5cb:-7c0b', 'RA-3394437b:16a4396e5cb:-7c0d', 'treasury.actions.UpdateBillItemAmount.amount', NULL, NULL, 'RCC-3394437b:16a4396e5cb:-7c0f', 'HEIGHT', 'SQM * 48', 'expression', NULL, NULL, NULL, '[[to:10.00,value:\"HEIGHT * 240\",from:0],[value:\"2400 + (( HEIGHT-10)*12)\",from:10.00]]', NULL, 1);
INSERT INTO `sys_rule_action_param` VALUES ('RAP-3394437b:16a4396e5cb:-7c0c', 'RA-3394437b:16a4396e5cb:-7c0d', 'treasury.actions.UpdateBillItemAmount.billitem', NULL, NULL, 'RC-3394437b:16a4396e5cb:-7c14', 'BILLITEM', NULL, NULL, NULL, NULL, NULL, NULL, NULL, NULL);
INSERT INTO `sys_rule_action_param` VALUES ('RAP-3394437b:16a4396e5cb:-7c84', 'RA-3394437b:16a4396e5cb:-7c87', 'treasury.actions.UpdateBillItemAmount.billitem', NULL, NULL, 'RC-3394437b:16a4396e5cb:-7c89', 'BILLITEM', NULL, NULL, NULL, NULL, NULL, NULL, NULL, NULL);
INSERT INTO `sys_rule_action_param` VALUES ('RAP-3394437b:16a4396e5cb:-7c85', 'RA-3394437b:16a4396e5cb:-7c87', 'treasury.actions.UpdateBillItemAmount.amount', NULL, NULL, 'RCC-3394437b:16a4396e5cb:-7c8c', 'HEIGHT', '<table border=\"1\" cellpadding=\"1\" cellspacing=\"0\">\n    <tr>\n        <td colspan=\"3\">Use Variable: HEIGHT</td>\n    </tr>\n    \n        <tr>\n            <th>Greater than</th>\n            <th>Less than or equal to</th>\n            <th>Formula</th>\n        </tr>\n    \n    \n    \n        <tr>\n            <td></td>\n            <td>10.00</td>\n            <td>HEIGHT * 48</td>\n        </tr>\n    \n        <tr>\n            <td>10.00</td>\n            <td></td>\n            <td>480 + (( HEIGHT-10)*2)</td>\n        </tr>\n    \n</table>', 'range', NULL, NULL, NULL, '[[to:10.00,value:\"HEIGHT * 48\",from:0],[value:\"480 + (( HEIGHT-10)*2)\",from:10.00]]', NULL, 1);
INSERT INTO `sys_rule_action_param` VALUES ('RAP-3394437b:16a4396e5cb:-7c86', 'RA-3394437b:16a4396e5cb:-7c87', 'treasury.actions.UpdateBillItemAmount.type', NULL, NULL, NULL, NULL, NULL, NULL, NULL, NULL, NULL, NULL, 'ADD', NULL);
INSERT INTO `sys_rule_action_param` VALUES ('RAP-3394437b:16a4396e5cb:-7ca6', 'RA-3394437b:16a4396e5cb:-7ca9', 'treasury.actions.UpdateBillItemAmount.type', NULL, NULL, NULL, NULL, NULL, NULL, NULL, NULL, NULL, NULL, 'ADD', NULL);
INSERT INTO `sys_rule_action_param` VALUES ('RAP-3394437b:16a4396e5cb:-7ca7', 'RA-3394437b:16a4396e5cb:-7ca9', 'treasury.actions.UpdateBillItemAmount.amount', NULL, NULL, 'RCC-3394437b:16a4396e5cb:-7cab', 'HEIGHT', '<table border=\"1\" cellpadding=\"1\" cellspacing=\"0\">\n    <tr>\n        <td colspan=\"3\">Use Variable: HEIGHT</td>\n    </tr>\n    \n        <tr>\n            <th>Greater than</th>\n            <th>Less than or equal to</th>\n            <th>Formula</th>\n        </tr>\n    \n    \n    \n        <tr>\n            <td></td>\n            <td>10.00</td>\n            <td>HEIGHT * 240</td>\n        </tr>\n    \n        <tr>\n            <td>10.00</td>\n            <td></td>\n            <td>2400 + (( HEIGHT-10)*12)</td>\n        </tr>\n    \n</table>', 'range', NULL, NULL, NULL, '[[to:10.00,value:\"HEIGHT * 240\",from:0],[value:\"2400 + (( HEIGHT-10)*12)\",from:10.00]]', NULL, 1);
INSERT INTO `sys_rule_action_param` VALUES ('RAP-3394437b:16a4396e5cb:-7ca8', 'RA-3394437b:16a4396e5cb:-7ca9', 'treasury.actions.UpdateBillItemAmount.billitem', NULL, NULL, 'RC-3394437b:16a4396e5cb:-7cb0', 'BILLITEM', NULL, NULL, NULL, NULL, NULL, NULL, NULL, NULL);
INSERT INTO `sys_rule_action_param` VALUES ('RAP-3394437b:16a4396e5cb:-7e97', 'RA-3394437b:16a4396e5cb:-7e99', 'treasury.actions.UpdateBillItemAmount.billitem', NULL, NULL, 'RC-3394437b:16a4396e5cb:-7ea0', 'BILLITEM', NULL, NULL, NULL, NULL, NULL, NULL, NULL, NULL);
INSERT INTO `sys_rule_action_param` VALUES ('RAP-3394437b:16a4396e5cb:-7ea7', 'RA-3394437b:16a4396e5cb:-7ea9', 'treasury.actions.UpdateBillItemAmount.billitem', NULL, NULL, 'RC-3394437b:16a4396e5cb:-7eb0', 'BILLITEM', NULL, NULL, NULL, NULL, NULL, NULL, NULL, NULL);
INSERT INTO `sys_rule_action_param` VALUES ('RAP-3394437b:16a4396e5cb:-7eb8', 'RA-3394437b:16a4396e5cb:-7eb9', 'treasury.actions.UpdateBillItemAmount.billitem', NULL, NULL, 'RC-3394437b:16a4396e5cb:-7ebb', 'BILLITEM', NULL, NULL, NULL, NULL, NULL, NULL, NULL, NULL);
INSERT INTO `sys_rule_action_param` VALUES ('RAP-3394437b:16a4396e5cb:-7eca', 'RA-3394437b:16a4396e5cb:-7ecb', 'treasury.actions.UpdateBillItemAmount.billitem', NULL, NULL, 'RC-3394437b:16a4396e5cb:-7ecd', 'BILLITEM', NULL, NULL, NULL, NULL, NULL, NULL, NULL, NULL);
INSERT INTO `sys_rule_action_param` VALUES ('RAP-3394437b:16a4396e5cb:-7ed4', 'RA-3394437b:16a4396e5cb:-7ed5', 'treasury.actions.UpdateBillItemAmount.billitem', NULL, NULL, 'RC-3394437b:16a4396e5cb:-7ed7', 'BILLITEM', NULL, NULL, NULL, NULL, NULL, NULL, NULL, NULL);
INSERT INTO `sys_rule_action_param` VALUES ('RAP-3394437b:16a4396e5cb:-7ef1', 'RA-3394437b:16a4396e5cb:-7ef3', 'treasury.actions.UpdateBillItemAmount.billitem', NULL, NULL, 'RC-3394437b:16a4396e5cb:-7efa', 'BILLITEM', NULL, NULL, NULL, NULL, NULL, NULL, NULL, NULL);
INSERT INTO `sys_rule_action_param` VALUES ('RAP-37d558f5:16a4fd0d79e:-7f67', 'RA-37d558f5:16a4fd0d79e:-7f69', 'treasury.actions.AddBillItem.billcode', NULL, NULL, NULL, NULL, NULL, NULL, NULL, 'LOCATIONAL_CLEARANCE_FEE', 'LOCATIONAL CLEARANCE FEE', NULL, NULL, NULL);
INSERT INTO `sys_rule_action_param` VALUES ('RAP-37d558f5:16a4fd0d79e:-7f68', 'RA-37d558f5:16a4fd0d79e:-7f69', 'treasury.actions.AddBillItem.amount', NULL, NULL, 'RCONST2bdcadbe:16c2d9fc74a:-748a', 'COST', '<table border=\"1\" cellpadding=\"1\" cellspacing=\"0\">\n    <tr>\n        <td colspan=\"3\">Use Variable: COST</td>\n    </tr>\n    \n    \n        <tr>\n            <th>Greater than or equal to</th>\n            <th>Less than</th>\n            <th>Formula</th>\n        </tr>\n    \n    \n        <tr>\n            <td></td>\n            <td>2000000.00</td>\n            <td>7000</td>\n        </tr>\n    \n        <tr>\n            <td>2000000.00</td>\n            <td></td>\n            <td>8000 + (( COST-2000000) * 0.10 * 0.01 )</td>\n        </tr>\n    \n</table>', 'range', NULL, NULL, NULL, '[[to:2000000.00,value:\"7000\",from:0],[value:\"8000 + (( COST-2000000) * 0.10 * 0.01 )\",from:2000000.00]]', NULL, 0);
INSERT INTO `sys_rule_action_param` VALUES ('RAP-37d558f5:16a4fd0d79e:-7f9f', 'RA-37d558f5:16a4fd0d79e:-7fa1', 'treasury.actions.AddBillItem.amount', NULL, NULL, 'RCONST2bdcadbe:16c2d9fc74a:-71f2', 'COST', '<table border=\"1\" cellpadding=\"1\" cellspacing=\"0\">\n    <tr>\n        <td colspan=\"3\">Use Variable: COST</td>\n    </tr>\n    \n    \n        <tr>\n            <th>Greater than or equal to</th>\n            <th>Less than</th>\n            <th>Formula</th>\n        </tr>\n    \n    \n        <tr>\n            <td></td>\n            <td>100000.00</td>\n            <td>1500</td>\n        </tr>\n    \n        <tr>\n            <td>100000.00</td>\n            <td>500000.00</td>\n            <td>2000</td>\n        </tr>\n    \n        <tr>\n            <td>500000.00</td>\n            <td>1000000.00</td>\n            <td>2600</td>\n        </tr>\n    \n        <tr>\n            <td>1000000.00</td>\n            <td>2000000.00</td>\n            <td>4000</td>\n        </tr>\n    \n        <tr>\n            <td>2000000.00</td>\n            <td></td>\n            <td>7000  + ((COST-2000000)* 0.10 * 0.01)</td>\n        </tr>\n    \n</table>', 'range', NULL, NULL, NULL, '[[to:100000.00,value:\"1500\",from:0],[to:500000.00,value:\"2000\",from:100000.00],[to:1000000.00,value:\"2600\",from:500000.00],[to:2000000.00,value:\"4000\",from:1000000.00],[value:\"7000  + ((COST-2000000)* 0.10 * 0.01)\",from:2000000.00]]', NULL, 0);
INSERT INTO `sys_rule_action_param` VALUES ('RAP-37d558f5:16a4fd0d79e:-7fa0', 'RA-37d558f5:16a4fd0d79e:-7fa1', 'treasury.actions.AddBillItem.billcode', NULL, NULL, NULL, NULL, NULL, NULL, NULL, 'LOCATIONAL_CLEARANCE_FEE', 'LOCATIONAL CLEARANCE FEE', NULL, NULL, NULL);
INSERT INTO `sys_rule_action_param` VALUES ('RAP-37d558f5:16a4fd0d79e:-7fb6', 'RA-37d558f5:16a4fd0d79e:-7fb8', 'treasury.actions.AddBillItem.billcode', NULL, NULL, NULL, NULL, NULL, NULL, NULL, 'LOCATIONAL_CLEARANCE_FEE', 'LOCATIONAL CLEARANCE FEE', NULL, NULL, NULL);
INSERT INTO `sys_rule_action_param` VALUES ('RAP-37d558f5:16a4fd0d79e:-7fb7', 'RA-37d558f5:16a4fd0d79e:-7fb8', 'treasury.actions.AddBillItem.amount', NULL, NULL, 'RCONST2bdcadbe:16c2d9fc74a:-7027', 'COST', '<table border=\"1\" cellpadding=\"1\" cellspacing=\"0\">\n    <tr>\n        <td colspan=\"3\">Use Variable: COST</td>\n    </tr>\n    \n    \n        <tr>\n            <th>Greater than or equal to</th>\n            <th>Less than</th>\n            <th>Formula</th>\n        </tr>\n    \n    \n        <tr>\n            <td></td>\n            <td>2000000.00</td>\n            <td>3000</td>\n        </tr>\n    \n        <tr>\n            <td>2000000.00</td>\n            <td></td>\n            <td>4000 + (( COST - 2000000 ) * 0.10 * 0.01)</td>\n        </tr>\n    \n</table>', 'range', NULL, NULL, NULL, '[[to:2000000.00,value:\"3000\",from:0],[value:\"4000 + (( COST - 2000000 ) * 0.10 * 0.01)\",from:2000000.00]]', NULL, 0);
INSERT INTO `sys_rule_action_param` VALUES ('RAP-37d558f5:16a4fd0d79e:-7fd3', 'RA-37d558f5:16a4fd0d79e:-7fd5', 'treasury.actions.AddBillItem.amount', NULL, NULL, 'RCONST2bdcadbe:16c2d9fc74a:-6e5c', 'COST', '<table border=\"1\" cellpadding=\"1\" cellspacing=\"0\">\n    <tr>\n        <td colspan=\"3\">Use Variable: COST</td>\n    </tr>\n    \n    \n        <tr>\n            <th>Greater than or equal to</th>\n            <th>Less than</th>\n            <th>Formula</th>\n        </tr>\n    \n    \n        <tr>\n            <td></td>\n            <td>2000000.00</td>\n            <td>3000</td>\n        </tr>\n    \n        <tr>\n            <td>2000000.00</td>\n            <td></td>\n            <td>4000 + (( COST - 2000000 ) * 0.10 * 0.01)</td>\n        </tr>\n    \n</table>', 'range', NULL, NULL, NULL, '[[to:2000000.00,value:\"3000\",from:0],[value:\"4000 + (( COST - 2000000 ) * 0.10 * 0.01)\",from:2000000.00]]', NULL, 0);
INSERT INTO `sys_rule_action_param` VALUES ('RAP-37d558f5:16a4fd0d79e:-7fd4', 'RA-37d558f5:16a4fd0d79e:-7fd5', 'treasury.actions.AddBillItem.billcode', NULL, NULL, NULL, NULL, NULL, NULL, NULL, 'LOCATIONAL_CLEARANCE_FEE', 'LOCATIONAL CLEARANCE FEE', NULL, NULL, NULL);
INSERT INTO `sys_rule_action_param` VALUES ('RAP-37d558f5:16a4fd0d79e:-7ff2', 'RA-37d558f5:16a4fd0d79e:-7ff4', 'treasury.actions.AddBillItem.billcode', NULL, NULL, NULL, NULL, NULL, NULL, NULL, 'LOCATIONAL_CLEARANCE_FEE', 'LOCATIONAL CLEARANCE FEE', NULL, NULL, NULL);
INSERT INTO `sys_rule_action_param` VALUES ('RAP-37d558f5:16a4fd0d79e:-7ff3', 'RA-37d558f5:16a4fd0d79e:-7ff4', 'treasury.actions.AddBillItem.amount', NULL, NULL, 'RCONST2bdcadbe:16c2d9fc74a:-6c91', 'COST', '<table border=\"1\" cellpadding=\"1\" cellspacing=\"0\">\n    <tr>\n        <td colspan=\"3\">Use Variable: COST</td>\n    </tr>\n    \n    \n        <tr>\n            <th>Greater than or equal to</th>\n            <th>Less than</th>\n            <th>Formula</th>\n        </tr>\n    \n    \n        <tr>\n            <td></td>\n            <td>500000.00</td>\n            <td>1500</td>\n        </tr>\n    \n        <tr>\n            <td>500000.00</td>\n            <td>2000000.00</td>\n            <td>2000</td>\n        </tr>\n    \n        <tr>\n            <td>2000000.00</td>\n            <td></td>\n            <td>3600 + (( COST - 2000000 ) * 0.10 * 0.01)</td>\n        </tr>\n    \n</table>', 'range', NULL, NULL, NULL, '[[to:500000.00,value:\"1500\",from:0],[to:2000000.00,value:\"2000\",from:500000.00],[value:\"3600 + (( COST - 2000000 ) * 0.10 * 0.01)\",from:2000000.00]]', NULL, 0);
INSERT INTO `sys_rule_action_param` VALUES ('RAP-39c9f5f6:16a4e3b1db2:-7f9b', 'RA-39c9f5f6:16a4e3b1db2:-7f9e', 'treasury.actions.UpdateBillItemAmount.amount', NULL, NULL, NULL, NULL, 'CUM * 3', 'expression', NULL, NULL, NULL, NULL, NULL, NULL);
INSERT INTO `sys_rule_action_param` VALUES ('RAP-39c9f5f6:16a4e3b1db2:-7f9c', 'RA-39c9f5f6:16a4e3b1db2:-7f9e', 'treasury.actions.UpdateBillItemAmount.type', NULL, NULL, NULL, NULL, NULL, NULL, NULL, NULL, NULL, NULL, 'ADD', NULL);
INSERT INTO `sys_rule_action_param` VALUES ('RAP-39c9f5f6:16a4e3b1db2:-7f9d', 'RA-39c9f5f6:16a4e3b1db2:-7f9e', 'treasury.actions.UpdateBillItemAmount.billitem', NULL, NULL, 'RC-39c9f5f6:16a4e3b1db2:-7fa0', 'BILLITEM', NULL, NULL, NULL, NULL, NULL, NULL, NULL, NULL);
INSERT INTO `sys_rule_action_param` VALUES ('RAP-41519066:15b76f8cd83:-7fe3', 'RA-41519066:15b76f8cd83:-7fe6', 'treasury.actions.UpdateBillItemAmount.billitem', NULL, NULL, 'RC-41519066:15b76f8cd83:-7fe8', 'BILLITEM', NULL, NULL, NULL, NULL, NULL, NULL, NULL, NULL);
INSERT INTO `sys_rule_action_param` VALUES ('RAP-41519066:15b76f8cd83:-7fe4', 'RA-41519066:15b76f8cd83:-7fe6', 'treasury.actions.UpdateBillItemAmount.type', NULL, NULL, NULL, NULL, NULL, NULL, NULL, NULL, NULL, NULL, 'ADD', NULL);
INSERT INTO `sys_rule_action_param` VALUES ('RAP-41519066:15b76f8cd83:-7fe5', 'RA-41519066:15b76f8cd83:-7fe6', 'treasury.actions.UpdateBillItemAmount.amount', NULL, NULL, 'RCC-41519066:15b76f8cd83:-7fea', 'TON', '<table border=\"1\" cellpadding=\"1\" cellspacing=\"0\">\n    <tr>\n        <td colspan=\"3\">Use Variable: TON</td>\n    </tr>\n    \n        <tr>\n            <th>Greater than</th>\n            <th>Less than or equal to</th>\n            <th>Formula</th>\n        </tr>\n    \n    \n    \n        <tr>\n            <td></td>\n            <td>100.00</td>\n            <td>25 * TON</td>\n        </tr>\n    \n        <tr>\n            <td>100.00</td>\n            <td>150.00</td>\n            <td>2500 + ((TON-100)*20)</td>\n        </tr>\n    \n        <tr>\n            <td>150.00</td>\n            <td>300.00</td>\n            <td>2500 + 1000 + ((TON-150)*15)</td>\n        </tr>\n    \n        <tr>\n            <td>300.00</td>\n            <td>500.00</td>\n            <td>2500 + 1000 + 2250 + ((TON-300)*10)</td>\n        </tr>\n    \n        <tr>\n            <td>500.00</td>\n            <td></td>\n            <td>2500 + 1000 + 2250 + 2000 + ((TON-500)*5)</td>\n        </tr>\n    \n</table>', 'range', NULL, NULL, NULL, '[[to:100.00,value:\"25 * TON\",from:0],[to:150.00,value:\"2500 + ((TON-100)*20)\",from:100.00],[to:300.00,value:\"2500 + 1000 + ((TON-150)*15)\",from:150.00],[to:500.00,value:\"2500 + 1000 + 2250 + ((TON-300)*10)\",from:300.00],[value:\"2500 + 1000 + 2250 + 2000 + ((TON-500)*5)\",from:500.00]]', NULL, 1);
INSERT INTO `sys_rule_action_param` VALUES ('RAP-4dbf9d19:15bf4e01a24:-7fb0', 'RA-4dbf9d19:15bf4e01a24:-7fb2', 'treasury.actions.AddBillItem.amount', NULL, NULL, 'RCONST7a4cba33:16a44844397:-7d6c', 'AREA', '<table border=\"1\" cellpadding=\"1\" cellspacing=\"0\">\n    <tr>\n        <td colspan=\"3\">Use Variable: AREA</td>\n    </tr>\n    \n        <tr>\n            <th>Greater than</th>\n            <th>Less than or equal to</th>\n            <th>Formula</th>\n        </tr>\n    \n    \n    \n        <tr>\n            <td></td>\n            <td>20.00</td>\n            <td>3.4 * AREA</td>\n        </tr>\n    \n        <tr>\n            <td>20.00</td>\n            <td>50.00</td>\n            <td>5.20 * AREA</td>\n        </tr>\n    \n        <tr>\n            <td>50.00</td>\n            <td>150.00</td>\n            <td>8 * AREA</td>\n        </tr>\n    \n        <tr>\n            <td>150.00</td>\n            <td></td>\n            <td>8.40 * AREA</td>\n        </tr>\n    \n</table>', 'range', NULL, NULL, NULL, '[[to:20.00,value:\"3.4 * AREA\",from:0],[to:50.00,value:\"5.20 * AREA\",from:20.00],[to:150.00,value:\"8 * AREA\",from:50.00],[value:\"8.40 * AREA\",from:150.00]]', NULL, 1);
INSERT INTO `sys_rule_action_param` VALUES ('RAP-4dbf9d19:15bf4e01a24:-7fb9', 'RA-4dbf9d19:15bf4e01a24:-7fba', 'treasury.actions.AddBillItem.amount', NULL, NULL, 'RCONST7a4cba33:16a44844397:-7a9a', 'AREA', '<table border=\"1\" cellpadding=\"1\" cellspacing=\"0\">\n    <tr>\n        <td colspan=\"3\">Use Variable: AREA</td>\n    </tr>\n    \n        <tr>\n            <th>Greater than</th>\n            <th>Less than or equal to</th>\n            <th>Formula</th>\n        </tr>\n    \n    \n    \n        <tr>\n            <td></td>\n            <td>20.00</td>\n            <td>2.4 * AREA</td>\n        </tr>\n    \n        <tr>\n            <td>20.00</td>\n            <td>50.00</td>\n            <td>3.40 * AREA</td>\n        </tr>\n    \n        <tr>\n            <td>50.00</td>\n            <td>100.00</td>\n            <td>4.80 * AREA</td>\n        </tr>\n    \n        <tr>\n            <td>100.00</td>\n            <td>150.00</td>\n            <td>6.0 * AREA</td>\n        </tr>\n    \n        <tr>\n            <td>150.00</td>\n            <td></td>\n            <td>7.20 * AREA</td>\n        </tr>\n    \n</table>', 'range', NULL, NULL, NULL, '[[to:20.00,value:\"2.4 * AREA\",from:0],[to:50.00,value:\"3.40 * AREA\",from:20.00],[to:100.00,value:\"4.80 * AREA\",from:50.00],[to:150.00,value:\"6.0 * AREA\",from:100.00],[value:\"7.20 * AREA\",from:150.00]]', NULL, 1);
INSERT INTO `sys_rule_action_param` VALUES ('RAP-4dbf9d19:15bf4e01a24:-7fc0', 'RA-4dbf9d19:15bf4e01a24:-7fc3', 'treasury.actions.UpdateBillItemAmount.billitem', NULL, NULL, 'RC-4dbf9d19:15bf4e01a24:-7fc5', 'BILLITEM', NULL, NULL, NULL, NULL, NULL, NULL, NULL, NULL);
INSERT INTO `sys_rule_action_param` VALUES ('RAP-4dbf9d19:15bf4e01a24:-7fc1', 'RA-4dbf9d19:15bf4e01a24:-7fc3', 'treasury.actions.UpdateBillItemAmount.type', NULL, NULL, NULL, NULL, NULL, NULL, NULL, NULL, NULL, NULL, 'ADD', NULL);
INSERT INTO `sys_rule_action_param` VALUES ('RAP-4dbf9d19:15bf4e01a24:-7fc2', 'RA-4dbf9d19:15bf4e01a24:-7fc3', 'treasury.actions.UpdateBillItemAmount.amount', NULL, NULL, 'RCC-4dbf9d19:15bf4e01a24:-7fc7', 'AREA', '<table border=\"1\" cellpadding=\"1\" cellspacing=\"0\">\n    <tr>\n        <td colspan=\"3\">Use Variable: AREA</td>\n    </tr>\n    \n        <tr>\n            <th>Greater than</th>\n            <th>Less than or equal to</th>\n            <th>Formula</th>\n        </tr>\n    \n    \n    \n        <tr>\n            <td></td>\n            <td>20.00</td>\n            <td>( 3.4 * AREA ) / 2</td>\n        </tr>\n    \n        <tr>\n            <td>20.00</td>\n            <td>50.00</td>\n            <td>( 5.20 * AREA ) / 2</td>\n        </tr>\n    \n        <tr>\n            <td>50.00</td>\n            <td>150.00</td>\n            <td>( 8 * AREA ) / 2</td>\n        </tr>\n    \n        <tr>\n            <td>150.00</td>\n            <td></td>\n            <td>( 8.40 * AREA ) / 2</td>\n        </tr>\n    \n</table>', 'range', NULL, NULL, NULL, '[[to:20.00,value:\"( 3.4 * AREA ) / 2\",from:0],[to:50.00,value:\"( 5.20 * AREA ) / 2\",from:20.00],[to:150.00,value:\"( 8 * AREA ) / 2\",from:50.00],[value:\"( 8.40 * AREA ) / 2\",from:150.00]]', NULL, 1);
INSERT INTO `sys_rule_action_param` VALUES ('RAP-4dbf9d19:15bf4e01a24:-7fcd', 'RA-4dbf9d19:15bf4e01a24:-7fd0', 'treasury.actions.UpdateBillItemAmount.billitem', NULL, NULL, 'RC-4dbf9d19:15bf4e01a24:-7fd2', 'BILLITEM', NULL, NULL, NULL, NULL, NULL, NULL, NULL, NULL);
INSERT INTO `sys_rule_action_param` VALUES ('RAP-4dbf9d19:15bf4e01a24:-7fce', 'RA-4dbf9d19:15bf4e01a24:-7fd0', 'treasury.actions.UpdateBillItemAmount.type', NULL, NULL, NULL, NULL, NULL, NULL, NULL, NULL, NULL, NULL, 'ADD', NULL);
INSERT INTO `sys_rule_action_param` VALUES ('RAP-4dbf9d19:15bf4e01a24:-7fcf', 'RA-4dbf9d19:15bf4e01a24:-7fd0', 'treasury.actions.UpdateBillItemAmount.amount', NULL, NULL, 'RCC-4dbf9d19:15bf4e01a24:-7fd4', 'AREA', '<table border=\"1\" cellpadding=\"1\" cellspacing=\"0\">\n    <tr>\n        <td colspan=\"3\">Use Variable: AREA</td>\n    </tr>\n    \n        <tr>\n            <th>Greater than</th>\n            <th>Less than or equal to</th>\n            <th>Formula</th>\n        </tr>\n    \n    \n    \n        <tr>\n            <td></td>\n            <td>20.00</td>\n            <td>( 3.0 * AREA ) / 2</td>\n        </tr>\n    \n        <tr>\n            <td>20.00</td>\n            <td>50.00</td>\n            <td>( 5.20 * AREA ) / 2</td>\n        </tr>\n    \n        <tr>\n            <td>50.00</td>\n            <td>150.00</td>\n            <td>( 8 * AREA ) / 2</td>\n        </tr>\n    \n        <tr>\n            <td>150.00</td>\n            <td></td>\n            <td>( 8.40 * AREA ) / 2</td>\n        </tr>\n    \n</table>', 'range', NULL, NULL, NULL, '[[to:20.00,value:\"( 3.0 * AREA ) / 2\",from:0],[to:50.00,value:\"( 5.20 * AREA ) / 2\",from:20.00],[to:150.00,value:\"( 8 * AREA ) / 2\",from:50.00],[value:\"( 8.40 * AREA ) / 2\",from:150.00]]', NULL, 1);
INSERT INTO `sys_rule_action_param` VALUES ('RAP-4dbf9d19:15bf4e01a24:-7fda', 'RA-4dbf9d19:15bf4e01a24:-7fdd', 'treasury.actions.UpdateBillItemAmount.billitem', NULL, NULL, 'RC-4dbf9d19:15bf4e01a24:-7fdf', 'BILLITEM', NULL, NULL, NULL, NULL, NULL, NULL, NULL, NULL);
INSERT INTO `sys_rule_action_param` VALUES ('RAP-4dbf9d19:15bf4e01a24:-7fdb', 'RA-4dbf9d19:15bf4e01a24:-7fdd', 'treasury.actions.UpdateBillItemAmount.type', NULL, NULL, NULL, NULL, NULL, NULL, NULL, NULL, NULL, NULL, 'ADD', NULL);
INSERT INTO `sys_rule_action_param` VALUES ('RAP-4dbf9d19:15bf4e01a24:-7fdc', 'RA-4dbf9d19:15bf4e01a24:-7fdd', 'treasury.actions.UpdateBillItemAmount.amount', NULL, NULL, 'RCC-4dbf9d19:15bf4e01a24:-7fe1', 'AREA', '<table border=\"1\" cellpadding=\"1\" cellspacing=\"0\">\n    <tr>\n        <td colspan=\"3\">Use Variable: AREA</td>\n    </tr>\n    \n        <tr>\n            <th>Greater than</th>\n            <th>Less than or equal to</th>\n            <th>Formula</th>\n        </tr>\n    \n    \n    \n        <tr>\n            <td></td>\n            <td>20.00</td>\n            <td>( 2.4 * AREA ) / 2 </td>\n        </tr>\n    \n        <tr>\n            <td>20.00</td>\n            <td>50.00</td>\n            <td>( 3.40 * AREA ) / 2</td>\n        </tr>\n    \n        <tr>\n            <td>50.00</td>\n            <td>100.00</td>\n            <td>( 4.80 * AREA ) / 2</td>\n        </tr>\n    \n        <tr>\n            <td>100.00</td>\n            <td>150.00</td>\n            <td>( 6.0 * AREA ) / 2</td>\n        </tr>\n    \n        <tr>\n            <td>150.00</td>\n            <td></td>\n            <td>( 7.20 * AREA ) / 2</td>\n        </tr>\n    \n</table>', 'range', NULL, NULL, NULL, '[[to:20.00,value:\"( 2.4 * AREA ) / 2 \",from:0],[to:50.00,value:\"( 3.40 * AREA ) / 2\",from:20.00],[to:100.00,value:\"( 4.80 * AREA ) / 2\",from:50.00],[to:150.00,value:\"( 6.0 * AREA ) / 2\",from:100.00],[value:\"( 7.20 * AREA ) / 2\",from:150.00]]', NULL, 1);
INSERT INTO `sys_rule_action_param` VALUES ('RAP-4dbf9d19:15bf4e01a24:-7fe7', 'RA-4dbf9d19:15bf4e01a24:-7fea', 'treasury.actions.UpdateBillItemAmount.billitem', NULL, NULL, 'RC-4dbf9d19:15bf4e01a24:-7fec', 'BILLITEM', NULL, NULL, NULL, NULL, NULL, NULL, NULL, NULL);
INSERT INTO `sys_rule_action_param` VALUES ('RAP-4dbf9d19:15bf4e01a24:-7fe8', 'RA-4dbf9d19:15bf4e01a24:-7fea', 'treasury.actions.UpdateBillItemAmount.type', NULL, NULL, NULL, NULL, NULL, NULL, NULL, NULL, NULL, NULL, 'ADD', NULL);
INSERT INTO `sys_rule_action_param` VALUES ('RAP-4dbf9d19:15bf4e01a24:-7fe9', 'RA-4dbf9d19:15bf4e01a24:-7fea', 'treasury.actions.UpdateBillItemAmount.amount', NULL, NULL, 'RCC-4dbf9d19:15bf4e01a24:-7fee', 'AREA', '<table border=\"1\" cellpadding=\"1\" cellspacing=\"0\">\n    <tr>\n        <td colspan=\"3\">Use Variable: AREA</td>\n    </tr>\n    \n        <tr>\n            <th>Greater than</th>\n            <th>Less than or equal to</th>\n            <th>Formula</th>\n        </tr>\n    \n    \n    \n        <tr>\n            <td></td>\n            <td>20.00</td>\n            <td>( 2.0 * AREA ) / 2 </td>\n        </tr>\n    \n        <tr>\n            <td>20.00</td>\n            <td>50.00</td>\n            <td>( 3.40 * AREA ) / 2</td>\n        </tr>\n    \n        <tr>\n            <td>50.00</td>\n            <td>100.00</td>\n            <td>( 4.80 * AREA ) / 2</td>\n        </tr>\n    \n        <tr>\n            <td>100.00</td>\n            <td>150.00</td>\n            <td>( 6.0 * AREA ) / 2</td>\n        </tr>\n    \n        <tr>\n            <td>150.00</td>\n            <td></td>\n            <td>( 7.20 * AREA ) / 2</td>\n        </tr>\n    \n</table>', 'range', NULL, NULL, NULL, '[[to:20.00,value:\"( 2.0 * AREA ) / 2 \",from:0],[to:50.00,value:\"( 3.40 * AREA ) / 2\",from:20.00],[to:100.00,value:\"( 4.80 * AREA ) / 2\",from:50.00],[to:150.00,value:\"( 6.0 * AREA ) / 2\",from:100.00],[value:\"( 7.20 * AREA ) / 2\",from:150.00]]', NULL, 1);
INSERT INTO `sys_rule_action_param` VALUES ('RAP-52beabf2:15b3c40641b:-7fbd', 'RA-52beabf2:15b3c40641b:-7fc0', 'treasury.actions.UpdateBillItemAmount.amount', NULL, NULL, NULL, NULL, 'Math.ceil( TON ) * 50', 'expression', NULL, NULL, NULL, NULL, NULL, NULL);
INSERT INTO `sys_rule_action_param` VALUES ('RAP-52beabf2:15b3c40641b:-7fbe', 'RA-52beabf2:15b3c40641b:-7fc0', 'treasury.actions.UpdateBillItemAmount.type', NULL, NULL, NULL, NULL, NULL, NULL, NULL, NULL, NULL, NULL, 'ADD', NULL);
INSERT INTO `sys_rule_action_param` VALUES ('RAP-52beabf2:15b3c40641b:-7fbf', 'RA-52beabf2:15b3c40641b:-7fc0', 'treasury.actions.UpdateBillItemAmount.billitem', NULL, NULL, 'RC-52beabf2:15b3c40641b:-7fc5', 'BILLITEM', NULL, NULL, NULL, NULL, NULL, NULL, NULL, NULL);
INSERT INTO `sys_rule_action_param` VALUES ('RAP-52beabf2:15b3c40641b:-7fc6', 'RA-52beabf2:15b3c40641b:-7fc9', 'treasury.actions.UpdateBillItemAmount.billitem', NULL, NULL, 'RC-52beabf2:15b3c40641b:-7fcb', 'BILLITEM', NULL, NULL, NULL, NULL, NULL, NULL, NULL, NULL);
INSERT INTO `sys_rule_action_param` VALUES ('RAP-52beabf2:15b3c40641b:-7fc7', 'RA-52beabf2:15b3c40641b:-7fc9', 'treasury.actions.UpdateBillItemAmount.type', NULL, NULL, NULL, NULL, NULL, NULL, NULL, NULL, NULL, NULL, 'ADD', NULL);
INSERT INTO `sys_rule_action_param` VALUES ('RAP-52beabf2:15b3c40641b:-7fc8', 'RA-52beabf2:15b3c40641b:-7fc9', 'treasury.actions.UpdateBillItemAmount.amount', NULL, NULL, NULL, NULL, 'Math.ceil( LNM ) * 10', 'expression', NULL, NULL, NULL, NULL, NULL, NULL);
INSERT INTO `sys_rule_action_param` VALUES ('RAP-52beabf2:15b3c40641b:-7fcf', 'RA-52beabf2:15b3c40641b:-7fd2', 'treasury.actions.UpdateBillItemAmount.billitem', NULL, NULL, 'RC-52beabf2:15b3c40641b:-7fd4', 'BILLITEM', NULL, NULL, NULL, NULL, NULL, NULL, NULL, NULL);
INSERT INTO `sys_rule_action_param` VALUES ('RAP-52beabf2:15b3c40641b:-7fd0', 'RA-52beabf2:15b3c40641b:-7fd2', 'treasury.actions.UpdateBillItemAmount.type', NULL, NULL, NULL, NULL, NULL, NULL, NULL, NULL, NULL, NULL, 'ADD', NULL);
INSERT INTO `sys_rule_action_param` VALUES ('RAP-52beabf2:15b3c40641b:-7fd1', 'RA-52beabf2:15b3c40641b:-7fd2', 'treasury.actions.UpdateBillItemAmount.amount', NULL, NULL, NULL, NULL, 'Math.ceil( KW ) * 60', 'expression', NULL, NULL, NULL, NULL, NULL, NULL);
INSERT INTO `sys_rule_action_param` VALUES ('RAP-52beabf2:15b3c40641b:-7fd8', 'RA-52beabf2:15b3c40641b:-7fdb', 'treasury.actions.UpdateBillItemAmount.billitem', NULL, NULL, 'RC-52beabf2:15b3c40641b:-7fe0', 'BILLITEM', NULL, NULL, NULL, NULL, NULL, NULL, NULL, NULL);
INSERT INTO `sys_rule_action_param` VALUES ('RAP-52beabf2:15b3c40641b:-7fd9', 'RA-52beabf2:15b3c40641b:-7fdb', 'treasury.actions.UpdateBillItemAmount.type', NULL, NULL, NULL, NULL, NULL, NULL, NULL, NULL, NULL, NULL, 'ADD', NULL);
INSERT INTO `sys_rule_action_param` VALUES ('RAP-52beabf2:15b3c40641b:-7fda', 'RA-52beabf2:15b3c40641b:-7fdb', 'treasury.actions.UpdateBillItemAmount.amount', NULL, NULL, NULL, NULL, 'VAL * 4', 'expression', NULL, NULL, NULL, NULL, NULL, NULL);
INSERT INTO `sys_rule_action_param` VALUES ('RAP-52beabf2:15b3c40641b:-7fed', 'RA-52beabf2:15b3c40641b:-7ff0', 'treasury.actions.UpdateBillItemAmount.billitem', NULL, NULL, 'RC-52beabf2:15b3c40641b:-7ff4', 'BILLITEM', NULL, NULL, NULL, NULL, NULL, NULL, NULL, NULL);
INSERT INTO `sys_rule_action_param` VALUES ('RAP-52beabf2:15b3c40641b:-7fee', 'RA-52beabf2:15b3c40641b:-7ff0', 'treasury.actions.UpdateBillItemAmount.type', NULL, NULL, NULL, NULL, NULL, NULL, NULL, NULL, NULL, NULL, 'ADD', NULL);
INSERT INTO `sys_rule_action_param` VALUES ('RAP-52beabf2:15b3c40641b:-7fef', 'RA-52beabf2:15b3c40641b:-7ff0', 'treasury.actions.UpdateBillItemAmount.amount', NULL, NULL, NULL, NULL, 'UNIT * 5000', 'expression', NULL, NULL, NULL, NULL, NULL, NULL);
INSERT INTO `sys_rule_action_param` VALUES ('RAP-53717d20:15b4db8478f:-7fb5', 'RA-53717d20:15b4db8478f:-7fb8', 'treasury.actions.UpdateBillItemAmount.billitem', NULL, NULL, 'RC-53717d20:15b4db8478f:-7fba', 'BILLITEM', NULL, NULL, NULL, NULL, NULL, NULL, NULL, NULL);
INSERT INTO `sys_rule_action_param` VALUES ('RAP-53717d20:15b4db8478f:-7fb6', 'RA-53717d20:15b4db8478f:-7fb8', 'treasury.actions.UpdateBillItemAmount.type', NULL, NULL, NULL, NULL, NULL, NULL, NULL, NULL, NULL, NULL, 'ADD', NULL);
INSERT INTO `sys_rule_action_param` VALUES ('RAP-53717d20:15b4db8478f:-7fb7', 'RA-53717d20:15b4db8478f:-7fb8', 'treasury.actions.UpdateBillItemAmount.amount', NULL, NULL, 'RCONST4cf13b0:15b4dbc7b17:-755d', 'CUM', '<table border=\"1\" cellpadding=\"1\" cellspacing=\"0\">\n    <tr>\n        <td colspan=\"3\">Use Variable: CUM</td>\n    </tr>\n    \n        <tr>\n            <th>Greater than</th>\n            <th>Less than or equal to</th>\n            <th>Formula</th>\n        </tr>\n    \n    \n    \n        <tr>\n            <td></td>\n            <td>5.00</td>\n            <td>Math.ceil( CUM ) * 24</td>\n        </tr>\n    \n        <tr>\n            <td>5.00</td>\n            <td></td>\n            <td>120 + ( Math.ceil(CUM-5) * 7)</td>\n        </tr>\n    \n</table>', 'range', NULL, NULL, NULL, '[[to:5.00,value:\"Math.ceil( CUM ) * 24\",from:0],[value:\"120 + ( Math.ceil(CUM-5) * 7)\",from:5.00]]', NULL, 1);
INSERT INTO `sys_rule_action_param` VALUES ('RAP-53717d20:15b4db8478f:-7fc7', 'RA-53717d20:15b4db8478f:-7fca', 'treasury.actions.UpdateBillItemAmount.billitem', NULL, NULL, 'RC-53717d20:15b4db8478f:-7fcf', 'BILLITEM', NULL, NULL, NULL, NULL, NULL, NULL, NULL, NULL);
INSERT INTO `sys_rule_action_param` VALUES ('RAP-53717d20:15b4db8478f:-7fc8', 'RA-53717d20:15b4db8478f:-7fca', 'treasury.actions.UpdateBillItemAmount.type', NULL, NULL, NULL, NULL, NULL, NULL, NULL, NULL, NULL, NULL, 'ADD', NULL);
INSERT INTO `sys_rule_action_param` VALUES ('RAP-53717d20:15b4db8478f:-7fc9', 'RA-53717d20:15b4db8478f:-7fca', 'treasury.actions.UpdateBillItemAmount.amount', NULL, NULL, NULL, NULL, '10 * UNIT', 'expression', NULL, NULL, NULL, NULL, NULL, NULL);
INSERT INTO `sys_rule_action_param` VALUES ('RAP-53717d20:15b4db8478f:-7fd0', 'RA-53717d20:15b4db8478f:-7fd3', 'treasury.actions.UpdateBillItemAmount.billitem', NULL, NULL, 'RC-53717d20:15b4db8478f:-7fd8', 'BILLITEM', NULL, NULL, NULL, NULL, NULL, NULL, NULL, NULL);
INSERT INTO `sys_rule_action_param` VALUES ('RAP-53717d20:15b4db8478f:-7fd1', 'RA-53717d20:15b4db8478f:-7fd3', 'treasury.actions.UpdateBillItemAmount.type', NULL, NULL, NULL, NULL, NULL, NULL, NULL, NULL, NULL, NULL, 'ADD', NULL);
INSERT INTO `sys_rule_action_param` VALUES ('RAP-53717d20:15b4db8478f:-7fd2', 'RA-53717d20:15b4db8478f:-7fd3', 'treasury.actions.UpdateBillItemAmount.amount', NULL, NULL, NULL, NULL, '8 * UNIT', 'expression', NULL, NULL, NULL, NULL, NULL, NULL);
INSERT INTO `sys_rule_action_param` VALUES ('RAP-53717d20:15b4db8478f:-7fd9', 'RA-53717d20:15b4db8478f:-7fdc', 'treasury.actions.UpdateBillItemAmount.billitem', NULL, NULL, 'RC-53717d20:15b4db8478f:-7fe1', 'BILLITEM', NULL, NULL, NULL, NULL, NULL, NULL, NULL, NULL);
INSERT INTO `sys_rule_action_param` VALUES ('RAP-53717d20:15b4db8478f:-7fda', 'RA-53717d20:15b4db8478f:-7fdc', 'treasury.actions.UpdateBillItemAmount.type', NULL, NULL, NULL, NULL, NULL, NULL, NULL, NULL, NULL, NULL, 'ADD', NULL);
INSERT INTO `sys_rule_action_param` VALUES ('RAP-53717d20:15b4db8478f:-7fdb', 'RA-53717d20:15b4db8478f:-7fdc', 'treasury.actions.UpdateBillItemAmount.amount', NULL, NULL, NULL, NULL, '2 * UNIT', 'expression', NULL, NULL, NULL, NULL, NULL, NULL);
INSERT INTO `sys_rule_action_param` VALUES ('RAP-53717d20:15b4db8478f:-7fe2', 'RA-53717d20:15b4db8478f:-7fe5', 'treasury.actions.UpdateBillItemAmount.amount', NULL, NULL, NULL, NULL, '4 * UNIT', 'expression', NULL, NULL, NULL, NULL, NULL, NULL);
INSERT INTO `sys_rule_action_param` VALUES ('RAP-53717d20:15b4db8478f:-7fe3', 'RA-53717d20:15b4db8478f:-7fe5', 'treasury.actions.UpdateBillItemAmount.type', NULL, NULL, NULL, NULL, NULL, NULL, NULL, NULL, NULL, NULL, 'ADD', NULL);
INSERT INTO `sys_rule_action_param` VALUES ('RAP-53717d20:15b4db8478f:-7fe4', 'RA-53717d20:15b4db8478f:-7fe5', 'treasury.actions.UpdateBillItemAmount.billitem', NULL, NULL, 'RC-53717d20:15b4db8478f:-7fe7', 'BILLITEM', NULL, NULL, NULL, NULL, NULL, NULL, NULL, NULL);
INSERT INTO `sys_rule_action_param` VALUES ('RAP-53717d20:15b4db8478f:-7feb', 'RA-53717d20:15b4db8478f:-7fee', 'treasury.actions.UpdateBillItemAmount.amount', NULL, NULL, NULL, NULL, '3 * UNIT', 'expression', NULL, NULL, NULL, NULL, NULL, NULL);
INSERT INTO `sys_rule_action_param` VALUES ('RAP-53717d20:15b4db8478f:-7fec', 'RA-53717d20:15b4db8478f:-7fee', 'treasury.actions.UpdateBillItemAmount.type', NULL, NULL, NULL, NULL, NULL, NULL, NULL, NULL, NULL, NULL, 'ADD', NULL);
INSERT INTO `sys_rule_action_param` VALUES ('RAP-53717d20:15b4db8478f:-7fed', 'RA-53717d20:15b4db8478f:-7fee', 'treasury.actions.UpdateBillItemAmount.billitem', NULL, NULL, 'RC-53717d20:15b4db8478f:-7ff0', 'BILLITEM', NULL, NULL, NULL, NULL, NULL, NULL, NULL, NULL);
INSERT INTO `sys_rule_action_param` VALUES ('RAP-59612f04:15b6c1c41a7:-7fbd', 'RA-59612f04:15b6c1c41a7:-7fc0', 'treasury.actions.UpdateBillItemAmount.billitem', NULL, NULL, 'RC-59612f04:15b6c1c41a7:-7fc2', 'BILLITEM', NULL, NULL, NULL, NULL, NULL, NULL, NULL, NULL);
INSERT INTO `sys_rule_action_param` VALUES ('RAP-59612f04:15b6c1c41a7:-7fbe', 'RA-59612f04:15b6c1c41a7:-7fc0', 'treasury.actions.UpdateBillItemAmount.type', NULL, NULL, NULL, NULL, NULL, NULL, NULL, NULL, NULL, NULL, 'ADD', NULL);
INSERT INTO `sys_rule_action_param` VALUES ('RAP-59612f04:15b6c1c41a7:-7fbf', 'RA-59612f04:15b6c1c41a7:-7fc0', 'treasury.actions.UpdateBillItemAmount.amount', NULL, NULL, NULL, NULL, 'CUM * 3 * 0.50', 'expression', NULL, NULL, NULL, NULL, NULL, NULL);
INSERT INTO `sys_rule_action_param` VALUES ('RAP-59612f04:15b6c1c41a7:-7fc8', 'RA-59612f04:15b6c1c41a7:-7fcb', 'treasury.actions.UpdateBillItemAmount.amount', NULL, NULL, NULL, NULL, 'CUM * 36 * 0.50', 'expression', NULL, NULL, NULL, NULL, NULL, NULL);
INSERT INTO `sys_rule_action_param` VALUES ('RAP-59612f04:15b6c1c41a7:-7fc9', 'RA-59612f04:15b6c1c41a7:-7fcb', 'treasury.actions.UpdateBillItemAmount.type', NULL, NULL, NULL, NULL, NULL, NULL, NULL, NULL, NULL, NULL, 'ADD', NULL);
INSERT INTO `sys_rule_action_param` VALUES ('RAP-59612f04:15b6c1c41a7:-7fca', 'RA-59612f04:15b6c1c41a7:-7fcb', 'treasury.actions.UpdateBillItemAmount.billitem', NULL, NULL, 'RC-59612f04:15b6c1c41a7:-7fd2', 'BILLITEM', NULL, NULL, NULL, NULL, NULL, NULL, NULL, NULL);
INSERT INTO `sys_rule_action_param` VALUES ('RAP-59612f04:15b6c1c41a7:-7fd3', 'RA-59612f04:15b6c1c41a7:-7fd6', 'treasury.actions.UpdateBillItemAmount.billitem', NULL, NULL, 'RC-59612f04:15b6c1c41a7:-7fd8', 'BILLITEM', NULL, NULL, NULL, NULL, NULL, NULL, NULL, NULL);
INSERT INTO `sys_rule_action_param` VALUES ('RAP-59612f04:15b6c1c41a7:-7fd4', 'RA-59612f04:15b6c1c41a7:-7fd6', 'treasury.actions.UpdateBillItemAmount.type', NULL, NULL, NULL, NULL, NULL, NULL, NULL, NULL, NULL, NULL, 'ADD', NULL);
INSERT INTO `sys_rule_action_param` VALUES ('RAP-59612f04:15b6c1c41a7:-7fd5', 'RA-59612f04:15b6c1c41a7:-7fd6', 'treasury.actions.UpdateBillItemAmount.amount', NULL, NULL, NULL, NULL, 'CUM * 24 * 0.5', 'expression', NULL, NULL, NULL, NULL, NULL, NULL);
INSERT INTO `sys_rule_action_param` VALUES ('RAP-59612f04:15b6c1c41a7:-7fde', 'RA-59612f04:15b6c1c41a7:-7fe1', 'treasury.actions.UpdateBillItemAmount.amount', NULL, NULL, NULL, NULL, 'CUM * 24', 'expression', NULL, NULL, NULL, NULL, NULL, NULL);
INSERT INTO `sys_rule_action_param` VALUES ('RAP-59612f04:15b6c1c41a7:-7fdf', 'RA-59612f04:15b6c1c41a7:-7fe1', 'treasury.actions.UpdateBillItemAmount.type', NULL, NULL, NULL, NULL, NULL, NULL, NULL, NULL, NULL, NULL, 'ADD', NULL);
INSERT INTO `sys_rule_action_param` VALUES ('RAP-59612f04:15b6c1c41a7:-7fe0', 'RA-59612f04:15b6c1c41a7:-7fe1', 'treasury.actions.UpdateBillItemAmount.billitem', NULL, NULL, 'RC-59612f04:15b6c1c41a7:-7fe8', 'BILLITEM', NULL, NULL, NULL, NULL, NULL, NULL, NULL, NULL);
INSERT INTO `sys_rule_action_param` VALUES ('RAP-59612f04:15b6c1c41a7:-7fe9', 'RA-59612f04:15b6c1c41a7:-7fec', 'treasury.actions.UpdateBillItemAmount.billitem', NULL, NULL, 'RC-59612f04:15b6c1c41a7:-7fee', 'BILLITEM', NULL, NULL, NULL, NULL, NULL, NULL, NULL, NULL);
INSERT INTO `sys_rule_action_param` VALUES ('RAP-59612f04:15b6c1c41a7:-7fea', 'RA-59612f04:15b6c1c41a7:-7fec', 'treasury.actions.UpdateBillItemAmount.type', NULL, NULL, NULL, NULL, NULL, NULL, NULL, NULL, NULL, NULL, 'ADD', NULL);
INSERT INTO `sys_rule_action_param` VALUES ('RAP-59612f04:15b6c1c41a7:-7feb', 'RA-59612f04:15b6c1c41a7:-7fec', 'treasury.actions.UpdateBillItemAmount.amount', NULL, NULL, NULL, NULL, 'CUM * 36', 'expression', NULL, NULL, NULL, NULL, NULL, NULL);
INSERT INTO `sys_rule_action_param` VALUES ('RAP-66680c7b:15b3c241e07:-7fec', 'RA-66680c7b:15b3c241e07:-7fef', 'treasury.actions.UpdateBillItemAmount.billitem', NULL, NULL, 'RC-66680c7b:15b3c241e07:-7ff2', 'BILLITEM', NULL, NULL, NULL, NULL, NULL, NULL, NULL, NULL);
INSERT INTO `sys_rule_action_param` VALUES ('RAP-66680c7b:15b3c241e07:-7fed', 'RA-66680c7b:15b3c241e07:-7fef', 'treasury.actions.UpdateBillItemAmount.amount', NULL, NULL, 'RCONST6cc4d33e:15b3c1e2e72:-6fd9', 'KVA', '<table border=\"1\" cellpadding=\"1\" cellspacing=\"0\">\n    <tr>\n        <td colspan=\"3\">Use Variable: KVA</td>\n    </tr>\n    \n        <tr>\n            <th>Greater than</th>\n            <th>Less than or equal to</th>\n            <th>Formula</th>\n        </tr>\n    \n    \n    \n        <tr>\n            <td></td>\n            <td>5.00</td>\n            <td>40</td>\n        </tr>\n    \n        <tr>\n            <td>5.00</td>\n            <td>50.00</td>\n            <td>40 + ( (KVA-5) * 4)</td>\n        </tr>\n    \n        <tr>\n            <td>50.00</td>\n            <td>300.00</td>\n            <td>220 + ((KVA-50) * 2)</td>\n        </tr>\n    \n        <tr>\n            <td>300.00</td>\n            <td>1500.00</td>\n            <td>720 + ( (KVA-300) * 1)</td>\n        </tr>\n    \n        <tr>\n            <td>1500.00</td>\n            <td>6000.00</td>\n            <td>1920 + ( (KVA-1500) * 0.5)</td>\n        </tr>\n    \n        <tr>\n            <td>6000.00</td>\n            <td></td>\n            <td>4170 + ( (KVA-6000) * 0.25)</td>\n        </tr>\n    \n</table>', 'range', NULL, NULL, NULL, '[[to:5.00,value:\"40\",from:0.00],[to:50.00,value:\"40 + ( (KVA-5) * 4)\",from:5.00],[to:300.00,value:\"220 + ((KVA-50) * 2)\",from:50.00],[to:1500.00,value:\"720 + ( (KVA-300) * 1)\",from:300.00],[to:6000.00,value:\"1920 + ( (KVA-1500) * 0.5)\",from:1500.00],[value:\"4170 + ( (KVA-6000) * 0.25)\",from:6000.00]]', NULL, 1);
INSERT INTO `sys_rule_action_param` VALUES ('RAP-66680c7b:15b3c241e07:-7fee', 'RA-66680c7b:15b3c241e07:-7fef', 'treasury.actions.UpdateBillItemAmount.type', NULL, NULL, NULL, NULL, NULL, NULL, NULL, NULL, NULL, NULL, 'ADD', NULL);
INSERT INTO `sys_rule_action_param` VALUES ('RAP-694f0728:16e35852ae8:-7ed3', 'RA-694f0728:16e35852ae8:-7ed5', 'treasury.actions.AddBillItem.amount', NULL, NULL, 'RCC-694f0728:16e35852ae8:-7eda', 'COST', '<table border=\"1\" cellpadding=\"1\" cellspacing=\"0\">\n    <tr>\n        <td colspan=\"3\">Use Variable: COST</td>\n    </tr>\n    \n    \n        <tr>\n            <th>Greater than or equal to</th>\n            <th>Less than</th>\n            <th>Formula</th>\n        </tr>\n    \n    \n        <tr>\n            <td></td>\n            <td>2000000.00</td>\n            <td>7000</td>\n        </tr>\n    \n        <tr>\n            <td>2000000.00</td>\n            <td></td>\n            <td>8000 + (( COST-2000000) * 0.10 * 0.01 )</td>\n        </tr>\n    \n</table>', 'range', NULL, NULL, NULL, '[[to:2000000.00,value:\"7000\",from:0],[value:\"8000 + (( COST-2000000) * 0.10 * 0.01 )\",from:2000000.00]]', NULL, 0);
INSERT INTO `sys_rule_action_param` VALUES ('RAP-694f0728:16e35852ae8:-7ed4', 'RA-694f0728:16e35852ae8:-7ed5', 'treasury.actions.AddBillItem.billcode', NULL, NULL, NULL, NULL, NULL, NULL, NULL, 'LOCATIONAL_CLEARANCE_FEE', 'LOCATIONAL CLEARANCE FEE', NULL, NULL, NULL);
INSERT INTO `sys_rule_action_param` VALUES ('RAP-d80e3d1:15b50f8025e:-7fd7', 'RA-d80e3d1:15b50f8025e:-7fd9', 'treasury.actions.AddBillItem.account', NULL, NULL, NULL, NULL, NULL, NULL, NULL, 'ITMACCT-3859e913:15625f2385d:-6919', 'BUILDING OCCUPANCY FEE', NULL, NULL, NULL);
INSERT INTO `sys_rule_action_param` VALUES ('RAP-d80e3d1:15b50f8025e:-7fd8', 'RA-d80e3d1:15b50f8025e:-7fd9', 'treasury.actions.AddBillItem.amount', NULL, NULL, 'RCONST2bdcadbe:16c2d9fc74a:-6639', 'COST', '<table border=\"1\" cellpadding=\"1\" cellspacing=\"0\">\n    <tr>\n        <td colspan=\"3\">Use Variable: COST</td>\n    </tr>\n    \n        <tr>\n            <th>Greater than</th>\n            <th>Less than or equal to</th>\n            <th>Formula</th>\n        </tr>\n    \n    \n    \n        <tr>\n            <td></td>\n            <td>150000.00</td>\n            <td>100</td>\n        </tr>\n    \n        <tr>\n            <td>150000.00</td>\n            <td>400000.00</td>\n            <td>200</td>\n        </tr>\n    \n        <tr>\n            <td>400000.00</td>\n            <td>850000.00</td>\n            <td>400</td>\n        </tr>\n    \n        <tr>\n            <td>850000.00</td>\n            <td>1200000.00</td>\n            <td>800</td>\n        </tr>\n    \n        <tr>\n            <td>1200000.00</td>\n            <td></td>\n            <td>800 +  (Math.ceil((COST-1200000)/1000000) * 800)</td>\n        </tr>\n    \n</table>', 'range', NULL, NULL, NULL, '[[to:150000.00,value:\"100\",from:0],[to:400000.00,value:\"200\",from:150000.00],[to:850000.00,value:\"400\",from:400000.00],[to:1200000.00,value:\"800\",from:850000.00],[value:\"800 +  (Math.ceil((COST-1200000)/1000000) * 800)\",from:1200000.00]]', NULL, 1);
INSERT INTO `sys_rule_action_param` VALUES ('RAP-d80e3d1:15b50f8025e:-7fde', 'RA-d80e3d1:15b50f8025e:-7fe0', 'treasury.actions.AddBillItem.account', NULL, NULL, NULL, NULL, NULL, NULL, NULL, 'ITMACCT-3859e913:15625f2385d:-6919', 'BUILDING OCCUPANCY FEE', NULL, NULL, NULL);
INSERT INTO `sys_rule_action_param` VALUES ('RAP-d80e3d1:15b50f8025e:-7fdf', 'RA-d80e3d1:15b50f8025e:-7fe0', 'treasury.actions.AddBillItem.amount', NULL, NULL, 'RCONST2bdcadbe:16c2d9fc74a:-631f', 'AREA', '<table border=\"1\" cellpadding=\"1\" cellspacing=\"0\">\n    <tr>\n        <td colspan=\"3\">Use Variable: AREA</td>\n    </tr>\n    \n        <tr>\n            <th>Greater than</th>\n            <th>Less than or equal to</th>\n            <th>Formula</th>\n        </tr>\n    \n    \n    \n        <tr>\n            <td></td>\n            <td>20.00</td>\n            <td>50</td>\n        </tr>\n    \n        <tr>\n            <td>20.00</td>\n            <td>500.00</td>\n            <td>240</td>\n        </tr>\n    \n        <tr>\n            <td>500.00</td>\n            <td>1000.00</td>\n            <td>360</td>\n        </tr>\n    \n        <tr>\n            <td>1000.00</td>\n            <td>5000.00</td>\n            <td>480</td>\n        </tr>\n    \n        <tr>\n            <td>5000.00</td>\n            <td>10000.00</td>\n            <td>200</td>\n        </tr>\n    \n        <tr>\n            <td>10000.00</td>\n            <td></td>\n            <td>2400</td>\n        </tr>\n    \n</table>', 'range', NULL, NULL, NULL, '[[to:20.00,value:\"50\",from:0],[to:500.00,value:\"240\",from:20.00],[to:1000.00,value:\"360\",from:500.00],[to:5000.00,value:\"480\",from:1000.00],[to:10000.00,value:\"200\",from:5000.00],[value:\"2400\",from:10000.00]]', NULL, 1);
INSERT INTO `sys_rule_action_param` VALUES ('RAP-d80e3d1:15b50f8025e:-7fe5', 'RA-d80e3d1:15b50f8025e:-7fe7', 'treasury.actions.AddBillItem.account', NULL, NULL, NULL, NULL, NULL, NULL, NULL, 'ITMACCT-3859e913:15625f2385d:-6919', 'BUILDING OCCUPANCY FEE', NULL, NULL, NULL);
INSERT INTO `sys_rule_action_param` VALUES ('RAP-d80e3d1:15b50f8025e:-7fe6', 'RA-d80e3d1:15b50f8025e:-7fe7', 'treasury.actions.AddBillItem.amount', NULL, NULL, 'RCONST2bdcadbe:16c2d9fc74a:-6014', 'COST', '<table border=\"1\" cellpadding=\"1\" cellspacing=\"0\">\n    <tr>\n        <td colspan=\"3\">Use Variable: COST</td>\n    </tr>\n    \n        <tr>\n            <th>Greater than</th>\n            <th>Less than or equal to</th>\n            <th>Formula</th>\n        </tr>\n    \n    \n    \n        <tr>\n            <td></td>\n            <td>150000.00</td>\n            <td>150</td>\n        </tr>\n    \n        <tr>\n            <td>150000.00</td>\n            <td>400000.00</td>\n            <td>250</td>\n        </tr>\n    \n        <tr>\n            <td>400000.00</td>\n            <td>850000.00</td>\n            <td>600</td>\n        </tr>\n    \n        <tr>\n            <td>850000.00</td>\n            <td>1200000.00</td>\n            <td>900</td>\n        </tr>\n    \n        <tr>\n            <td>1200000.00</td>\n            <td></td>\n            <td>900 +  (Math.ceil((COST-1200000)/1000000) * 900)</td>\n        </tr>\n    \n</table>', 'range', NULL, NULL, NULL, '[[to:150000.00,value:\"150\",from:0],[to:400000.00,value:\"250\",from:150000.00],[to:850000.00,value:\"600\",from:400000.00],[to:1200000.00,value:\"900\",from:850000.00],[value:\"900 +  (Math.ceil((COST-1200000)/1000000) * 900)\",from:1200000.00]]', NULL, 1);
INSERT INTO `sys_rule_action_param` VALUES ('RAP-d80e3d1:15b50f8025e:-7fec', 'RA-d80e3d1:15b50f8025e:-7fee', 'treasury.actions.AddBillItem.account', NULL, NULL, NULL, NULL, NULL, NULL, NULL, 'ITMACCT-3859e913:15625f2385d:-6919', 'BUILDING OCCUPANCY FEE', NULL, NULL, NULL);
INSERT INTO `sys_rule_action_param` VALUES ('RAP-d80e3d1:15b50f8025e:-7fed', 'RA-d80e3d1:15b50f8025e:-7fee', 'treasury.actions.AddBillItem.amount', NULL, NULL, 'RCONST2bdcadbe:16c2d9fc74a:-5d9c', 'COST', '<table border=\"1\" cellpadding=\"1\" cellspacing=\"0\">\n    <tr>\n        <td colspan=\"3\">Use Variable: COST</td>\n    </tr>\n    \n        <tr>\n            <th>Greater than</th>\n            <th>Less than or equal to</th>\n            <th>Formula</th>\n        </tr>\n    \n    \n    \n        <tr>\n            <td></td>\n            <td>150000.00</td>\n            <td>200</td>\n        </tr>\n    \n        <tr>\n            <td>150000.00</td>\n            <td>400000.00</td>\n            <td>400</td>\n        </tr>\n    \n        <tr>\n            <td>400000.00</td>\n            <td>850000.00</td>\n            <td>800</td>\n        </tr>\n    \n        <tr>\n            <td>850000.00</td>\n            <td>1200000.00</td>\n            <td>1000</td>\n        </tr>\n    \n        <tr>\n            <td>1200000.00</td>\n            <td></td>\n            <td>1000 +  (Math.ceil((COST-1200000)/1000000) * 1000)</td>\n        </tr>\n    \n</table>', 'range', NULL, NULL, NULL, '[[to:150000.00,value:\"200\",from:0],[to:400000.00,value:\"400\",from:150000.00],[to:850000.00,value:\"800\",from:400000.00],[to:1200000.00,value:\"1000\",from:850000.00],[value:\"1000 +  (Math.ceil((COST-1200000)/1000000) * 1000)\",from:1200000.00]]', NULL, 1);
INSERT INTO `sys_rule_action_param` VALUES ('RAP-d96c4a7:15bf6365df9:-7fdd', 'RA-d96c4a7:15bf6365df9:-7fe0', 'treasury.actions.UpdateBillItemAmount.amount', NULL, NULL, NULL, NULL, 'Math.ceil( SQM ) * 18', 'expression', NULL, NULL, NULL, NULL, NULL, NULL);
INSERT INTO `sys_rule_action_param` VALUES ('RAP-d96c4a7:15bf6365df9:-7fde', 'RA-d96c4a7:15bf6365df9:-7fe0', 'treasury.actions.UpdateBillItemAmount.type', NULL, NULL, NULL, NULL, NULL, NULL, NULL, NULL, NULL, NULL, 'ADD', NULL);
INSERT INTO `sys_rule_action_param` VALUES ('RAP-d96c4a7:15bf6365df9:-7fdf', 'RA-d96c4a7:15bf6365df9:-7fe0', 'treasury.actions.UpdateBillItemAmount.billitem', NULL, NULL, 'RC-d96c4a7:15bf6365df9:-7fe8', 'BILLITEM', NULL, NULL, NULL, NULL, NULL, NULL, NULL, NULL);
INSERT INTO `sys_rule_action_param` VALUES ('RAP16c3fcb:16a3a19e4b9:-7a76', 'RA16c3fcb:16a3a19e4b9:-7a78', 'treasury.actions.UpdateBillItemAmount.billitem', NULL, NULL, 'RC16c3fcb:16a3a19e4b9:-7a7f', 'BILLITEM', NULL, NULL, NULL, NULL, NULL, NULL, NULL, NULL);
INSERT INTO `sys_rule_action_param` VALUES ('RAP16c3fcb:16a3a19e4b9:-7a77', 'RA16c3fcb:16a3a19e4b9:-7a78', 'treasury.actions.UpdateBillItemAmount.amount', NULL, NULL, NULL, 'AREA', '(CUM * 24) * 0.5', 'expression', NULL, NULL, NULL, '[[to:20.00,value:\"2.0 * AREA * 0.50\",from:0],[to:50.00,value:\"3.40 * AREA * 0.50\",from:20.00],[to:100.00,value:\"4.80 * AREA * 0.50\",from:50.00],[to:150.00,value:\"6.0 * AREA * 0.50\",from:100.00],[value:\"7.20 * AREA * 0.50\",from:150.00]]', NULL, 1);
INSERT INTO `sys_rule_action_param` VALUES ('RAP16c3fcb:16a3a19e4b9:-7a82', 'RA16c3fcb:16a3a19e4b9:-7a84', 'treasury.actions.UpdateBillItemAmount.billitem', NULL, NULL, 'RC16c3fcb:16a3a19e4b9:-7a8b', 'BILLITEM', NULL, NULL, NULL, NULL, NULL, NULL, NULL, NULL);
INSERT INTO `sys_rule_action_param` VALUES ('RAP16c3fcb:16a3a19e4b9:-7a83', 'RA16c3fcb:16a3a19e4b9:-7a84', 'treasury.actions.UpdateBillItemAmount.amount', NULL, NULL, NULL, 'AREA', 'CUM * 36 * 0.50', 'expression', NULL, NULL, NULL, '[[to:20.00,value:\"2.0 * AREA * 0.50\",from:0],[to:50.00,value:\"3.40 * AREA * 0.50\",from:20.00],[to:100.00,value:\"4.80 * AREA * 0.50\",from:50.00],[to:150.00,value:\"6.0 * AREA * 0.50\",from:100.00],[value:\"7.20 * AREA * 0.50\",from:150.00]]', NULL, 1);
INSERT INTO `sys_rule_action_param` VALUES ('RAP16c3fcb:16a3a19e4b9:-7a90', 'RA16c3fcb:16a3a19e4b9:-7a92', 'treasury.actions.UpdateBillItemAmount.amount', NULL, NULL, NULL, 'AREA', '(CUM * 3 ) * 0.5', 'expression', NULL, NULL, NULL, '[[to:20.00,value:\"2.0 * AREA * 0.50\",from:0],[to:50.00,value:\"3.40 * AREA * 0.50\",from:20.00],[to:100.00,value:\"4.80 * AREA * 0.50\",from:50.00],[to:150.00,value:\"6.0 * AREA * 0.50\",from:100.00],[value:\"7.20 * AREA * 0.50\",from:150.00]]', NULL, 1);
INSERT INTO `sys_rule_action_param` VALUES ('RAP16c3fcb:16a3a19e4b9:-7a91', 'RA16c3fcb:16a3a19e4b9:-7a92', 'treasury.actions.UpdateBillItemAmount.billitem', NULL, NULL, 'RC16c3fcb:16a3a19e4b9:-7a94', 'BILLITEM', NULL, NULL, NULL, NULL, NULL, NULL, NULL, NULL);
INSERT INTO `sys_rule_action_param` VALUES ('RAP16c3fcb:16a3a19e4b9:-7ac8', 'RA16c3fcb:16a3a19e4b9:-7aca', 'treasury.actions.UpdateBillItemAmount.amount', NULL, NULL, NULL, 'AREA', 'CUM * 24', 'expression', NULL, NULL, NULL, '[[to:20.00,value:\"2.0 * AREA * 0.50\",from:0],[to:50.00,value:\"3.40 * AREA * 0.50\",from:20.00],[to:100.00,value:\"4.80 * AREA * 0.50\",from:50.00],[to:150.00,value:\"6.0 * AREA * 0.50\",from:100.00],[value:\"7.20 * AREA * 0.50\",from:150.00]]', NULL, 1);
INSERT INTO `sys_rule_action_param` VALUES ('RAP16c3fcb:16a3a19e4b9:-7ac9', 'RA16c3fcb:16a3a19e4b9:-7aca', 'treasury.actions.UpdateBillItemAmount.billitem', NULL, NULL, 'RC16c3fcb:16a3a19e4b9:-7acc', 'BILLITEM', NULL, NULL, NULL, NULL, NULL, NULL, NULL, NULL);
INSERT INTO `sys_rule_action_param` VALUES ('RAP16c3fcb:16a3a19e4b9:-7ad2', 'RA16c3fcb:16a3a19e4b9:-7ad4', 'treasury.actions.UpdateBillItemAmount.amount', NULL, NULL, NULL, 'AREA', 'CUM * 36', 'expression', NULL, NULL, NULL, '[[to:20.00,value:\"2.0 * AREA * 0.50\",from:0],[to:50.00,value:\"3.40 * AREA * 0.50\",from:20.00],[to:100.00,value:\"4.80 * AREA * 0.50\",from:50.00],[to:150.00,value:\"6.0 * AREA * 0.50\",from:100.00],[value:\"7.20 * AREA * 0.50\",from:150.00]]', NULL, 1);
INSERT INTO `sys_rule_action_param` VALUES ('RAP16c3fcb:16a3a19e4b9:-7ad3', 'RA16c3fcb:16a3a19e4b9:-7ad4', 'treasury.actions.UpdateBillItemAmount.billitem', NULL, NULL, 'RC16c3fcb:16a3a19e4b9:-7ad6', 'BILLITEM', NULL, NULL, NULL, NULL, NULL, NULL, NULL, NULL);
INSERT INTO `sys_rule_action_param` VALUES ('RAP16c3fcb:16a3a19e4b9:-7af8', 'RA16c3fcb:16a3a19e4b9:-7afa', 'treasury.actions.UpdateBillItemAmount.billitem', NULL, NULL, 'RC16c3fcb:16a3a19e4b9:-7b01', 'BILLITEM', NULL, NULL, NULL, NULL, NULL, NULL, NULL, NULL);
INSERT INTO `sys_rule_action_param` VALUES ('RAP16c3fcb:16a3a19e4b9:-7af9', 'RA16c3fcb:16a3a19e4b9:-7afa', 'treasury.actions.UpdateBillItemAmount.amount', NULL, NULL, 'RCC16c3fcb:16a3a19e4b9:-7afc', 'AREA', 'CUM * 3', 'expression', NULL, NULL, NULL, '[[to:20.00,value:\"2.0 * AREA * 0.50\",from:0],[to:50.00,value:\"3.40 * AREA * 0.50\",from:20.00],[to:100.00,value:\"4.80 * AREA * 0.50\",from:50.00],[to:150.00,value:\"6.0 * AREA * 0.50\",from:100.00],[value:\"7.20 * AREA * 0.50\",from:150.00]]', NULL, 1);
INSERT INTO `sys_rule_action_param` VALUES ('RAP16c3fcb:16a3a19e4b9:-7b23', 'RA16c3fcb:16a3a19e4b9:-7b25', 'treasury.actions.UpdateBillItemAmount.billitem', NULL, NULL, 'RC16c3fcb:16a3a19e4b9:-7b2a', 'BILLITEM', NULL, NULL, NULL, NULL, NULL, NULL, NULL, NULL);
INSERT INTO `sys_rule_action_param` VALUES ('RAP16c3fcb:16a3a19e4b9:-7b24', 'RA16c3fcb:16a3a19e4b9:-7b25', 'treasury.actions.UpdateBillItemAmount.amount', NULL, NULL, 'RCC16c3fcb:16a3a19e4b9:-7b27', 'CUM', '<table border=\"1\" cellpadding=\"1\" cellspacing=\"0\">\n    <tr>\n        <td colspan=\"3\">Use Variable: CUM</td>\n    </tr>\n    \n    \n        <tr>\n            <th>Greater than or equal to</th>\n            <th>Less than</th>\n            <th>Formula</th>\n        </tr>\n    \n    \n        <tr>\n            <td></td>\n            <td>20.00</td>\n            <td>CUM * 20</td>\n        </tr>\n    \n        <tr>\n            <td>20.00</td>\n            <td></td>\n            <td>400 + (( CUM - 20)*8)</td>\n        </tr>\n    \n</table>', 'range', NULL, NULL, NULL, '[[to:20.00,value:\"CUM * 20\",from:0],[value:\"400 + (( CUM - 20)*8)\",from:20.00]]', NULL, 0);
INSERT INTO `sys_rule_action_param` VALUES ('RAP1cbabe6f:15bf507af61:-7fc4', 'RA1cbabe6f:15bf507af61:-7fc7', 'treasury.actions.UpdateBillItemAmount.amount', NULL, NULL, NULL, NULL, ' LNM * 2.4', 'expression', NULL, NULL, NULL, NULL, NULL, NULL);
INSERT INTO `sys_rule_action_param` VALUES ('RAP1cbabe6f:15bf507af61:-7fc5', 'RA1cbabe6f:15bf507af61:-7fc7', 'treasury.actions.UpdateBillItemAmount.type', NULL, NULL, NULL, NULL, NULL, NULL, NULL, NULL, NULL, NULL, 'ADD', NULL);
INSERT INTO `sys_rule_action_param` VALUES ('RAP1cbabe6f:15bf507af61:-7fc6', 'RA1cbabe6f:15bf507af61:-7fc7', 'treasury.actions.UpdateBillItemAmount.billitem', NULL, NULL, 'RC1cbabe6f:15bf507af61:-7fcc', 'BILLITEM', NULL, NULL, NULL, NULL, NULL, NULL, NULL, NULL);
INSERT INTO `sys_rule_action_param` VALUES ('RAP1cbabe6f:15bf507af61:-7fcd', 'RA1cbabe6f:15bf507af61:-7fd0', 'treasury.actions.UpdateBillItemAmount.billitem', NULL, NULL, 'RC1cbabe6f:15bf507af61:-7fd2', 'BILLITEM', NULL, NULL, NULL, NULL, NULL, NULL, NULL, NULL);
INSERT INTO `sys_rule_action_param` VALUES ('RAP1cbabe6f:15bf507af61:-7fce', 'RA1cbabe6f:15bf507af61:-7fd0', 'treasury.actions.UpdateBillItemAmount.type', NULL, NULL, NULL, NULL, NULL, NULL, NULL, NULL, NULL, NULL, 'ADD', NULL);
INSERT INTO `sys_rule_action_param` VALUES ('RAP1cbabe6f:15bf507af61:-7fcf', 'RA1cbabe6f:15bf507af61:-7fd0', 'treasury.actions.UpdateBillItemAmount.amount', NULL, NULL, NULL, NULL, 'Math.ceil( LM ) * 4', 'expression', NULL, NULL, NULL, NULL, NULL, NULL);
INSERT INTO `sys_rule_action_param` VALUES ('RAP1cbabe6f:15bf507af61:-7fd6', 'RA1cbabe6f:15bf507af61:-7fd9', 'treasury.actions.UpdateBillItemAmount.amount', NULL, NULL, NULL, NULL, 'Math.ceil( SQM ) * 250', 'expression', NULL, NULL, NULL, NULL, NULL, NULL);
INSERT INTO `sys_rule_action_param` VALUES ('RAP1cbabe6f:15bf507af61:-7fd7', 'RA1cbabe6f:15bf507af61:-7fd9', 'treasury.actions.UpdateBillItemAmount.type', NULL, NULL, NULL, NULL, NULL, NULL, NULL, NULL, NULL, NULL, 'ADD', NULL);
INSERT INTO `sys_rule_action_param` VALUES ('RAP1cbabe6f:15bf507af61:-7fd8', 'RA1cbabe6f:15bf507af61:-7fd9', 'treasury.actions.UpdateBillItemAmount.billitem', NULL, NULL, 'RC1cbabe6f:15bf507af61:-7fdb', 'BILLITEM', NULL, NULL, NULL, NULL, NULL, NULL, NULL, NULL);
INSERT INTO `sys_rule_action_param` VALUES ('RAP1cbabe6f:15bf507af61:-7fdf', 'RA1cbabe6f:15bf507af61:-7fe2', 'treasury.actions.UpdateBillItemAmount.billitem', NULL, NULL, 'RC1cbabe6f:15bf507af61:-7fe7', 'BILLITEM', NULL, NULL, NULL, NULL, NULL, NULL, NULL, NULL);
INSERT INTO `sys_rule_action_param` VALUES ('RAP1cbabe6f:15bf507af61:-7fe0', 'RA1cbabe6f:15bf507af61:-7fe2', 'treasury.actions.UpdateBillItemAmount.type', NULL, NULL, NULL, NULL, NULL, NULL, NULL, NULL, NULL, NULL, 'ADD', NULL);
INSERT INTO `sys_rule_action_param` VALUES ('RAP1cbabe6f:15bf507af61:-7fe1', 'RA1cbabe6f:15bf507af61:-7fe2', 'treasury.actions.UpdateBillItemAmount.amount', NULL, NULL, NULL, NULL, 'CUM * 4', 'expression', NULL, NULL, NULL, NULL, NULL, NULL);
INSERT INTO `sys_rule_action_param` VALUES ('RAP1cbabe6f:15bf507af61:-7fea', 'RA1cbabe6f:15bf507af61:-7fed', 'treasury.actions.UpdateBillItemAmount.amount', NULL, NULL, 'RCC1cbabe6f:15bf507af61:-7ff0', 'CUM', '<table border=\"1\" cellpadding=\"1\" cellspacing=\"0\">\n    <tr>\n        <td colspan=\"3\">Use Variable: CUM</td>\n    </tr>\n    \n        <tr>\n            <th>Greater than</th>\n            <th>Less than or equal to</th>\n            <th>Formula</th>\n        </tr>\n    \n    \n    \n        <tr>\n            <td></td>\n            <td>10.00</td>\n            <td>480</td>\n        </tr>\n    \n        <tr>\n            <td>10.00</td>\n            <td></td>\n            <td>480 + ( Math.ceil(CUM - 10 ) * 24 )</td>\n        </tr>\n    \n</table>', 'range', NULL, NULL, NULL, '[[to:10.00,value:\"480\",from:0],[value:\"480 + ( Math.ceil(CUM - 10 ) * 24 )\",from:10.00]]', NULL, 1);
INSERT INTO `sys_rule_action_param` VALUES ('RAP1cbabe6f:15bf507af61:-7feb', 'RA1cbabe6f:15bf507af61:-7fed', 'treasury.actions.UpdateBillItemAmount.type', NULL, NULL, NULL, NULL, NULL, NULL, NULL, NULL, NULL, NULL, 'ADD', NULL);
INSERT INTO `sys_rule_action_param` VALUES ('RAP1cbabe6f:15bf507af61:-7fec', 'RA1cbabe6f:15bf507af61:-7fed', 'treasury.actions.UpdateBillItemAmount.billitem', NULL, NULL, 'RC1cbabe6f:15bf507af61:-7ff4', 'BILLITEM', NULL, NULL, NULL, NULL, NULL, NULL, NULL, NULL);
INSERT INTO `sys_rule_action_param` VALUES ('RAP28a83f44:15b74c946cb:-7f33', 'RA28a83f44:15b74c946cb:-7f36', 'treasury.actions.UpdateBillItemAmount.amount', NULL, NULL, NULL, NULL, 'Math.ceil( CUM ) * 3', 'expression', NULL, NULL, NULL, NULL, NULL, NULL);
INSERT INTO `sys_rule_action_param` VALUES ('RAP28a83f44:15b74c946cb:-7f34', 'RA28a83f44:15b74c946cb:-7f36', 'treasury.actions.UpdateBillItemAmount.type', NULL, NULL, NULL, NULL, NULL, NULL, NULL, NULL, NULL, NULL, 'ADD', NULL);
INSERT INTO `sys_rule_action_param` VALUES ('RAP28a83f44:15b74c946cb:-7f35', 'RA28a83f44:15b74c946cb:-7f36', 'treasury.actions.UpdateBillItemAmount.billitem', NULL, NULL, 'RC28a83f44:15b74c946cb:-7f3b', 'BILLITEM', NULL, NULL, NULL, NULL, NULL, NULL, NULL, NULL);
INSERT INTO `sys_rule_action_param` VALUES ('RAP28a83f44:15b74c946cb:-7f3c', 'RA28a83f44:15b74c946cb:-7f3f', 'treasury.actions.UpdateBillItemAmount.amount', NULL, NULL, NULL, NULL, 'UNIT * 24', 'expression', NULL, NULL, NULL, NULL, NULL, NULL);
INSERT INTO `sys_rule_action_param` VALUES ('RAP28a83f44:15b74c946cb:-7f3d', 'RA28a83f44:15b74c946cb:-7f3f', 'treasury.actions.UpdateBillItemAmount.type', NULL, NULL, NULL, NULL, NULL, NULL, NULL, NULL, NULL, NULL, 'ADD', NULL);
INSERT INTO `sys_rule_action_param` VALUES ('RAP28a83f44:15b74c946cb:-7f3e', 'RA28a83f44:15b74c946cb:-7f3f', 'treasury.actions.UpdateBillItemAmount.billitem', NULL, NULL, 'RC28a83f44:15b74c946cb:-7f44', 'BILLITEM', NULL, NULL, NULL, NULL, NULL, NULL, NULL, NULL);
INSERT INTO `sys_rule_action_param` VALUES ('RAP28a83f44:15b74c946cb:-7f45', 'RA28a83f44:15b74c946cb:-7f48', 'treasury.actions.UpdateBillItemAmount.billitem', NULL, NULL, 'RC28a83f44:15b74c946cb:-7f4a', 'BILLITEM', NULL, NULL, NULL, NULL, NULL, NULL, NULL, NULL);
INSERT INTO `sys_rule_action_param` VALUES ('RAP28a83f44:15b74c946cb:-7f46', 'RA28a83f44:15b74c946cb:-7f48', 'treasury.actions.UpdateBillItemAmount.type', NULL, NULL, NULL, NULL, NULL, NULL, NULL, NULL, NULL, NULL, 'ADD', NULL);
INSERT INTO `sys_rule_action_param` VALUES ('RAP28a83f44:15b74c946cb:-7f47', 'RA28a83f44:15b74c946cb:-7f48', 'treasury.actions.UpdateBillItemAmount.amount', NULL, NULL, NULL, NULL, 'SQM * 10', 'expression', NULL, NULL, NULL, NULL, NULL, NULL);
INSERT INTO `sys_rule_action_param` VALUES ('RAP28a83f44:15b74c946cb:-7f4e', 'RA28a83f44:15b74c946cb:-7f51', 'treasury.actions.UpdateBillItemAmount.billitem', NULL, NULL, 'RC28a83f44:15b74c946cb:-7f56', 'BILLITEM', NULL, NULL, NULL, NULL, NULL, NULL, NULL, NULL);
INSERT INTO `sys_rule_action_param` VALUES ('RAP28a83f44:15b74c946cb:-7f4f', 'RA28a83f44:15b74c946cb:-7f51', 'treasury.actions.UpdateBillItemAmount.type', NULL, NULL, NULL, NULL, NULL, NULL, NULL, NULL, NULL, NULL, 'ADD', NULL);
INSERT INTO `sys_rule_action_param` VALUES ('RAP28a83f44:15b74c946cb:-7f50', 'RA28a83f44:15b74c946cb:-7f51', 'treasury.actions.UpdateBillItemAmount.amount', NULL, NULL, NULL, NULL, 'SQM * 5', 'expression', NULL, NULL, NULL, NULL, NULL, NULL);
INSERT INTO `sys_rule_action_param` VALUES ('RAP28a83f44:15b74c946cb:-7f86', 'RA28a83f44:15b74c946cb:-7f89', 'treasury.actions.UpdateBillItemAmount.amount', NULL, NULL, 'RCC28a83f44:15b74c946cb:-7f8c', 'CUM', '<table border=\"1\" cellpadding=\"1\" cellspacing=\"0\">\n    <tr>\n        <td colspan=\"3\">Use Variable: CUM</td>\n    </tr>\n    \n        <tr>\n            <th>Greater than</th>\n            <th>Less than or equal to</th>\n            <th>Formula</th>\n        </tr>\n    \n    \n    \n        <tr>\n            <td></td>\n            <td>20.00</td>\n            <td>540</td>\n        </tr>\n    \n        <tr>\n            <td>20.00</td>\n            <td></td>\n            <td>540 + ( Math.ceil( CUM - 20 ) * 24 )</td>\n        </tr>\n    \n</table>', 'range', NULL, NULL, NULL, '[[to:20.00,value:\"540\",from:0],[value:\"540 + ( Math.ceil( CUM - 20 ) * 24 )\",from:20.00]]', NULL, 1);
INSERT INTO `sys_rule_action_param` VALUES ('RAP28a83f44:15b74c946cb:-7f87', 'RA28a83f44:15b74c946cb:-7f89', 'treasury.actions.UpdateBillItemAmount.type', NULL, NULL, NULL, NULL, NULL, NULL, NULL, NULL, NULL, NULL, 'ADD', NULL);
INSERT INTO `sys_rule_action_param` VALUES ('RAP28a83f44:15b74c946cb:-7f88', 'RA28a83f44:15b74c946cb:-7f89', 'treasury.actions.UpdateBillItemAmount.billitem', NULL, NULL, 'RC28a83f44:15b74c946cb:-7f90', 'BILLITEM', NULL, NULL, NULL, NULL, NULL, NULL, NULL, NULL);
INSERT INTO `sys_rule_action_param` VALUES ('RAP28a83f44:15b74c946cb:-7f91', 'RA28a83f44:15b74c946cb:-7f94', 'treasury.actions.UpdateBillItemAmount.billitem', NULL, NULL, 'RC28a83f44:15b74c946cb:-7f96', 'BILLITEM', NULL, NULL, NULL, NULL, NULL, NULL, NULL, NULL);
INSERT INTO `sys_rule_action_param` VALUES ('RAP28a83f44:15b74c946cb:-7f92', 'RA28a83f44:15b74c946cb:-7f94', 'treasury.actions.UpdateBillItemAmount.type', NULL, NULL, NULL, NULL, NULL, NULL, NULL, NULL, NULL, NULL, 'ADD', NULL);
INSERT INTO `sys_rule_action_param` VALUES ('RAP28a83f44:15b74c946cb:-7f93', 'RA28a83f44:15b74c946cb:-7f94', 'treasury.actions.UpdateBillItemAmount.amount', NULL, NULL, 'RCC28a83f44:15b74c946cb:-7f98', 'CUM', '<table border=\"1\" cellpadding=\"1\" cellspacing=\"0\">\n    <tr>\n        <td colspan=\"3\">Use Variable: CUM</td>\n    </tr>\n    \n        <tr>\n            <th>Greater than</th>\n            <th>Less than or equal to</th>\n            <th>Formula</th>\n        </tr>\n    \n    \n    \n        <tr>\n            <td></td>\n            <td>10.00</td>\n            <td>480</td>\n        </tr>\n    \n        <tr>\n            <td>10.00</td>\n            <td></td>\n            <td>480 + ( Math.ceil(CUM - 10 ) * 24 )</td>\n        </tr>\n    \n</table>', 'range', NULL, NULL, NULL, '[[to:10.00,value:\"480\",from:0],[value:\"480 + ( Math.ceil(CUM - 10 ) * 24 )\",from:10.00]]', NULL, 1);
INSERT INTO `sys_rule_action_param` VALUES ('RAP28a83f44:15b74c946cb:-7f9c', 'RA28a83f44:15b74c946cb:-7f9f', 'treasury.actions.UpdateBillItemAmount.billitem', NULL, NULL, 'RC28a83f44:15b74c946cb:-7fa3', 'BILLITEM', NULL, NULL, NULL, NULL, NULL, NULL, NULL, NULL);
INSERT INTO `sys_rule_action_param` VALUES ('RAP28a83f44:15b74c946cb:-7f9d', 'RA28a83f44:15b74c946cb:-7f9f', 'treasury.actions.UpdateBillItemAmount.type', NULL, NULL, NULL, NULL, NULL, NULL, NULL, NULL, NULL, NULL, 'ADD', NULL);
INSERT INTO `sys_rule_action_param` VALUES ('RAP28a83f44:15b74c946cb:-7f9e', 'RA28a83f44:15b74c946cb:-7f9f', 'treasury.actions.UpdateBillItemAmount.amount', NULL, NULL, NULL, NULL, '60 + ((UNIT-1) * 12)', 'expression', NULL, NULL, NULL, NULL, NULL, NULL);
INSERT INTO `sys_rule_action_param` VALUES ('RAP28a83f44:15b74c946cb:-7fa7', 'RA28a83f44:15b74c946cb:-7faa', 'treasury.actions.UpdateBillItemAmount.billitem', NULL, NULL, 'RC28a83f44:15b74c946cb:-7fae', 'BILLITEM', NULL, NULL, NULL, NULL, NULL, NULL, NULL, NULL);
INSERT INTO `sys_rule_action_param` VALUES ('RAP28a83f44:15b74c946cb:-7fa8', 'RA28a83f44:15b74c946cb:-7faa', 'treasury.actions.UpdateBillItemAmount.type', NULL, NULL, NULL, NULL, NULL, NULL, NULL, NULL, NULL, NULL, 'ADD', NULL);
INSERT INTO `sys_rule_action_param` VALUES ('RAP28a83f44:15b74c946cb:-7fa9', 'RA28a83f44:15b74c946cb:-7faa', 'treasury.actions.UpdateBillItemAmount.amount', NULL, NULL, NULL, NULL, '60 + ((UNIT-1) * 18)', 'expression', NULL, NULL, NULL, NULL, NULL, NULL);
INSERT INTO `sys_rule_action_param` VALUES ('RAP28a83f44:15b74c946cb:-7fbe', 'RA28a83f44:15b74c946cb:-7fc1', 'treasury.actions.UpdateBillItemAmount.billitem', NULL, NULL, 'RC28a83f44:15b74c946cb:-7fc5', 'BILLITEM', NULL, NULL, NULL, NULL, NULL, NULL, NULL, NULL);
INSERT INTO `sys_rule_action_param` VALUES ('RAP28a83f44:15b74c946cb:-7fbf', 'RA28a83f44:15b74c946cb:-7fc1', 'treasury.actions.UpdateBillItemAmount.type', NULL, NULL, NULL, NULL, NULL, NULL, NULL, NULL, NULL, NULL, 'ADD', NULL);
INSERT INTO `sys_rule_action_param` VALUES ('RAP28a83f44:15b74c946cb:-7fc0', 'RA28a83f44:15b74c946cb:-7fc1', 'treasury.actions.UpdateBillItemAmount.amount', NULL, NULL, 'RCC28a83f44:15b74c946cb:-7fc7', 'M', '<table border=\"1\" cellpadding=\"1\" cellspacing=\"0\">\n    <tr>\n        <td colspan=\"3\">Use Variable: M</td>\n    </tr>\n    \n        <tr>\n            <th>Greater than</th>\n            <th>Less than or equal to</th>\n            <th>Formula</th>\n        </tr>\n    \n    \n    \n        <tr>\n            <td></td>\n            <td>10.00</td>\n            <td>120</td>\n        </tr>\n    \n        <tr>\n            <td>10.00</td>\n            <td></td>\n            <td>120 + ((M-10) * 12)</td>\n        </tr>\n    \n</table>', 'range', NULL, NULL, NULL, '[[to:10.00,value:\"120\",from:0],[value:\"120 + ((M-10) * 12)\",from:10.00]]', NULL, 1);
INSERT INTO `sys_rule_action_param` VALUES ('RAP28a83f44:15b74c946cb:-7fc9', 'RA28a83f44:15b74c946cb:-7fcc', 'treasury.actions.UpdateBillItemAmount.amount', NULL, NULL, 'RCC28a83f44:15b74c946cb:-7fcd', 'M', '<table border=\"1\" cellpadding=\"1\" cellspacing=\"0\">\n    <tr>\n        <td colspan=\"3\">Use Variable: M</td>\n    </tr>\n    \n        <tr>\n            <th>Greater than</th>\n            <th>Less than or equal to</th>\n            <th>Formula</th>\n        </tr>\n    \n    \n    \n        <tr>\n            <td></td>\n            <td>10.00</td>\n            <td>1800</td>\n        </tr>\n    \n        <tr>\n            <td>10.00</td>\n            <td></td>\n            <td>1800 + ((M-10) * 120 )</td>\n        </tr>\n    \n</table>', 'range', NULL, NULL, NULL, '[[to:10.00,value:\"1800\",from:0],[value:\"1800 + ((M-10) * 120 )\",from:10.00]]', NULL, 1);
INSERT INTO `sys_rule_action_param` VALUES ('RAP28a83f44:15b74c946cb:-7fca', 'RA28a83f44:15b74c946cb:-7fcc', 'treasury.actions.UpdateBillItemAmount.type', NULL, NULL, NULL, NULL, NULL, NULL, NULL, NULL, NULL, NULL, 'ADD', NULL);
INSERT INTO `sys_rule_action_param` VALUES ('RAP28a83f44:15b74c946cb:-7fcb', 'RA28a83f44:15b74c946cb:-7fcc', 'treasury.actions.UpdateBillItemAmount.billitem', NULL, NULL, 'RC28a83f44:15b74c946cb:-7fd1', 'BILLITEM', NULL, NULL, NULL, NULL, NULL, NULL, NULL, NULL);
INSERT INTO `sys_rule_action_param` VALUES ('RAP28a83f44:15b74c946cb:-7fd4', 'RA28a83f44:15b74c946cb:-7fd7', 'treasury.actions.UpdateBillItemAmount.amount', NULL, NULL, 'RCC28a83f44:15b74c946cb:-7fd8', 'M', '<table border=\"1\" cellpadding=\"1\" cellspacing=\"0\">\n    <tr>\n        <td colspan=\"3\">Use Variable: M</td>\n    </tr>\n    \n        <tr>\n            <th>Greater than</th>\n            <th>Less than or equal to</th>\n            <th>Formula</th>\n        </tr>\n    \n    \n    \n        <tr>\n            <td></td>\n            <td>10.00</td>\n            <td>240</td>\n        </tr>\n    \n        <tr>\n            <td>10.00</td>\n            <td></td>\n            <td>240 + (( M-10) * 12)</td>\n        </tr>\n    \n</table>', 'range', NULL, NULL, NULL, '[[to:10.00,value:\"240\",from:0],[value:\"240 + (( M-10) * 12)\",from:10.00]]', NULL, 1);
INSERT INTO `sys_rule_action_param` VALUES ('RAP28a83f44:15b74c946cb:-7fd5', 'RA28a83f44:15b74c946cb:-7fd7', 'treasury.actions.UpdateBillItemAmount.type', NULL, NULL, NULL, NULL, NULL, NULL, NULL, NULL, NULL, NULL, 'ADD', NULL);
INSERT INTO `sys_rule_action_param` VALUES ('RAP28a83f44:15b74c946cb:-7fd6', 'RA28a83f44:15b74c946cb:-7fd7', 'treasury.actions.UpdateBillItemAmount.billitem', NULL, NULL, 'RC28a83f44:15b74c946cb:-7fdc', 'BILLITEM', NULL, NULL, NULL, NULL, NULL, NULL, NULL, NULL);
INSERT INTO `sys_rule_action_param` VALUES ('RAP28a83f44:15b74c946cb:-7fdf', 'RA28a83f44:15b74c946cb:-7fe2', 'treasury.actions.UpdateBillItemAmount.billitem', NULL, NULL, 'RC28a83f44:15b74c946cb:-7fe6', 'BILLITEM', NULL, NULL, NULL, NULL, NULL, NULL, NULL, NULL);
INSERT INTO `sys_rule_action_param` VALUES ('RAP28a83f44:15b74c946cb:-7fe0', 'RA28a83f44:15b74c946cb:-7fe2', 'treasury.actions.UpdateBillItemAmount.type', NULL, NULL, NULL, NULL, NULL, NULL, NULL, NULL, NULL, NULL, 'ADD', NULL);
INSERT INTO `sys_rule_action_param` VALUES ('RAP28a83f44:15b74c946cb:-7fe1', 'RA28a83f44:15b74c946cb:-7fe2', 'treasury.actions.UpdateBillItemAmount.amount', NULL, NULL, 'RCC28a83f44:15b74c946cb:-7fe8', 'M', '<table border=\"1\" cellpadding=\"1\" cellspacing=\"0\">\n    <tr>\n        <td colspan=\"3\">Use Variable: M</td>\n    </tr>\n    \n        <tr>\n            <th>Greater than</th>\n            <th>Less than or equal to</th>\n            <th>Formula</th>\n        </tr>\n    \n    \n    \n        <tr>\n            <td></td>\n            <td>10.00</td>\n            <td>2400</td>\n        </tr>\n    \n        <tr>\n            <td>10.00</td>\n            <td></td>\n            <td>2400 +((  M-10 )*120)</td>\n        </tr>\n    \n</table>', 'range', NULL, NULL, NULL, '[[to:10.00,value:\"2400\",from:0],[value:\"2400 +((  M-10 )*120)\",from:10.00]]', NULL, 1);
INSERT INTO `sys_rule_action_param` VALUES ('RAP28a83f44:15b74c946cb:-7fea', 'RA28a83f44:15b74c946cb:-7fed', 'treasury.actions.UpdateBillItemAmount.billitem', NULL, NULL, 'RC28a83f44:15b74c946cb:-7ff1', 'BILLITEM', NULL, NULL, NULL, NULL, NULL, NULL, NULL, NULL);
INSERT INTO `sys_rule_action_param` VALUES ('RAP28a83f44:15b74c946cb:-7feb', 'RA28a83f44:15b74c946cb:-7fed', 'treasury.actions.UpdateBillItemAmount.type', NULL, NULL, NULL, NULL, NULL, NULL, NULL, NULL, NULL, NULL, 'ADD', NULL);
INSERT INTO `sys_rule_action_param` VALUES ('RAP28a83f44:15b74c946cb:-7fec', 'RA28a83f44:15b74c946cb:-7fed', 'treasury.actions.UpdateBillItemAmount.amount', NULL, NULL, NULL, NULL, '150', 'expression', NULL, NULL, NULL, NULL, NULL, NULL);
INSERT INTO `sys_rule_action_param` VALUES ('RAP33115abb:15b366b9fbd:-7f51', 'RA33115abb:15b366b9fbd:-7f54', 'treasury.actions.UpdateBillItemAmount.amount', NULL, NULL, NULL, NULL, 'HEAD * 4', 'expression', NULL, NULL, NULL, NULL, NULL, NULL);
INSERT INTO `sys_rule_action_param` VALUES ('RAP33115abb:15b366b9fbd:-7f52', 'RA33115abb:15b366b9fbd:-7f54', 'treasury.actions.UpdateBillItemAmount.type', NULL, NULL, NULL, NULL, NULL, NULL, NULL, NULL, NULL, NULL, 'ADD', NULL);
INSERT INTO `sys_rule_action_param` VALUES ('RAP33115abb:15b366b9fbd:-7f53', 'RA33115abb:15b366b9fbd:-7f54', 'treasury.actions.UpdateBillItemAmount.billitem', NULL, NULL, 'RC33115abb:15b366b9fbd:-7f56', 'BILLITEM', NULL, NULL, NULL, NULL, NULL, NULL, NULL, NULL);
INSERT INTO `sys_rule_action_param` VALUES ('RAP33115abb:15b366b9fbd:-7f59', 'RA33115abb:15b366b9fbd:-7f5c', 'treasury.actions.UpdateBillItemAmount.amount', NULL, NULL, NULL, NULL, 'Math.ceil(KW)   * 60', 'expression', NULL, NULL, NULL, NULL, NULL, NULL);
INSERT INTO `sys_rule_action_param` VALUES ('RAP33115abb:15b366b9fbd:-7f5a', 'RA33115abb:15b366b9fbd:-7f5c', 'treasury.actions.UpdateBillItemAmount.type', NULL, NULL, NULL, NULL, NULL, NULL, NULL, NULL, NULL, NULL, 'ADD', NULL);
INSERT INTO `sys_rule_action_param` VALUES ('RAP33115abb:15b366b9fbd:-7f5b', 'RA33115abb:15b366b9fbd:-7f5c', 'treasury.actions.UpdateBillItemAmount.billitem', NULL, NULL, 'RC33115abb:15b366b9fbd:-7f5e', 'BILLITEM', NULL, NULL, NULL, NULL, NULL, NULL, NULL, NULL);
INSERT INTO `sys_rule_action_param` VALUES ('RAP33115abb:15b366b9fbd:-7f61', 'RA33115abb:15b366b9fbd:-7f64', 'treasury.actions.UpdateBillItemAmount.billitem', NULL, NULL, 'RC33115abb:15b366b9fbd:-7f68', 'BILLITEM', NULL, NULL, NULL, NULL, NULL, NULL, NULL, NULL);
INSERT INTO `sys_rule_action_param` VALUES ('RAP33115abb:15b366b9fbd:-7f62', 'RA33115abb:15b366b9fbd:-7f64', 'treasury.actions.UpdateBillItemAmount.type', NULL, NULL, NULL, NULL, NULL, NULL, NULL, NULL, NULL, NULL, 'ADD', NULL);
INSERT INTO `sys_rule_action_param` VALUES ('RAP33115abb:15b366b9fbd:-7f63', 'RA33115abb:15b366b9fbd:-7f64', 'treasury.actions.UpdateBillItemAmount.amount', NULL, NULL, NULL, NULL, 'UNIT * 200', 'expression', NULL, NULL, NULL, NULL, NULL, NULL);
INSERT INTO `sys_rule_action_param` VALUES ('RAP33115abb:15b366b9fbd:-7f81', 'RA33115abb:15b366b9fbd:-7f84', 'treasury.actions.UpdateBillItemAmount.amount', NULL, NULL, NULL, NULL, 'UNIT * 2000', 'expression', NULL, NULL, NULL, NULL, NULL, NULL);
INSERT INTO `sys_rule_action_param` VALUES ('RAP33115abb:15b366b9fbd:-7f82', 'RA33115abb:15b366b9fbd:-7f84', 'treasury.actions.UpdateBillItemAmount.type', NULL, NULL, NULL, NULL, NULL, NULL, NULL, NULL, NULL, NULL, 'ADD', NULL);
INSERT INTO `sys_rule_action_param` VALUES ('RAP33115abb:15b366b9fbd:-7f83', 'RA33115abb:15b366b9fbd:-7f84', 'treasury.actions.UpdateBillItemAmount.billitem', NULL, NULL, 'RC33115abb:15b366b9fbd:-7f88', 'BILLITEM', NULL, NULL, NULL, NULL, NULL, NULL, NULL, NULL);
INSERT INTO `sys_rule_action_param` VALUES ('RAP33115abb:15b366b9fbd:-7f89', 'RA33115abb:15b366b9fbd:-7f8c', 'treasury.actions.UpdateBillItemAmount.amount', NULL, NULL, NULL, NULL, 'UNIT  * 600', 'expression', NULL, NULL, NULL, NULL, NULL, NULL);
INSERT INTO `sys_rule_action_param` VALUES ('RAP33115abb:15b366b9fbd:-7f8a', 'RA33115abb:15b366b9fbd:-7f8c', 'treasury.actions.UpdateBillItemAmount.type', NULL, NULL, NULL, NULL, NULL, NULL, NULL, NULL, NULL, NULL, 'ADD', NULL);
INSERT INTO `sys_rule_action_param` VALUES ('RAP33115abb:15b366b9fbd:-7f8b', 'RA33115abb:15b366b9fbd:-7f8c', 'treasury.actions.UpdateBillItemAmount.billitem', NULL, NULL, 'RC33115abb:15b366b9fbd:-7f90', 'BILLITEM', NULL, NULL, NULL, NULL, NULL, NULL, NULL, NULL);
INSERT INTO `sys_rule_action_param` VALUES ('RAP33115abb:15b366b9fbd:-7f92', 'RA33115abb:15b366b9fbd:-7f95', 'treasury.actions.UpdateBillItemAmount.amount', NULL, NULL, NULL, NULL, '@ROUND( LNM   * 5 )', 'expression', NULL, NULL, NULL, NULL, NULL, NULL);
INSERT INTO `sys_rule_action_param` VALUES ('RAP33115abb:15b366b9fbd:-7f93', 'RA33115abb:15b366b9fbd:-7f95', 'treasury.actions.UpdateBillItemAmount.type', NULL, NULL, NULL, NULL, NULL, NULL, NULL, NULL, NULL, NULL, 'ADD', NULL);
INSERT INTO `sys_rule_action_param` VALUES ('RAP33115abb:15b366b9fbd:-7f94', 'RA33115abb:15b366b9fbd:-7f95', 'treasury.actions.UpdateBillItemAmount.billitem', NULL, NULL, 'RC33115abb:15b366b9fbd:-7f99', 'BILLITEM', NULL, NULL, NULL, NULL, NULL, NULL, NULL, NULL);
INSERT INTO `sys_rule_action_param` VALUES ('RAP33115abb:15b366b9fbd:-7f9a', 'RA33115abb:15b366b9fbd:-7f9d', 'treasury.actions.UpdateBillItemAmount.amount', NULL, NULL, NULL, NULL, 'Math.ceil( KW )  * 40', 'expression', NULL, NULL, NULL, NULL, NULL, NULL);
INSERT INTO `sys_rule_action_param` VALUES ('RAP33115abb:15b366b9fbd:-7f9b', 'RA33115abb:15b366b9fbd:-7f9d', 'treasury.actions.UpdateBillItemAmount.type', NULL, NULL, NULL, NULL, NULL, NULL, NULL, NULL, NULL, NULL, 'ADD', NULL);
INSERT INTO `sys_rule_action_param` VALUES ('RAP33115abb:15b366b9fbd:-7f9c', 'RA33115abb:15b366b9fbd:-7f9d', 'treasury.actions.UpdateBillItemAmount.billitem', NULL, NULL, 'RC33115abb:15b366b9fbd:-7fa1', 'BILLITEM', NULL, NULL, NULL, NULL, NULL, NULL, NULL, NULL);
INSERT INTO `sys_rule_action_param` VALUES ('RAP33115abb:15b366b9fbd:-7fa2', 'RA33115abb:15b366b9fbd:-7fa5', 'treasury.actions.UpdateBillItemAmount.amount', NULL, NULL, NULL, NULL, '@ROUND( LNM * 20 )', 'expression', NULL, NULL, NULL, NULL, NULL, NULL);
INSERT INTO `sys_rule_action_param` VALUES ('RAP33115abb:15b366b9fbd:-7fa3', 'RA33115abb:15b366b9fbd:-7fa5', 'treasury.actions.UpdateBillItemAmount.type', NULL, NULL, NULL, NULL, NULL, NULL, NULL, NULL, NULL, NULL, 'ADD', NULL);
INSERT INTO `sys_rule_action_param` VALUES ('RAP33115abb:15b366b9fbd:-7fa4', 'RA33115abb:15b366b9fbd:-7fa5', 'treasury.actions.UpdateBillItemAmount.billitem', NULL, NULL, 'RC33115abb:15b366b9fbd:-7fa9', 'BILLITEM', NULL, NULL, NULL, NULL, NULL, NULL, NULL, NULL);
INSERT INTO `sys_rule_action_param` VALUES ('RAP33115abb:15b366b9fbd:-7faa', 'RA33115abb:15b366b9fbd:-7fad', 'treasury.actions.UpdateBillItemAmount.amount', NULL, NULL, NULL, NULL, 'Math.ceil( KW )  * 200', 'expression', NULL, NULL, NULL, NULL, NULL, NULL);
INSERT INTO `sys_rule_action_param` VALUES ('RAP33115abb:15b366b9fbd:-7fab', 'RA33115abb:15b366b9fbd:-7fad', 'treasury.actions.UpdateBillItemAmount.type', NULL, NULL, NULL, NULL, NULL, NULL, NULL, NULL, NULL, NULL, 'ADD', NULL);
INSERT INTO `sys_rule_action_param` VALUES ('RAP33115abb:15b366b9fbd:-7fac', 'RA33115abb:15b366b9fbd:-7fad', 'treasury.actions.UpdateBillItemAmount.billitem', NULL, NULL, 'RC33115abb:15b366b9fbd:-7fb1', 'BILLITEM', NULL, NULL, NULL, NULL, NULL, NULL, NULL, NULL);
INSERT INTO `sys_rule_action_param` VALUES ('RAP33115abb:15b366b9fbd:-7fb2', 'RA33115abb:15b366b9fbd:-7fb5', 'treasury.actions.UpdateBillItemAmount.amount', NULL, NULL, 'RCONST6cc4d33e:15b3c1e2e72:-5746', 'LNM', '<table border=\"1\" cellpadding=\"1\" cellspacing=\"0\">\n    <tr>\n        <td colspan=\"3\">Use Variable: LNM</td>\n    </tr>\n    \n    \n        <tr>\n            <th>Greater than or equal to</th>\n            <th>Less than</th>\n            <th>Formula</th>\n        </tr>\n    \n    \n        <tr>\n            <td></td>\n            <td>20.00</td>\n            <td>@ROUND( LNM  * 20 )</td>\n        </tr>\n    \n        <tr>\n            <td>20.00</td>\n            <td></td>\n            <td>400 + (  Math.ceil(LNM-20) * 10 )</td>\n        </tr>\n    \n</table>', 'range', NULL, NULL, NULL, '[[to:20.00,value:\"@ROUND( LNM  * 20 )\",from:0],[value:\"400 + (  Math.ceil(LNM-20) * 10 )\",from:20.00]]', NULL, 0);
INSERT INTO `sys_rule_action_param` VALUES ('RAP33115abb:15b366b9fbd:-7fb3', 'RA33115abb:15b366b9fbd:-7fb5', 'treasury.actions.UpdateBillItemAmount.type', NULL, NULL, NULL, NULL, NULL, NULL, NULL, NULL, NULL, NULL, 'ADD', NULL);
INSERT INTO `sys_rule_action_param` VALUES ('RAP33115abb:15b366b9fbd:-7fb4', 'RA33115abb:15b366b9fbd:-7fb5', 'treasury.actions.UpdateBillItemAmount.billitem', NULL, NULL, 'RC33115abb:15b366b9fbd:-7fb9', 'BILLITEM', NULL, NULL, NULL, NULL, NULL, NULL, NULL, NULL);
INSERT INTO `sys_rule_action_param` VALUES ('RAP33115abb:15b366b9fbd:-7fba', 'RA33115abb:15b366b9fbd:-7fbd', 'treasury.actions.UpdateBillItemAmount.amount', NULL, NULL, NULL, NULL, 'Math.ceil( KW  )  * 10', 'expression', NULL, NULL, NULL, NULL, NULL, NULL);
INSERT INTO `sys_rule_action_param` VALUES ('RAP33115abb:15b366b9fbd:-7fbb', 'RA33115abb:15b366b9fbd:-7fbd', 'treasury.actions.UpdateBillItemAmount.type', NULL, NULL, NULL, NULL, NULL, NULL, NULL, NULL, NULL, NULL, 'ADD', NULL);
INSERT INTO `sys_rule_action_param` VALUES ('RAP33115abb:15b366b9fbd:-7fbc', 'RA33115abb:15b366b9fbd:-7fbd', 'treasury.actions.UpdateBillItemAmount.billitem', NULL, NULL, 'RC33115abb:15b366b9fbd:-7fc1', 'BILLITEM', NULL, NULL, NULL, NULL, NULL, NULL, NULL, NULL);
INSERT INTO `sys_rule_action_param` VALUES ('RAP33115abb:15b366b9fbd:-7fc3', 'RA33115abb:15b366b9fbd:-7fc6', 'treasury.actions.UpdateBillItemAmount.billitem', NULL, NULL, 'RC33115abb:15b366b9fbd:-7fca', 'BILLITEM', NULL, NULL, NULL, NULL, NULL, NULL, NULL, NULL);
INSERT INTO `sys_rule_action_param` VALUES ('RAP33115abb:15b366b9fbd:-7fc4', 'RA33115abb:15b366b9fbd:-7fc6', 'treasury.actions.UpdateBillItemAmount.type', NULL, NULL, NULL, NULL, NULL, NULL, NULL, NULL, NULL, NULL, 'ADD', NULL);
INSERT INTO `sys_rule_action_param` VALUES ('RAP33115abb:15b366b9fbd:-7fc5', 'RA33115abb:15b366b9fbd:-7fc6', 'treasury.actions.UpdateBillItemAmount.amount', NULL, NULL, NULL, NULL, 'Math.ceil( KW ) * 40', 'expression', NULL, NULL, NULL, NULL, NULL, NULL);
INSERT INTO `sys_rule_action_param` VALUES ('RAP33115abb:15b366b9fbd:-7fd3', 'RA33115abb:15b366b9fbd:-7fd6', 'treasury.actions.UpdateBillItemAmount.amount', NULL, NULL, 'RCONST6cc4d33e:15b3c1e2e72:-5d83', 'TONS', '<table border=\"1\" cellpadding=\"1\" cellspacing=\"0\">\n    <tr>\n        <td colspan=\"3\">Use Variable: TONS</td>\n    </tr>\n    \n    \n        <tr>\n            <th>Greater than or equal to</th>\n            <th>Less than</th>\n            <th>Formula</th>\n        </tr>\n    \n    \n        <tr>\n            <td></td>\n            <td>100.00</td>\n            <td>90 * Math.ceil(TONS )</td>\n        </tr>\n    \n        <tr>\n            <td>100.00</td>\n            <td></td>\n            <td>9000 + (  Math.ceil(TONS - 100) * 40 )</td>\n        </tr>\n    \n</table>', 'range', NULL, NULL, NULL, '[[to:100.00,value:\"90 * Math.ceil(TONS )\",from:0],[value:\"9000 + (  Math.ceil(TONS - 100) * 40 )\",from:100.00]]', NULL, 0);
INSERT INTO `sys_rule_action_param` VALUES ('RAP33115abb:15b366b9fbd:-7fd4', 'RA33115abb:15b366b9fbd:-7fd6', 'treasury.actions.UpdateBillItemAmount.type', NULL, NULL, NULL, NULL, NULL, NULL, NULL, NULL, NULL, NULL, 'ADD', NULL);
INSERT INTO `sys_rule_action_param` VALUES ('RAP33115abb:15b366b9fbd:-7fd5', 'RA33115abb:15b366b9fbd:-7fd6', 'treasury.actions.UpdateBillItemAmount.billitem', NULL, NULL, 'RC33115abb:15b366b9fbd:-7fda', 'BILLITEM', NULL, NULL, NULL, NULL, NULL, NULL, NULL, NULL);
INSERT INTO `sys_rule_action_param` VALUES ('RAP33115abb:15b366b9fbd:-7fdb', 'RA33115abb:15b366b9fbd:-7fde', 'treasury.actions.UpdateBillItemAmount.billitem', NULL, NULL, 'RC33115abb:15b366b9fbd:-7fe2', 'BILLITEM', NULL, NULL, NULL, NULL, NULL, NULL, NULL, NULL);
INSERT INTO `sys_rule_action_param` VALUES ('RAP33115abb:15b366b9fbd:-7fdc', 'RA33115abb:15b366b9fbd:-7fde', 'treasury.actions.UpdateBillItemAmount.type', NULL, NULL, NULL, NULL, NULL, NULL, NULL, NULL, NULL, NULL, 'ADD', NULL);
INSERT INTO `sys_rule_action_param` VALUES ('RAP33115abb:15b366b9fbd:-7fdd', 'RA33115abb:15b366b9fbd:-7fde', 'treasury.actions.UpdateBillItemAmount.amount', NULL, NULL, NULL, NULL, 'Math.ceil( TONS )  * 60', 'expression', NULL, NULL, NULL, NULL, NULL, NULL);
INSERT INTO `sys_rule_action_param` VALUES ('RAP475d0d9e:16a330d4f71:-7cd8', 'RA475d0d9e:16a330d4f71:-7cda', 'treasury.actions.AddBillItem.billcode', NULL, NULL, NULL, NULL, NULL, NULL, NULL, 'FIRE_CONS_TAX', 'FIRE CODE CONTRUCTION TAX', NULL, NULL, NULL);
INSERT INTO `sys_rule_action_param` VALUES ('RAP475d0d9e:16a330d4f71:-7cd9', 'RA475d0d9e:16a330d4f71:-7cda', 'treasury.actions.AddBillItem.amount', NULL, NULL, NULL, NULL, 'COST * 0.01', 'expression', NULL, NULL, NULL, NULL, NULL, NULL);
INSERT INTO `sys_rule_action_param` VALUES ('RAP475d0d9e:16a330d4f71:-7d30', 'RA475d0d9e:16a330d4f71:-7d32', 'treasury.actions.AddBillItem.amount', NULL, NULL, NULL, NULL, '0', 'expression', NULL, NULL, NULL, NULL, NULL, NULL);
INSERT INTO `sys_rule_action_param` VALUES ('RAP475d0d9e:16a330d4f71:-7d31', 'RA475d0d9e:16a330d4f71:-7d32', 'treasury.actions.AddBillItem.billcode', NULL, NULL, NULL, NULL, NULL, NULL, NULL, 'ELECTRONIC_FEE', 'ELECTRONIC FEE', NULL, NULL, NULL);
INSERT INTO `sys_rule_action_param` VALUES ('RAP525da928:16a4d03cbc9:-7f88', 'RA525da928:16a4d03cbc9:-7f8a', 'treasury.actions.AddBillItem.billcode', NULL, NULL, NULL, NULL, NULL, NULL, NULL, 'ACCESSORY_FEE', 'ACCESSORY FEE', NULL, NULL, NULL);
INSERT INTO `sys_rule_action_param` VALUES ('RAP525da928:16a4d03cbc9:-7f89', 'RA525da928:16a4d03cbc9:-7f8a', 'treasury.actions.AddBillItem.amount', NULL, NULL, NULL, NULL, '0', 'expression', NULL, NULL, NULL, NULL, NULL, NULL);
INSERT INTO `sys_rule_action_param` VALUES ('RAP604f6df3:15b197ab5de:-7fd9', 'RA604f6df3:15b197ab5de:-7fda', 'treasury.actions.AddBillItem.amount', NULL, NULL, 'RCONST7a4cba33:16a44844397:-7899', 'AREA', '<table border=\"1\" cellpadding=\"1\" cellspacing=\"0\">\n    <tr>\n        <td colspan=\"3\">Use Variable: AREA</td>\n    </tr>\n    \n        <tr>\n            <th>Greater than</th>\n            <th>Less than or equal to</th>\n            <th>Formula</th>\n        </tr>\n    \n    \n    \n        <tr>\n            <td></td>\n            <td>500.00</td>\n            <td>AREA * 12</td>\n        </tr>\n    \n        <tr>\n            <td>500.00</td>\n            <td>600.00</td>\n            <td>6000 + ((AREA-500) * 11)</td>\n        </tr>\n    \n        <tr>\n            <td>600.00</td>\n            <td>700.00</td>\n            <td>6000 + 1100 + ((AREA-600) * 10.20)</td>\n        </tr>\n    \n        <tr>\n            <td>700.00</td>\n            <td>800.00</td>\n            <td>6000 + 1100 + 1020 + ((AREA-700) * 9.60)</td>\n        </tr>\n    \n        <tr>\n            <td>800.00</td>\n            <td>900.00</td>\n            <td>6000 + 1100 + 1020 + 960 + ((AREA-800) * 9)</td>\n        </tr>\n    \n        <tr>\n            <td>900.00</td>\n            <td>1000.00</td>\n            <td>6000 + 1100 + 1020 + 960  + 900 + ((AREA-900) * 8.40)</td>\n        </tr>\n    \n        <tr>\n            <td>1000.00</td>\n            <td>1500.00</td>\n            <td>6000 + 1100 + 1020 + 960  + 900 + 840 + ((AREA-1000) * 7.2)</td>\n        </tr>\n    \n        <tr>\n            <td>1500.00</td>\n            <td>2000.00</td>\n            <td>6000 + 1100 + 1020 + 960  + 900 + 840 +  3600 + ((AREA-1500) * 6.6)</td>\n        </tr>\n    \n        <tr>\n            <td>2000.00</td>\n            <td>3000.00</td>\n            <td>6000 + 1100 + 1020 + 960  + 900 + 840 +  3600 + 3300 + ((AREA-2000) * 6)</td>\n        </tr>\n    \n        <tr>\n            <td>3000.00</td>\n            <td></td>\n            <td>6000 + 1100 + 1020 + 960  + 900 + 840 +  3600 + 3300 + 6000 + ((AREA-3000) * 5)</td>\n        </tr>\n    \n</table>', 'range', NULL, NULL, NULL, '[[to:500.00,value:\"AREA * 12\",from:0],[to:600.00,value:\"6000 + ((AREA-500) * 11)\",from:500.00],[to:700.00,value:\"6000 + 1100 + ((AREA-600) * 10.20)\",from:600.00],[to:800.00,value:\"6000 + 1100 + 1020 + ((AREA-700) * 9.60)\",from:700.00],[to:900.00,value:\"6000 + 1100 + 1020 + 960 + ((AREA-800) * 9)\",from:800.00],[to:1000.00,value:\"6000 + 1100 + 1020 + 960  + 900 + ((AREA-900) * 8.40)\",from:900.00],[to:1500.00,value:\"6000 + 1100 + 1020 + 960  + 900 + 840 + ((AREA-1000) * 7.2)\",from:1000.00],[to:2000.00,value:\"6000 + 1100 + 1020 + 960  + 900 + 840 +  3600 + ((AREA-1500) * 6.6)\",from:1500.00],[to:3000.00,value:\"6000 + 1100 + 1020 + 960  + 900 + 840 +  3600 + 3300 + ((AREA-2000) * 6)\",from:2000.00],[value:\"6000 + 1100 + 1020 + 960  + 900 + 840 +  3600 + 3300 + 6000 + ((AREA-3000) * 5)\",from:3000.00]]', NULL, 1);
INSERT INTO `sys_rule_action_param` VALUES ('RAP604f6df3:15b197ab5de:-7fe7', 'RA604f6df3:15b197ab5de:-7fe8', 'treasury.actions.AddBillItem.amount', NULL, NULL, 'RCONST7a4cba33:16a44844397:-756f', 'AREA', '<table border=\"1\" cellpadding=\"1\" cellspacing=\"0\">\n    <tr>\n        <td colspan=\"3\">Use Variable: AREA</td>\n    </tr>\n    \n        <tr>\n            <th>Greater than</th>\n            <th>Less than or equal to</th>\n            <th>Formula</th>\n        </tr>\n    \n    \n    \n        <tr>\n            <td></td>\n            <td>20.00</td>\n            <td>3.0 * AREA</td>\n        </tr>\n    \n        <tr>\n            <td>20.00</td>\n            <td>50.00</td>\n            <td>5.20 * AREA</td>\n        </tr>\n    \n        <tr>\n            <td>50.00</td>\n            <td>150.00</td>\n            <td>8 * AREA</td>\n        </tr>\n    \n        <tr>\n            <td>150.00</td>\n            <td></td>\n            <td>8.40 * AREA</td>\n        </tr>\n    \n</table>', 'range', NULL, NULL, NULL, '[[to:20.00,value:\"3.0 * AREA\",from:0],[to:50.00,value:\"5.20 * AREA\",from:20.00],[to:150.00,value:\"8 * AREA\",from:50.00],[value:\"8.40 * AREA\",from:150.00]]', NULL, 1);
INSERT INTO `sys_rule_action_param` VALUES ('RAP6ad88b42:15bf25a2e71:-7fdd', 'RA6ad88b42:15bf25a2e71:-7fde', 'treasury.actions.UpdateBillItemAmount.amount', NULL, NULL, 'RCONST-2fbca757:15bf25c4add:-68bf', 'AREA', '<table border=\"1\" cellpadding=\"1\" cellspacing=\"0\">\n    <tr>\n        <td colspan=\"3\">Use Variable: AREA</td>\n    </tr>\n    \n        <tr>\n            <th>Greater than</th>\n            <th>Less than or equal to</th>\n            <th>Formula</th>\n        </tr>\n    \n    \n    \n        <tr>\n            <td></td>\n            <td>500.00</td>\n            <td>( AREA * 12 ) / 2</td>\n        </tr>\n    \n        <tr>\n            <td>500.00</td>\n            <td>600.00</td>\n            <td>( 6000 + ((AREA-500) * 11) ) / 2</td>\n        </tr>\n    \n        <tr>\n            <td>600.00</td>\n            <td>700.00</td>\n            <td>( 6000 + 1100 + ((AREA-600) * 10.20) ) / 2</td>\n        </tr>\n    \n        <tr>\n            <td>700.00</td>\n            <td>800.00</td>\n            <td>( 6000 + 1100 + 1020 + ((AREA-700) * 9.60)  ) / 2</td>\n        </tr>\n    \n        <tr>\n            <td>800.00</td>\n            <td>900.00</td>\n            <td>( 6000 + 1100 + 1020 + 960 + ((AREA-800) * 9) ) / 2</td>\n        </tr>\n    \n        <tr>\n            <td>900.00</td>\n            <td>1000.00</td>\n            <td>( 6000 + 1100 + 1020 + 960  + 900 + ((AREA-900) * 8.40) ) / 2</td>\n        </tr>\n    \n        <tr>\n            <td>1000.00</td>\n            <td>1500.00</td>\n            <td>( 6000 + 1100 + 1020 + 960  + 900 + 840 + ((AREA-1000) * 7.2) ) / 2</td>\n        </tr>\n    \n        <tr>\n            <td>1500.00</td>\n            <td>2000.00</td>\n            <td>( 6000 + 1100 + 1020 + 960  + 900 + 840 +  3600 + ((AREA-1500) * 6.6) ) / 2</td>\n        </tr>\n    \n        <tr>\n            <td>2000.00</td>\n            <td>3000.00</td>\n            <td>( 6000 + 1100 + 1020 + 960  + 900 + 840 +  3600 + 3300 + ((AREA-2000) * 6) ) / 2</td>\n        </tr>\n    \n        <tr>\n            <td>3000.00</td>\n            <td></td>\n            <td>( 6000 + 1100 + 1020 + 960  + 900 + 840 +  3600 + 3300 + 6000 + ((AREA-3000) * 5) ) / 2</td>\n        </tr>\n    \n</table>', 'range', NULL, NULL, NULL, '[[to:500.00,value:\"( AREA * 12 ) / 2\",from:0],[to:600.00,value:\"( 6000 + ((AREA-500) * 11) ) / 2\",from:500.00],[to:700.00,value:\"( 6000 + 1100 + ((AREA-600) * 10.20) ) / 2\",from:600.00],[to:800.00,value:\"( 6000 + 1100 + 1020 + ((AREA-700) * 9.60)  ) / 2\",from:700.00],[to:900.00,value:\"( 6000 + 1100 + 1020 + 960 + ((AREA-800) * 9) ) / 2\",from:800.00],[to:1000.00,value:\"( 6000 + 1100 + 1020 + 960  + 900 + ((AREA-900) * 8.40) ) / 2\",from:900.00],[to:1500.00,value:\"( 6000 + 1100 + 1020 + 960  + 900 + 840 + ((AREA-1000) * 7.2) ) / 2\",from:1000.00],[to:2000.00,value:\"( 6000 + 1100 + 1020 + 960  + 900 + 840 +  3600 + ((AREA-1500) * 6.6) ) / 2\",from:1500.00],[to:3000.00,value:\"( 6000 + 1100 + 1020 + 960  + 900 + 840 +  3600 + 3300 + ((AREA-2000) * 6) ) / 2\",from:2000.00],[value:\"( 6000 + 1100 + 1020 + 960  + 900 + 840 +  3600 + 3300 + 6000 + ((AREA-3000) * 5) ) / 2\",from:3000.00]]', NULL, 1);
INSERT INTO `sys_rule_action_param` VALUES ('RAP6ad88b42:15bf25a2e71:-7fe5', 'RA6ad88b42:15bf25a2e71:-7fe6', 'treasury.actions.UpdateBillItemAmount.amount', NULL, NULL, 'RCONST-2fbca757:15bf25c4add:-6694', 'AREA', '<table border=\"1\" cellpadding=\"1\" cellspacing=\"0\">\n    <tr>\n        <td colspan=\"3\">Use Variable: AREA</td>\n    </tr>\n    \n        <tr>\n            <th>Greater than</th>\n            <th>Less than or equal to</th>\n            <th>Formula</th>\n        </tr>\n    \n    \n    \n        <tr>\n            <td></td>\n            <td>500.00</td>\n            <td>( AREA * 23 ) / 2</td>\n        </tr>\n    \n        <tr>\n            <td>500.00</td>\n            <td>600.00</td>\n            <td>( 11500 + ((AREA-500) * 22) ) / 2</td>\n        </tr>\n    \n        <tr>\n            <td>600.00</td>\n            <td>700.00</td>\n            <td>( 11500 + 2200 + ((AREA-600) * 20.50) ) / 2</td>\n        </tr>\n    \n        <tr>\n            <td>700.00</td>\n            <td>800.00</td>\n            <td>( 11500 + 2200 + 2050 + ((AREA-700) * 19.50) ) / 2</td>\n        </tr>\n    \n        <tr>\n            <td>800.00</td>\n            <td>900.00</td>\n            <td>( 11500 + 2200 + 2050 + 1950 + ((AREA-800) * 18) ) / 2</td>\n        </tr>\n    \n        <tr>\n            <td>900.00</td>\n            <td>1000.00</td>\n            <td>( 11500 + 2200 + 2050 + 1950 + 1800 + ((AREA-900) * 17) ) / 2</td>\n        </tr>\n    \n        <tr>\n            <td>1000.00</td>\n            <td>1500.00</td>\n            <td>( 11500 + 2200 + 2050 + 1950 + 1800 + 1700 + ((AREA-1000) * 16) ) / 2</td>\n        </tr>\n    \n        <tr>\n            <td>1500.00</td>\n            <td>2000.00</td>\n            <td>( 11500 + 2200 + 2050 + 1950 + 1800 + 1700 + 8000 + ((AREA-1500) * 15) ) / 2</td>\n        </tr>\n    \n        <tr>\n            <td>2000.00</td>\n            <td>3000.00</td>\n            <td>( 11500 + 2200 + 2050 + 1950 + 1800 + 1700 + 8000 + 7500 + ((AREA-2000) * 14) ) / 2</td>\n        </tr>\n    \n        <tr>\n            <td>3000.00</td>\n            <td></td>\n            <td>( 11500 + 2200 + 2050 + 1950 + 1800 + 1700 + 8000 + 7500 + 14000 + ((AREA-3000) * 12) ) / 2</td>\n        </tr>\n    \n</table>', 'range', NULL, NULL, NULL, '[[to:500.00,value:\"( AREA * 23 ) / 2\",from:0],[to:600.00,value:\"( 11500 + ((AREA-500) * 22) ) / 2\",from:500.00],[to:700.00,value:\"( 11500 + 2200 + ((AREA-600) * 20.50) ) / 2\",from:600.00],[to:800.00,value:\"( 11500 + 2200 + 2050 + ((AREA-700) * 19.50) ) / 2\",from:700.00],[to:900.00,value:\"( 11500 + 2200 + 2050 + 1950 + ((AREA-800) * 18) ) / 2\",from:800.00],[to:1000.00,value:\"( 11500 + 2200 + 2050 + 1950 + 1800 + ((AREA-900) * 17) ) / 2\",from:900.00],[to:1500.00,value:\"( 11500 + 2200 + 2050 + 1950 + 1800 + 1700 + ((AREA-1000) * 16) ) / 2\",from:1000.00],[to:2000.00,value:\"( 11500 + 2200 + 2050 + 1950 + 1800 + 1700 + 8000 + ((AREA-1500) * 15) ) / 2\",from:1500.00],[to:3000.00,value:\"( 11500 + 2200 + 2050 + 1950 + 1800 + 1700 + 8000 + 7500 + ((AREA-2000) * 14) ) / 2\",from:2000.00],[value:\"( 11500 + 2200 + 2050 + 1950 + 1800 + 1700 + 8000 + 7500 + 14000 + ((AREA-3000) * 12) ) / 2\",from:3000.00]]', NULL, 1);
INSERT INTO `sys_rule_action_param` VALUES ('RAP73b3316:15bf60d669e:-7f89', 'RA73b3316:15bf60d669e:-7f8c', 'treasury.actions.UpdateBillItemAmount.amount', NULL, NULL, NULL, NULL, 'Math.ceil( SQM ) * 52', 'expression', NULL, NULL, NULL, NULL, NULL, NULL);
INSERT INTO `sys_rule_action_param` VALUES ('RAP73b3316:15bf60d669e:-7f8a', 'RA73b3316:15bf60d669e:-7f8c', 'treasury.actions.UpdateBillItemAmount.type', NULL, NULL, NULL, NULL, NULL, NULL, NULL, NULL, NULL, NULL, 'ADD', NULL);
INSERT INTO `sys_rule_action_param` VALUES ('RAP73b3316:15bf60d669e:-7f8b', 'RA73b3316:15bf60d669e:-7f8c', 'treasury.actions.UpdateBillItemAmount.billitem', NULL, NULL, 'RC73b3316:15bf60d669e:-7f94', 'BILLITEM', NULL, NULL, NULL, NULL, NULL, NULL, NULL, NULL);
INSERT INTO `sys_rule_action_param` VALUES ('RAP73b3316:15bf60d669e:-7f95', 'RA73b3316:15bf60d669e:-7f98', 'treasury.actions.UpdateBillItemAmount.billitem', NULL, NULL, 'RC73b3316:15bf60d669e:-7f9a', 'BILLITEM', NULL, NULL, NULL, NULL, NULL, NULL, NULL, NULL);
INSERT INTO `sys_rule_action_param` VALUES ('RAP73b3316:15bf60d669e:-7f96', 'RA73b3316:15bf60d669e:-7f98', 'treasury.actions.UpdateBillItemAmount.type', NULL, NULL, NULL, NULL, NULL, NULL, NULL, NULL, NULL, NULL, 'ADD', NULL);
INSERT INTO `sys_rule_action_param` VALUES ('RAP73b3316:15bf60d669e:-7f97', 'RA73b3316:15bf60d669e:-7f98', 'treasury.actions.UpdateBillItemAmount.amount', NULL, NULL, NULL, NULL, 'Math.ceil( SQM ) * 24', 'expression', NULL, NULL, NULL, NULL, NULL, NULL);
INSERT INTO `sys_rule_action_param` VALUES ('RAP73b3316:15bf60d669e:-7fb9', 'RA73b3316:15bf60d669e:-7fbc', 'treasury.actions.UpdateBillItemAmount.amount', NULL, NULL, NULL, NULL, 'Math.ceil( SQM ) * 36', 'expression', NULL, NULL, NULL, NULL, NULL, NULL);
INSERT INTO `sys_rule_action_param` VALUES ('RAP73b3316:15bf60d669e:-7fba', 'RA73b3316:15bf60d669e:-7fbc', 'treasury.actions.UpdateBillItemAmount.type', NULL, NULL, NULL, NULL, NULL, NULL, NULL, NULL, NULL, NULL, 'ADD', NULL);
INSERT INTO `sys_rule_action_param` VALUES ('RAP73b3316:15bf60d669e:-7fbb', 'RA73b3316:15bf60d669e:-7fbc', 'treasury.actions.UpdateBillItemAmount.billitem', NULL, NULL, 'RC73b3316:15bf60d669e:-7fc4', 'BILLITEM', NULL, NULL, NULL, NULL, NULL, NULL, NULL, NULL);
INSERT INTO `sys_rule_action_param` VALUES ('RAP73b3316:15bf60d669e:-7fd1', 'RA73b3316:15bf60d669e:-7fd4', 'treasury.actions.UpdateBillItemAmount.billitem', NULL, NULL, 'RC73b3316:15bf60d669e:-7fd6', 'BILLITEM', NULL, NULL, NULL, NULL, NULL, NULL, NULL, NULL);
INSERT INTO `sys_rule_action_param` VALUES ('RAP73b3316:15bf60d669e:-7fd2', 'RA73b3316:15bf60d669e:-7fd4', 'treasury.actions.UpdateBillItemAmount.type', NULL, NULL, NULL, NULL, NULL, NULL, NULL, NULL, NULL, NULL, 'ADD', NULL);
INSERT INTO `sys_rule_action_param` VALUES ('RAP73b3316:15bf60d669e:-7fd3', 'RA73b3316:15bf60d669e:-7fd4', 'treasury.actions.UpdateBillItemAmount.amount', NULL, NULL, NULL, NULL, 'Math.ceil( SQM ) * 9.6', 'expression', NULL, NULL, NULL, NULL, NULL, NULL);
INSERT INTO `sys_rule_action_param` VALUES ('RAP73b3316:15bf60d669e:-7fdd', 'RA73b3316:15bf60d669e:-7fe0', 'treasury.actions.UpdateBillItemAmount.billitem', NULL, NULL, 'RC73b3316:15bf60d669e:-7fe2', 'BILLITEM', NULL, NULL, NULL, NULL, NULL, NULL, NULL, NULL);
INSERT INTO `sys_rule_action_param` VALUES ('RAP73b3316:15bf60d669e:-7fde', 'RA73b3316:15bf60d669e:-7fe0', 'treasury.actions.UpdateBillItemAmount.type', NULL, NULL, NULL, NULL, NULL, NULL, NULL, NULL, NULL, NULL, 'ADD', NULL);
INSERT INTO `sys_rule_action_param` VALUES ('RAP73b3316:15bf60d669e:-7fdf', 'RA73b3316:15bf60d669e:-7fe0', 'treasury.actions.UpdateBillItemAmount.amount', NULL, NULL, NULL, NULL, 'Math.ceil( SQM ) * 15', 'expression', NULL, NULL, NULL, NULL, NULL, NULL);
INSERT INTO `sys_rule_action_param` VALUES ('RAP73b3316:15bf60d669e:-7fe9', 'RA73b3316:15bf60d669e:-7fec', 'treasury.actions.UpdateBillItemAmount.billitem', NULL, NULL, 'RC73b3316:15bf60d669e:-7fee', 'BILLITEM', NULL, NULL, NULL, NULL, NULL, NULL, NULL, NULL);
INSERT INTO `sys_rule_action_param` VALUES ('RAP73b3316:15bf60d669e:-7fea', 'RA73b3316:15bf60d669e:-7fec', 'treasury.actions.UpdateBillItemAmount.type', NULL, NULL, NULL, NULL, NULL, NULL, NULL, NULL, NULL, NULL, 'ADD', NULL);
INSERT INTO `sys_rule_action_param` VALUES ('RAP73b3316:15bf60d669e:-7feb', 'RA73b3316:15bf60d669e:-7fec', 'treasury.actions.UpdateBillItemAmount.amount', NULL, NULL, NULL, NULL, 'Math.ceil( SQM ) * 24', 'expression', NULL, NULL, NULL, NULL, NULL, NULL);
INSERT INTO `sys_rule_action_param` VALUES ('RAP7a7a989e:15b22fce173:-7fb9', 'RA7a7a989e:15b22fce173:-7fbc', 'treasury.actions.UpdateBillItemAmount.billitem', NULL, NULL, 'RC7a7a989e:15b22fce173:-7fc2', 'BILLITEM', NULL, NULL, NULL, NULL, NULL, NULL, NULL, NULL);
INSERT INTO `sys_rule_action_param` VALUES ('RAP7a7a989e:15b22fce173:-7fba', 'RA7a7a989e:15b22fce173:-7fbc', 'treasury.actions.UpdateBillItemAmount.type', NULL, NULL, NULL, NULL, NULL, NULL, NULL, NULL, NULL, NULL, 'ADD', NULL);
INSERT INTO `sys_rule_action_param` VALUES ('RAP7a7a989e:15b22fce173:-7fbb', 'RA7a7a989e:15b22fce173:-7fbc', 'treasury.actions.UpdateBillItemAmount.amount', NULL, NULL, NULL, NULL, 'UNIT  * (30 + 12)', 'expression', NULL, NULL, NULL, NULL, NULL, NULL);
INSERT INTO `sys_rule_action_param` VALUES ('RAP7a7a989e:15b22fce173:-7fc3', 'RA7a7a989e:15b22fce173:-7fc6', 'treasury.actions.UpdateBillItemAmount.billitem', NULL, NULL, 'RC7a7a989e:15b22fce173:-7fcc', 'BILLITEM', NULL, NULL, NULL, NULL, NULL, NULL, NULL, NULL);
INSERT INTO `sys_rule_action_param` VALUES ('RAP7a7a989e:15b22fce173:-7fc4', 'RA7a7a989e:15b22fce173:-7fc6', 'treasury.actions.UpdateBillItemAmount.type', NULL, NULL, NULL, NULL, NULL, NULL, NULL, NULL, NULL, NULL, 'ADD', NULL);
INSERT INTO `sys_rule_action_param` VALUES ('RAP7a7a989e:15b22fce173:-7fc5', 'RA7a7a989e:15b22fce173:-7fc6', 'treasury.actions.UpdateBillItemAmount.amount', NULL, NULL, NULL, NULL, 'UNIT *  (60 + 36 )', 'expression', NULL, NULL, NULL, NULL, NULL, NULL);
INSERT INTO `sys_rule_action_param` VALUES ('RAP7a7a989e:15b22fce173:-7fcd', 'RA7a7a989e:15b22fce173:-7fd0', 'treasury.actions.UpdateBillItemAmount.billitem', NULL, NULL, 'RC7a7a989e:15b22fce173:-7fd6', 'BILLITEM', NULL, NULL, NULL, NULL, NULL, NULL, NULL, NULL);
INSERT INTO `sys_rule_action_param` VALUES ('RAP7a7a989e:15b22fce173:-7fce', 'RA7a7a989e:15b22fce173:-7fd0', 'treasury.actions.UpdateBillItemAmount.type', NULL, NULL, NULL, NULL, NULL, NULL, NULL, NULL, NULL, NULL, 'ADD', NULL);
INSERT INTO `sys_rule_action_param` VALUES ('RAP7a7a989e:15b22fce173:-7fcf', 'RA7a7a989e:15b22fce173:-7fd0', 'treasury.actions.UpdateBillItemAmount.amount', NULL, NULL, NULL, NULL, 'NUM_METER * ( 15 + 15 )', 'expression', NULL, NULL, NULL, NULL, NULL, NULL);
INSERT INTO `sys_rule_action_param` VALUES ('RAP7a7a989e:15b22fce173:-7feb', 'RA7a7a989e:15b22fce173:-7fee', 'treasury.actions.UpdateBillItemAmount.billitem', NULL, NULL, 'RC7a7a989e:15b22fce173:-7ff2', 'BILLITEM', NULL, NULL, NULL, NULL, NULL, NULL, NULL, NULL);
INSERT INTO `sys_rule_action_param` VALUES ('RAP7a7a989e:15b22fce173:-7fec', 'RA7a7a989e:15b22fce173:-7fee', 'treasury.actions.UpdateBillItemAmount.type', NULL, NULL, NULL, NULL, NULL, NULL, NULL, NULL, NULL, NULL, 'ADD', NULL);
INSERT INTO `sys_rule_action_param` VALUES ('RAP7a7a989e:15b22fce173:-7fed', 'RA7a7a989e:15b22fce173:-7fee', 'treasury.actions.UpdateBillItemAmount.amount', NULL, NULL, NULL, NULL, 'UNIT * 30', 'expression', NULL, NULL, NULL, NULL, NULL, NULL);
INSERT INTO `sys_rule_action_param` VALUES ('RULACT-108b4192:15b3d234d5c:-6d9d', 'RACT-108b4192:15b3d234d5c:-6da0', 'treasury.actions.UpdateBillItemAmount.amount', NULL, NULL, NULL, NULL, 'Math.ceil( CUM ) * 60', 'expression', NULL, NULL, NULL, NULL, NULL, NULL);
INSERT INTO `sys_rule_action_param` VALUES ('RULACT-108b4192:15b3d234d5c:-6d9e', 'RACT-108b4192:15b3d234d5c:-6da0', 'treasury.actions.UpdateBillItemAmount.type', NULL, NULL, NULL, NULL, NULL, NULL, NULL, NULL, NULL, NULL, 'ADD', NULL);
INSERT INTO `sys_rule_action_param` VALUES ('RULACT-108b4192:15b3d234d5c:-6d9f', 'RACT-108b4192:15b3d234d5c:-6da0', 'treasury.actions.UpdateBillItemAmount.billitem', NULL, NULL, 'RCOND-108b4192:15b3d234d5c:-6f02', 'BILLITEM', NULL, NULL, NULL, NULL, NULL, NULL, NULL, NULL);
INSERT INTO `sys_rule_action_param` VALUES ('RULACT-108b4192:15b3d234d5c:-70d3', 'RACT-108b4192:15b3d234d5c:-70d6', 'treasury.actions.UpdateBillItemAmount.amount', NULL, NULL, 'RCONST-108b4192:15b3d234d5c:-713a', 'KW', '<table border=\"1\" cellpadding=\"1\" cellspacing=\"0\">\n    <tr>\n        <td colspan=\"3\">Use Variable: KW</td>\n    </tr>\n    \n        <tr>\n            <th>Greater than</th>\n            <th>Less than or equal to</th>\n            <th>Formula</th>\n        </tr>\n    \n    \n    \n        <tr>\n            <td></td>\n            <td>50.00</td>\n            <td>KW * 10</td>\n        </tr>\n    \n        <tr>\n            <td>50.00</td>\n            <td>100.00</td>\n            <td>500 + ((KW-50)*12)</td>\n        </tr>\n    \n        <tr>\n            <td>100.00</td>\n            <td></td>\n            <td>1100 + ((KW-100)*3)</td>\n        </tr>\n    \n</table>', 'range', NULL, NULL, NULL, '[[to:50.00,value:\"KW * 10\",from:0],[to:100.00,value:\"500 + ((KW-50)*12)\",from:50.00],[value:\"1100 + ((KW-100)*3)\",from:100.00]]', NULL, 1);
INSERT INTO `sys_rule_action_param` VALUES ('RULACT-108b4192:15b3d234d5c:-70d4', 'RACT-108b4192:15b3d234d5c:-70d6', 'treasury.actions.UpdateBillItemAmount.type', NULL, NULL, NULL, NULL, NULL, NULL, NULL, NULL, NULL, NULL, 'ADD', NULL);
INSERT INTO `sys_rule_action_param` VALUES ('RULACT-108b4192:15b3d234d5c:-70d5', 'RACT-108b4192:15b3d234d5c:-70d6', 'treasury.actions.UpdateBillItemAmount.billitem', NULL, NULL, 'RCOND-108b4192:15b3d234d5c:-71fc', 'BILLITEM', NULL, NULL, NULL, NULL, NULL, NULL, NULL, NULL);
INSERT INTO `sys_rule_action_param` VALUES ('RULACT-108b4192:15b3d234d5c:-7842', 'RACT-108b4192:15b3d234d5c:-7845', 'treasury.actions.UpdateBillItemAmount.amount', NULL, NULL, NULL, NULL, 'UNIT * 100', 'expression', NULL, NULL, NULL, NULL, NULL, NULL);
INSERT INTO `sys_rule_action_param` VALUES ('RULACT-108b4192:15b3d234d5c:-7843', 'RACT-108b4192:15b3d234d5c:-7845', 'treasury.actions.UpdateBillItemAmount.type', NULL, NULL, NULL, NULL, NULL, NULL, NULL, NULL, NULL, NULL, 'ADD', NULL);
INSERT INTO `sys_rule_action_param` VALUES ('RULACT-108b4192:15b3d234d5c:-7844', 'RACT-108b4192:15b3d234d5c:-7845', 'treasury.actions.UpdateBillItemAmount.billitem', NULL, NULL, 'RCOND-108b4192:15b3d234d5c:-7989', 'BILLITEM', NULL, NULL, NULL, NULL, NULL, NULL, NULL, NULL);
INSERT INTO `sys_rule_action_param` VALUES ('RULACT-108b4192:15b3d234d5c:-7a83', 'RACT-108b4192:15b3d234d5c:-7a86', 'treasury.actions.UpdateBillItemAmount.amount', NULL, NULL, NULL, NULL, 'OUTLET * 20', 'expression', NULL, NULL, NULL, NULL, NULL, NULL);
INSERT INTO `sys_rule_action_param` VALUES ('RULACT-108b4192:15b3d234d5c:-7a84', 'RACT-108b4192:15b3d234d5c:-7a86', 'treasury.actions.UpdateBillItemAmount.type', NULL, NULL, NULL, NULL, NULL, NULL, NULL, NULL, NULL, NULL, 'ADD', NULL);
INSERT INTO `sys_rule_action_param` VALUES ('RULACT-108b4192:15b3d234d5c:-7a85', 'RACT-108b4192:15b3d234d5c:-7a86', 'treasury.actions.UpdateBillItemAmount.billitem', NULL, NULL, 'RCOND-108b4192:15b3d234d5c:-7bb0', 'BILLITEM', NULL, NULL, NULL, NULL, NULL, NULL, NULL, NULL);
INSERT INTO `sys_rule_action_param` VALUES ('RULACT-108b4192:15b3d234d5c:-7e5b', 'RACT-108b4192:15b3d234d5c:-7e5e', 'treasury.actions.UpdateBillItemAmount.amount', NULL, NULL, 'RCONST36ece640:15b3cf0a031:-7667', 'KW', '<table border=\"1\" cellpadding=\"1\" cellspacing=\"0\">\n    <tr>\n        <td colspan=\"3\">Use Variable: KW</td>\n    </tr>\n    \n        <tr>\n            <th>Greater than</th>\n            <th>Less than or equal to</th>\n            <th>Formula</th>\n        </tr>\n    \n    \n    \n        <tr>\n            <td></td>\n            <td>50.00</td>\n            <td>25 * KW</td>\n        </tr>\n    \n        <tr>\n            <td>50.00</td>\n            <td>100.00</td>\n            <td>1250 + (( KW-50) * 20)</td>\n        </tr>\n    \n        <tr>\n            <td>100.00</td>\n            <td></td>\n            <td>2250 + ((KW-100) * 3)</td>\n        </tr>\n    \n</table>', 'range', NULL, NULL, NULL, '[[to:50.00,value:\"25 * KW\",from:0],[to:100.00,value:\"1250 + (( KW-50) * 20)\",from:50.00],[value:\"2250 + ((KW-100) * 3)\",from:100.00]]', NULL, 1);
INSERT INTO `sys_rule_action_param` VALUES ('RULACT-108b4192:15b3d234d5c:-7e5c', 'RACT-108b4192:15b3d234d5c:-7e5e', 'treasury.actions.UpdateBillItemAmount.type', NULL, NULL, NULL, NULL, NULL, NULL, NULL, NULL, NULL, NULL, 'ADD', NULL);
INSERT INTO `sys_rule_action_param` VALUES ('RULACT-108b4192:15b3d234d5c:-7e5d', 'RACT-108b4192:15b3d234d5c:-7e5e', 'treasury.actions.UpdateBillItemAmount.billitem', NULL, NULL, 'RCOND36ece640:15b3cf0a031:-774c', 'BILLITEM', NULL, NULL, NULL, NULL, NULL, NULL, NULL, NULL);
INSERT INTO `sys_rule_action_param` VALUES ('RULACT-130f43a2:15b805032ec:-7977', 'RACT-130f43a2:15b805032ec:-797a', 'treasury.actions.AddBillItem.txntype', NULL, NULL, NULL, NULL, NULL, NULL, NULL, 'MECHANICAL_INSPECTION', 'MECHANICAL INSPECTION FEE', NULL, NULL, NULL);
INSERT INTO `sys_rule_action_param` VALUES ('RULACT-130f43a2:15b805032ec:-7978', 'RACT-130f43a2:15b805032ec:-797a', 'treasury.actions.AddBillItem.amount', NULL, NULL, NULL, NULL, '0', 'expression', NULL, NULL, NULL, NULL, NULL, NULL);
INSERT INTO `sys_rule_action_param` VALUES ('RULACT-130f43a2:15b805032ec:-7979', 'RACT-130f43a2:15b805032ec:-797a', 'treasury.actions.AddBillItem.account', NULL, NULL, NULL, NULL, NULL, NULL, NULL, 'REVITEM599d106f:140a39fc366:-7cbe', 'MECHANICAL INSPECTION FEE', NULL, NULL, NULL);
INSERT INTO `sys_rule_action_param` VALUES ('RULACT-130f43a2:15b805032ec:-7af0', 'RACT-130f43a2:15b805032ec:-7af3', 'treasury.actions.AddBillItem.txntype', NULL, NULL, NULL, NULL, NULL, NULL, NULL, 'ELECTRICAL_INSPECTION', 'ELECTRICAL INSPECTION FEE', NULL, NULL, NULL);
INSERT INTO `sys_rule_action_param` VALUES ('RULACT-130f43a2:15b805032ec:-7af1', 'RACT-130f43a2:15b805032ec:-7af3', 'treasury.actions.AddBillItem.amount', NULL, NULL, NULL, NULL, '0', 'expression', NULL, NULL, NULL, NULL, NULL, NULL);
INSERT INTO `sys_rule_action_param` VALUES ('RULACT-130f43a2:15b805032ec:-7af2', 'RACT-130f43a2:15b805032ec:-7af3', 'treasury.actions.AddBillItem.account', NULL, NULL, NULL, NULL, NULL, NULL, NULL, 'ITMACCT-45a00793:15b5125428a:-79e7', 'ELECTRIC INSPECTION FEE', NULL, NULL, NULL);
INSERT INTO `sys_rule_action_param` VALUES ('RULACT-13ef5da5:16a2fc4602f:-7c22', 'RA604f6df3:15b197ab5de:-7fe8', 'treasury.actions.AddBillItem.billcode', NULL, NULL, NULL, NULL, NULL, NULL, NULL, 'BUILDING_PERMIT_FEE', 'BUILDING PERMIT FEE', NULL, NULL, NULL);
INSERT INTO `sys_rule_action_param` VALUES ('RULACT-13ef5da5:16a2fc4602f:-7cbf', 'RACT-46ef70e6:15b192ccb94:-7cc2', 'treasury.actions.AddBillItem.billcode', NULL, NULL, NULL, NULL, NULL, NULL, NULL, 'BUILDING_PERMIT_FEE', 'BUILDING PERMIT FEE', NULL, NULL, NULL);
INSERT INTO `sys_rule_action_param` VALUES ('RULACT-13ef5da5:16a2fc4602f:-7d92', 'RACT-24f6e11b:15b6c092725:-7e7c', 'treasury.actions.AddBillItem.billcode', NULL, NULL, NULL, NULL, NULL, NULL, NULL, 'PLUMBING_FEE', 'PLUMBING FEE', NULL, NULL, NULL);
INSERT INTO `sys_rule_action_param` VALUES ('RULACT-181817d3:15bf4e3b890:-1204', 'RACT-181817d3:15bf4e3b890:-1207', 'treasury.actions.UpdateBillItemAmount.amount', NULL, NULL, NULL, NULL, 'Math.ceil( SQM ) * 36', 'expression', NULL, NULL, NULL, NULL, NULL, NULL);
INSERT INTO `sys_rule_action_param` VALUES ('RULACT-181817d3:15bf4e3b890:-1205', 'RACT-181817d3:15bf4e3b890:-1207', 'treasury.actions.UpdateBillItemAmount.type', NULL, NULL, NULL, NULL, NULL, NULL, NULL, NULL, NULL, NULL, 'ADD', NULL);
INSERT INTO `sys_rule_action_param` VALUES ('RULACT-181817d3:15bf4e3b890:-1206', 'RACT-181817d3:15bf4e3b890:-1207', 'treasury.actions.UpdateBillItemAmount.billitem', NULL, NULL, 'RCOND-181817d3:15bf4e3b890:-147b', 'BILLITEM', NULL, NULL, NULL, NULL, NULL, NULL, NULL, NULL);
INSERT INTO `sys_rule_action_param` VALUES ('RULACT-181817d3:15bf4e3b890:-183e', 'RACT-181817d3:15bf4e3b890:-1841', 'treasury.actions.UpdateBillItemAmount.amount', NULL, NULL, 'RCONST-181817d3:15bf4e3b890:-18d7', 'SQM', '<table border=\"1\" cellpadding=\"1\" cellspacing=\"0\">\n    <tr>\n        <td colspan=\"3\">Use Variable: SQM</td>\n    </tr>\n    \n        <tr>\n            <th>Greater than</th>\n            <th>Less than or equal to</th>\n            <th>Formula</th>\n        </tr>\n    \n    \n    \n        <tr>\n            <td></td>\n            <td>4.00</td>\n            <td>120</td>\n        </tr>\n    \n        <tr>\n            <td>4.00</td>\n            <td></td>\n            <td>120 + ( Math.ceil( SQM - 4) * 24 )</td>\n        </tr>\n    \n</table>', 'range', NULL, NULL, NULL, '[[to:4.00,value:\"120\",from:0],[value:\"120 + ( Math.ceil( SQM - 4) * 24 )\",from:4.00]]', NULL, 1);
INSERT INTO `sys_rule_action_param` VALUES ('RULACT-181817d3:15bf4e3b890:-183f', 'RACT-181817d3:15bf4e3b890:-1841', 'treasury.actions.UpdateBillItemAmount.type', NULL, NULL, NULL, NULL, NULL, NULL, NULL, NULL, NULL, NULL, 'ADD', NULL);
INSERT INTO `sys_rule_action_param` VALUES ('RULACT-181817d3:15bf4e3b890:-1840', 'RACT-181817d3:15bf4e3b890:-1841', 'treasury.actions.UpdateBillItemAmount.billitem', NULL, NULL, 'RCOND-181817d3:15bf4e3b890:-19c4', 'BILLITEM', NULL, NULL, NULL, NULL, NULL, NULL, NULL, NULL);
INSERT INTO `sys_rule_action_param` VALUES ('RULACT-181817d3:15bf4e3b890:-1b48', 'RACT-181817d3:15bf4e3b890:-1b4b', 'treasury.actions.UpdateBillItemAmount.amount', NULL, NULL, 'RCONST-181817d3:15bf4e3b890:-1c52', 'LNM', '<table border=\"1\" cellpadding=\"1\" cellspacing=\"0\">\n    <tr>\n        <td colspan=\"3\">Use Variable: LNM</td>\n    </tr>\n    \n        <tr>\n            <th>Greater than</th>\n            <th>Less than or equal to</th>\n            <th>Formula</th>\n        </tr>\n    \n    \n    \n        <tr>\n            <td></td>\n            <td>10.00</td>\n            <td>150</td>\n        </tr>\n    \n        <tr>\n            <td>10.00</td>\n            <td></td>\n            <td>150 + ( Math.ceil( LNM-10) * 12)</td>\n        </tr>\n    \n</table>', 'range', NULL, NULL, NULL, '[[to:10.00,value:\"150\",from:0],[value:\"150 + ( Math.ceil( LNM-10) * 12)\",from:10.00]]', NULL, 1);
INSERT INTO `sys_rule_action_param` VALUES ('RULACT-181817d3:15bf4e3b890:-1b49', 'RACT-181817d3:15bf4e3b890:-1b4b', 'treasury.actions.UpdateBillItemAmount.type', NULL, NULL, NULL, NULL, NULL, NULL, NULL, NULL, NULL, NULL, 'ADD', NULL);
INSERT INTO `sys_rule_action_param` VALUES ('RULACT-181817d3:15bf4e3b890:-1b4a', 'RACT-181817d3:15bf4e3b890:-1b4b', 'treasury.actions.UpdateBillItemAmount.billitem', NULL, NULL, 'RCOND-181817d3:15bf4e3b890:-1bde', 'BILLITEM', NULL, NULL, NULL, NULL, NULL, NULL, NULL, NULL);
INSERT INTO `sys_rule_action_param` VALUES ('RULACT-181817d3:15bf4e3b890:-1f5c', 'RACT-181817d3:15bf4e3b890:-1f5f', 'treasury.actions.UpdateBillItemAmount.amount', NULL, NULL, NULL, NULL, 'if ( SQM <= 20 ) {\n    return 240 * MONTHS;\n};\nelse {\n    return ( 240 +  (Math.ceil( SQM - 20 ) * 12) ) * MONTHS;\n};', 'expression', NULL, NULL, NULL, NULL, NULL, NULL);
INSERT INTO `sys_rule_action_param` VALUES ('RULACT-181817d3:15bf4e3b890:-1f5d', 'RACT-181817d3:15bf4e3b890:-1f5f', 'treasury.actions.UpdateBillItemAmount.type', NULL, NULL, NULL, NULL, NULL, NULL, NULL, NULL, NULL, NULL, 'ADD', NULL);
INSERT INTO `sys_rule_action_param` VALUES ('RULACT-181817d3:15bf4e3b890:-1f5e', 'RACT-181817d3:15bf4e3b890:-1f5f', 'treasury.actions.UpdateBillItemAmount.billitem', NULL, NULL, 'RCOND-181817d3:15bf4e3b890:-2178', 'BILLITEM', NULL, NULL, NULL, NULL, NULL, NULL, NULL, NULL);
INSERT INTO `sys_rule_action_param` VALUES ('RULACT-181817d3:15bf4e3b890:-22c5', 'RACT-181817d3:15bf4e3b890:-22c7', '-9c88384:15b1cf68850:-7ff2', NULL, NULL, NULL, NULL, '1', 'expression', NULL, NULL, NULL, NULL, NULL, NULL);
INSERT INTO `sys_rule_action_param` VALUES ('RULACT-181817d3:15bf4e3b890:-22c6', 'RACT-181817d3:15bf4e3b890:-22c7', '-9c88384:15b1cf68850:-7ff3', NULL, NULL, NULL, NULL, NULL, NULL, NULL, 'ASK_NUM_MONTH_FOR_USE_OF_STREET', 'ASK_NUM_MONTH_FOR_USE_OF_STREET', NULL, NULL, NULL);
INSERT INTO `sys_rule_action_param` VALUES ('RULACT-181817d3:15bf4e3b890:-25c6', 'RACT-181817d3:15bf4e3b890:-25c9', 'treasury.actions.UpdateBillItemAmount.amount', NULL, NULL, 'RCONST-181817d3:15bf4e3b890:-264b', 'SQM', '<table border=\"1\" cellpadding=\"1\" cellspacing=\"0\">\n    <tr>\n        <td colspan=\"3\">Use Variable: SQM</td>\n    </tr>\n    \n        <tr>\n            <th>Greater than</th>\n            <th>Less than or equal to</th>\n            <th>Formula</th>\n        </tr>\n    \n    \n    \n        <tr>\n            <td></td>\n            <td>20.00</td>\n            <td>24</td>\n        </tr>\n    \n        <tr>\n            <td>20.00</td>\n            <td></td>\n            <td>24 +  ( Math.ceil( SQM-20 ) *  3 )</td>\n        </tr>\n    \n</table>', 'range', NULL, NULL, NULL, '[[to:20.00,value:\"24\",from:0],[value:\"24 +  ( Math.ceil( SQM-20 ) *  3 )\",from:20.00]]', NULL, 1);
INSERT INTO `sys_rule_action_param` VALUES ('RULACT-181817d3:15bf4e3b890:-25c7', 'RACT-181817d3:15bf4e3b890:-25c9', 'treasury.actions.UpdateBillItemAmount.type', NULL, NULL, NULL, NULL, NULL, NULL, NULL, NULL, NULL, NULL, 'ADD', NULL);
INSERT INTO `sys_rule_action_param` VALUES ('RULACT-181817d3:15bf4e3b890:-25c8', 'RACT-181817d3:15bf4e3b890:-25c9', 'treasury.actions.UpdateBillItemAmount.billitem', NULL, NULL, 'RCOND-181817d3:15bf4e3b890:-272c', 'BILLITEM', NULL, NULL, NULL, NULL, NULL, NULL, NULL, NULL);
INSERT INTO `sys_rule_action_param` VALUES ('RULACT-181817d3:15bf4e3b890:-2b60', 'RACT-181817d3:15bf4e3b890:-2b63', 'treasury.actions.UpdateBillItemAmount.amount', NULL, NULL, NULL, NULL, 'Math.ceil( LNM ) * 3', 'expression', NULL, NULL, NULL, NULL, NULL, NULL);
INSERT INTO `sys_rule_action_param` VALUES ('RULACT-181817d3:15bf4e3b890:-2b61', 'RACT-181817d3:15bf4e3b890:-2b63', 'treasury.actions.UpdateBillItemAmount.type', NULL, NULL, NULL, NULL, NULL, NULL, NULL, NULL, NULL, NULL, 'ADD', NULL);
INSERT INTO `sys_rule_action_param` VALUES ('RULACT-181817d3:15bf4e3b890:-2b62', 'RACT-181817d3:15bf4e3b890:-2b63', 'treasury.actions.UpdateBillItemAmount.billitem', NULL, NULL, 'RCOND-181817d3:15bf4e3b890:-2cb9', 'BILLITEM', NULL, NULL, NULL, NULL, NULL, NULL, NULL, NULL);
INSERT INTO `sys_rule_action_param` VALUES ('RULACT-181817d3:15bf4e3b890:-31d2', 'RACT-181817d3:15bf4e3b890:-31d5', 'treasury.actions.UpdateBillItemAmount.amount', NULL, NULL, NULL, NULL, 'CUM * 3', 'expression', NULL, NULL, NULL, NULL, NULL, NULL);
INSERT INTO `sys_rule_action_param` VALUES ('RULACT-181817d3:15bf4e3b890:-31d3', 'RACT-181817d3:15bf4e3b890:-31d5', 'treasury.actions.UpdateBillItemAmount.type', NULL, NULL, NULL, NULL, NULL, NULL, NULL, NULL, NULL, NULL, 'ADD', NULL);
INSERT INTO `sys_rule_action_param` VALUES ('RULACT-181817d3:15bf4e3b890:-31d4', 'RACT-181817d3:15bf4e3b890:-31d5', 'treasury.actions.UpdateBillItemAmount.billitem', NULL, NULL, 'RCOND-181817d3:15bf4e3b890:-3260', 'BILLITEM', NULL, NULL, NULL, NULL, NULL, NULL, NULL, NULL);
INSERT INTO `sys_rule_action_param` VALUES ('RULACT-181817d3:15bf4e3b890:-3821', 'RACT-181817d3:15bf4e3b890:-3824', 'treasury.actions.UpdateBillItemAmount.amount', NULL, NULL, 'RCONST-181817d3:15bf4e3b890:-38a0', 'METER', '<table border=\"1\" cellpadding=\"1\" cellspacing=\"0\">\n    <tr>\n        <td colspan=\"3\">Use Variable: METER</td>\n    </tr>\n    \n        <tr>\n            <th>Greater than</th>\n            <th>Less than or equal to</th>\n            <th>Formula</th>\n        </tr>\n    \n    \n    \n        <tr>\n            <td></td>\n            <td>10.00</td>\n            <td>24</td>\n        </tr>\n    \n        <tr>\n            <td>10.00</td>\n            <td></td>\n            <td>24 + ( Math.ceil( METER-10) * 2.40 )</td>\n        </tr>\n    \n</table>', 'range', NULL, NULL, NULL, '[[to:10.00,value:\"24\",from:0],[value:\"24 + ( Math.ceil( METER-10) * 2.40 )\",from:10.00]]', NULL, 1);
INSERT INTO `sys_rule_action_param` VALUES ('RULACT-181817d3:15bf4e3b890:-3822', 'RACT-181817d3:15bf4e3b890:-3824', 'treasury.actions.UpdateBillItemAmount.type', NULL, NULL, NULL, NULL, NULL, NULL, NULL, NULL, NULL, NULL, 'ADD', NULL);
INSERT INTO `sys_rule_action_param` VALUES ('RULACT-181817d3:15bf4e3b890:-3823', 'RACT-181817d3:15bf4e3b890:-3824', 'treasury.actions.UpdateBillItemAmount.billitem', NULL, NULL, 'RCOND-181817d3:15bf4e3b890:-3a97', 'BILLITEM', NULL, NULL, NULL, NULL, NULL, NULL, NULL, NULL);
INSERT INTO `sys_rule_action_param` VALUES ('RULACT-24f6e11b:15b6c092725:-7bd3', 'RACT-24f6e11b:15b6c092725:-7bd5', 'treasury.actions.AddBillItem.amount', NULL, NULL, NULL, NULL, '0', 'expression', NULL, NULL, NULL, NULL, NULL, NULL);
INSERT INTO `sys_rule_action_param` VALUES ('RULACT-24f6e11b:15b6c092725:-7dc8', 'RACT-24f6e11b:15b6c092725:-7dca', 'treasury.actions.AddBillItem.amount', NULL, NULL, NULL, NULL, '0', 'expression', NULL, NULL, NULL, NULL, NULL, NULL);
INSERT INTO `sys_rule_action_param` VALUES ('RULACT-24f6e11b:15b6c092725:-7e7a', 'RACT-24f6e11b:15b6c092725:-7e7c', 'treasury.actions.AddBillItem.amount', NULL, NULL, NULL, NULL, '0', 'expression', NULL, NULL, NULL, NULL, NULL, NULL);
INSERT INTO `sys_rule_action_param` VALUES ('RULACT-2fbca757:15bf25c4add:-75b4', 'RA6ad88b42:15bf25a2e71:-7fde', 'treasury.actions.UpdateBillItemAmount.type', NULL, NULL, NULL, NULL, NULL, NULL, NULL, NULL, NULL, NULL, 'ADD', NULL);
INSERT INTO `sys_rule_action_param` VALUES ('RULACT-2fbca757:15bf25c4add:-75b5', 'RA6ad88b42:15bf25a2e71:-7fde', 'treasury.actions.UpdateBillItemAmount.billitem', NULL, NULL, 'RCOND-2fbca757:15bf25c4add:-7625', 'BILLITEM', NULL, NULL, NULL, NULL, NULL, NULL, NULL, NULL);
INSERT INTO `sys_rule_action_param` VALUES ('RULACT-2fbca757:15bf25c4add:-769c', 'RA6ad88b42:15bf25a2e71:-7fe6', 'treasury.actions.UpdateBillItemAmount.type', NULL, NULL, NULL, NULL, NULL, NULL, NULL, NULL, NULL, NULL, 'ADD', NULL);
INSERT INTO `sys_rule_action_param` VALUES ('RULACT-2fbca757:15bf25c4add:-769d', 'RA6ad88b42:15bf25a2e71:-7fe6', 'treasury.actions.UpdateBillItemAmount.billitem', NULL, NULL, 'RCOND-2fbca757:15bf25c4add:-770f', 'BILLITEM', NULL, NULL, NULL, NULL, NULL, NULL, NULL, NULL);
INSERT INTO `sys_rule_action_param` VALUES ('RULACT-3de4e7f7:16a4494c865:-7e09', 'RACT59515aa4:16a3a32fa5e:-45de', 'treasury.actions.UpdateBillItemAmount.amount', NULL, NULL, NULL, NULL, '(AREA * (HEIGHT - 8)) * 0.25', 'expression', NULL, NULL, NULL, NULL, NULL, NULL);
INSERT INTO `sys_rule_action_param` VALUES ('RULACT-41499999:15b23048395:-7d7c', 'RACT-41499999:15b23048395:-7d7f', 'treasury.actions.UpdateBillItemAmount.amount', NULL, NULL, NULL, NULL, 'POLES * 30', 'expression', NULL, NULL, NULL, NULL, NULL, NULL);
INSERT INTO `sys_rule_action_param` VALUES ('RULACT-41499999:15b23048395:-7d7d', 'RACT-41499999:15b23048395:-7d7f', 'treasury.actions.UpdateBillItemAmount.type', NULL, NULL, NULL, NULL, NULL, NULL, NULL, NULL, NULL, NULL, 'ADD', NULL);
INSERT INTO `sys_rule_action_param` VALUES ('RULACT-41499999:15b23048395:-7d7e', 'RACT-41499999:15b23048395:-7d7f', 'treasury.actions.UpdateBillItemAmount.billitem', NULL, NULL, 'RCOND-41499999:15b23048395:-7df2', 'BILLITEM', NULL, NULL, NULL, NULL, NULL, NULL, NULL, NULL);
INSERT INTO `sys_rule_action_param` VALUES ('RULACT-4267ff2c:16a444aba70:-597b', 'RACT59515aa4:16a3a32fa5e:-45de', 'treasury.actions.UpdateBillItemAmount.type', NULL, NULL, NULL, NULL, NULL, NULL, NULL, NULL, NULL, NULL, 'ADD', NULL);
INSERT INTO `sys_rule_action_param` VALUES ('RULACT-4267ff2c:16a444aba70:-6ace', 'RACT-4267ff2c:16a444aba70:-6b26', 'treasury.actions.UpdateBillItemAmount.amount', NULL, NULL, NULL, NULL, 'SQM * 5', 'expression', NULL, NULL, NULL, NULL, NULL, NULL);
INSERT INTO `sys_rule_action_param` VALUES ('RULACT-4267ff2c:16a444aba70:-6aef', 'RACT-4267ff2c:16a444aba70:-6b26', 'treasury.actions.UpdateBillItemAmount.type', NULL, NULL, NULL, NULL, NULL, NULL, NULL, NULL, NULL, NULL, 'ADD', NULL);
INSERT INTO `sys_rule_action_param` VALUES ('RULACT-4267ff2c:16a444aba70:-6b0e', 'RACT-4267ff2c:16a444aba70:-6b26', 'treasury.actions.UpdateBillItemAmount.billitem', NULL, NULL, 'RCOND-4267ff2c:16a444aba70:-6bde', 'BILLITEM', NULL, NULL, NULL, NULL, NULL, NULL, NULL, NULL);
INSERT INTO `sys_rule_action_param` VALUES ('RULACT-4267ff2c:16a444aba70:-7012', 'RACT-4267ff2c:16a444aba70:-706a', 'treasury.actions.UpdateBillItemAmount.amount', NULL, NULL, NULL, NULL, 'UNIT * 60', 'expression', NULL, NULL, NULL, NULL, NULL, NULL);
INSERT INTO `sys_rule_action_param` VALUES ('RULACT-4267ff2c:16a444aba70:-7033', 'RACT-4267ff2c:16a444aba70:-706a', 'treasury.actions.UpdateBillItemAmount.type', NULL, NULL, NULL, NULL, NULL, NULL, NULL, NULL, NULL, NULL, 'ADD', NULL);
INSERT INTO `sys_rule_action_param` VALUES ('RULACT-4267ff2c:16a444aba70:-7052', 'RACT-4267ff2c:16a444aba70:-706a', 'treasury.actions.UpdateBillItemAmount.billitem', NULL, NULL, 'RC-3394437b:16a4396e5cb:-7af5', 'BILLITEM', NULL, NULL, NULL, NULL, NULL, NULL, NULL, NULL);
INSERT INTO `sys_rule_action_param` VALUES ('RULACT-4267ff2c:16a444aba70:-72a9', 'RACT-4267ff2c:16a444aba70:-7301', 'treasury.actions.UpdateBillItemAmount.amount', NULL, NULL, 'RCONST-4267ff2c:16a444aba70:-5f34', 'CUM', '<table border=\"1\" cellpadding=\"1\" cellspacing=\"0\">\n    <tr>\n        <td colspan=\"3\">Use Variable: CUM</td>\n    </tr>\n    \n        <tr>\n            <th>Greater than</th>\n            <th>Less than or equal to</th>\n            <th>Formula</th>\n        </tr>\n    \n    \n    \n        <tr>\n            <td></td>\n            <td>20.00</td>\n            <td>CUM * 540</td>\n        </tr>\n    \n        <tr>\n            <td>20.00</td>\n            <td></td>\n            <td>10800 + ((CUM-20) * 24)</td>\n        </tr>\n    \n</table>', 'range', NULL, NULL, NULL, '[[to:20.00,value:\"CUM * 540\",from:0],[value:\"10800 + ((CUM-20) * 24)\",from:20.00]]', NULL, 1);
INSERT INTO `sys_rule_action_param` VALUES ('RULACT-4267ff2c:16a444aba70:-72ca', 'RACT-4267ff2c:16a444aba70:-7301', 'treasury.actions.UpdateBillItemAmount.type', NULL, NULL, NULL, NULL, NULL, NULL, NULL, NULL, NULL, NULL, 'ADD', NULL);
INSERT INTO `sys_rule_action_param` VALUES ('RULACT-4267ff2c:16a444aba70:-72e9', 'RACT-4267ff2c:16a444aba70:-7301', 'treasury.actions.UpdateBillItemAmount.billitem', NULL, NULL, 'RC-3394437b:16a4396e5cb:-7b38', 'BILLITEM', NULL, NULL, NULL, NULL, NULL, NULL, NULL, NULL);
INSERT INTO `sys_rule_action_param` VALUES ('RULACT-46ef70e6:15b192ccb94:-75e6', 'RACT-46ef70e6:15b192ccb94:-75e8', 'treasury.actions.AddBillItem.amount', NULL, NULL, 'RCONST7a4cba33:16a44844397:-770a', 'AREA', '<table border=\"1\" cellpadding=\"1\" cellspacing=\"0\">\n    <tr>\n        <td colspan=\"3\">Use Variable: AREA</td>\n    </tr>\n    \n        <tr>\n            <th>Greater than</th>\n            <th>Less than or equal to</th>\n            <th>Formula</th>\n        </tr>\n    \n    \n    \n        <tr>\n            <td></td>\n            <td>500.00</td>\n            <td>AREA * 23</td>\n        </tr>\n    \n        <tr>\n            <td>500.00</td>\n            <td>600.00</td>\n            <td>11500 + ((AREA-500) * 22)</td>\n        </tr>\n    \n        <tr>\n            <td>600.00</td>\n            <td>700.00</td>\n            <td>11500 + 2200 + ((AREA-600) * 20.50)</td>\n        </tr>\n    \n        <tr>\n            <td>700.00</td>\n            <td>800.00</td>\n            <td>11500 + 2200 + 2050 + ((AREA-700) * 19.50)</td>\n        </tr>\n    \n        <tr>\n            <td>800.00</td>\n            <td>900.00</td>\n            <td>11500 + 2200 + 2050 + 1950 + ((AREA-800) * 18)</td>\n        </tr>\n    \n        <tr>\n            <td>900.00</td>\n            <td>1000.00</td>\n            <td>11500 + 2200 + 2050 + 1950 + 1800 + ((AREA-900) * 17)</td>\n        </tr>\n    \n        <tr>\n            <td>1000.00</td>\n            <td>1500.00</td>\n            <td>11500 + 2200 + 2050 + 1950 + 1800 + 1700 + ((AREA-1000) * 16)</td>\n        </tr>\n    \n        <tr>\n            <td>1500.00</td>\n            <td>2000.00</td>\n            <td>11500 + 2200 + 2050 + 1950 + 1800 + 1700 + 8000 + ((AREA-1500) * 15)</td>\n        </tr>\n    \n        <tr>\n            <td>2000.00</td>\n            <td>3000.00</td>\n            <td>11500 + 2200 + 2050 + 1950 + 1800 + 1700 + 8000 + 7500 + ((AREA-2000) * 14)</td>\n        </tr>\n    \n        <tr>\n            <td>3000.00</td>\n            <td></td>\n            <td>11500 + 2200 + 2050 + 1950 + 1800 + 1700 + 8000 + 7500 + 14000 + ((AREA-3000) * 12)</td>\n        </tr>\n    \n</table>', 'range', NULL, NULL, NULL, '[[to:500.00,value:\"AREA * 23\",from:0],[to:600.00,value:\"11500 + ((AREA-500) * 22)\",from:500.00],[to:700.00,value:\"11500 + 2200 + ((AREA-600) * 20.50)\",from:600.00],[to:800.00,value:\"11500 + 2200 + 2050 + ((AREA-700) * 19.50)\",from:700.00],[to:900.00,value:\"11500 + 2200 + 2050 + 1950 + ((AREA-800) * 18)\",from:800.00],[to:1000.00,value:\"11500 + 2200 + 2050 + 1950 + 1800 + ((AREA-900) * 17)\",from:900.00],[to:1500.00,value:\"11500 + 2200 + 2050 + 1950 + 1800 + 1700 + ((AREA-1000) * 16)\",from:1000.00],[to:2000.00,value:\"11500 + 2200 + 2050 + 1950 + 1800 + 1700 + 8000 + ((AREA-1500) * 15)\",from:1500.00],[to:3000.00,value:\"11500 + 2200 + 2050 + 1950 + 1800 + 1700 + 8000 + 7500 + ((AREA-2000) * 14)\",from:2000.00],[value:\"11500 + 2200 + 2050 + 1950 + 1800 + 1700 + 8000 + 7500 + 14000 + ((AREA-3000) * 12)\",from:3000.00]]', NULL, 1);
INSERT INTO `sys_rule_action_param` VALUES ('RULACT-46ef70e6:15b192ccb94:-7cc0', 'RACT-46ef70e6:15b192ccb94:-7cc2', 'treasury.actions.AddBillItem.amount', NULL, NULL, 'RCONST7a4cba33:16a44844397:-7362', 'AREA', '<table border=\"1\" cellpadding=\"1\" cellspacing=\"0\">\n    <tr>\n        <td colspan=\"3\">Use Variable: AREA</td>\n    </tr>\n    \n        <tr>\n            <th>Greater than</th>\n            <th>Less than or equal to</th>\n            <th>Formula</th>\n        </tr>\n    \n    \n    \n        <tr>\n            <td></td>\n            <td>20.00</td>\n            <td>2.0 * AREA</td>\n        </tr>\n    \n        <tr>\n            <td>20.00</td>\n            <td>50.00</td>\n            <td>3.40 * AREA</td>\n        </tr>\n    \n        <tr>\n            <td>50.00</td>\n            <td>100.00</td>\n            <td>4.80 * AREA</td>\n        </tr>\n    \n        <tr>\n            <td>100.00</td>\n            <td>150.00</td>\n            <td>6.0 * AREA</td>\n        </tr>\n    \n        <tr>\n            <td>150.00</td>\n            <td></td>\n            <td>7.20 * AREA</td>\n        </tr>\n    \n</table>', 'range', NULL, NULL, NULL, '[[to:20.00,value:\"2.0 * AREA\",from:0],[to:50.00,value:\"3.40 * AREA\",from:20.00],[to:100.00,value:\"4.80 * AREA\",from:50.00],[to:150.00,value:\"6.0 * AREA\",from:100.00],[value:\"7.20 * AREA\",from:150.00]]', NULL, 1);
INSERT INTO `sys_rule_action_param` VALUES ('RULACT-497dd1bf:15b6a2553bf:-76b0', 'RACT-497dd1bf:15b6a2553bf:-76b3', 'treasury.actions.UpdateBillItemAmount.amount', NULL, NULL, 'RCONST-497dd1bf:15b6a2553bf:-771c', 'CUM', '<table border=\"1\" cellpadding=\"1\" cellspacing=\"0\">\n    <tr>\n        <td colspan=\"3\">Use Variable: CUM</td>\n    </tr>\n    \n        <tr>\n            <th>Greater than</th>\n            <th>Less than or equal to</th>\n            <th>Formula</th>\n        </tr>\n    \n    \n    \n        <tr>\n            <td></td>\n            <td>20.00</td>\n            <td>20 * CUM</td>\n        </tr>\n    \n        <tr>\n            <td>20.00</td>\n            <td></td>\n            <td>400 + ((CUM-20) * 8)</td>\n        </tr>\n    \n</table>', 'range', NULL, NULL, NULL, '[[to:20.00,value:\"20 * CUM\",from:0],[value:\"400 + ((CUM-20) * 8)\",from:20.00]]', NULL, 1);
INSERT INTO `sys_rule_action_param` VALUES ('RULACT-497dd1bf:15b6a2553bf:-76b1', 'RACT-497dd1bf:15b6a2553bf:-76b3', 'treasury.actions.UpdateBillItemAmount.type', NULL, NULL, NULL, NULL, NULL, NULL, NULL, NULL, NULL, NULL, 'ADD', NULL);
INSERT INTO `sys_rule_action_param` VALUES ('RULACT-497dd1bf:15b6a2553bf:-76b2', 'RACT-497dd1bf:15b6a2553bf:-76b3', 'treasury.actions.UpdateBillItemAmount.billitem', NULL, NULL, 'RCOND-497dd1bf:15b6a2553bf:-77f2', 'BILLITEM', NULL, NULL, NULL, NULL, NULL, NULL, NULL, NULL);
INSERT INTO `sys_rule_action_param` VALUES ('RULACT-50300c99:15b7626649d:-4913', 'RACT-50300c99:15b7626649d:-4916', 'treasury.actions.AddBillItem.txntype', NULL, NULL, NULL, NULL, NULL, NULL, NULL, NULL, NULL, NULL, NULL, NULL);
INSERT INTO `sys_rule_action_param` VALUES ('RULACT-50300c99:15b7626649d:-4914', 'RACT-50300c99:15b7626649d:-4916', 'treasury.actions.AddBillItem.amount', NULL, NULL, NULL, NULL, 'AMT * 0.10', 'expression', NULL, NULL, NULL, NULL, NULL, NULL);
INSERT INTO `sys_rule_action_param` VALUES ('RULACT-50300c99:15b7626649d:-4915', 'RACT-50300c99:15b7626649d:-4916', 'treasury.actions.AddBillItem.account', NULL, NULL, NULL, NULL, NULL, NULL, NULL, 'ITMACCT-45a00793:15b5125428a:-79e7', 'ELECTRIC INSPECTION FEE', NULL, NULL, NULL);
INSERT INTO `sys_rule_action_param` VALUES ('RULACT-50300c99:15b7626649d:-4b50', 'RACT-50300c99:15b7626649d:-4b53', 'treasury.actions.AddBillItem.txntype', NULL, NULL, NULL, NULL, NULL, NULL, NULL, NULL, NULL, NULL, NULL, NULL);
INSERT INTO `sys_rule_action_param` VALUES ('RULACT-50300c99:15b7626649d:-4b51', 'RACT-50300c99:15b7626649d:-4b53', 'treasury.actions.AddBillItem.amount', NULL, NULL, NULL, NULL, 'UNIT * 60', 'expression', NULL, NULL, NULL, NULL, NULL, NULL);
INSERT INTO `sys_rule_action_param` VALUES ('RULACT-50300c99:15b7626649d:-4b52', 'RACT-50300c99:15b7626649d:-4b53', 'treasury.actions.AddBillItem.account', NULL, NULL, NULL, NULL, NULL, NULL, NULL, 'ITMACCT-50300c99:15b7626649d:-5080', 'PLUMBING INSPECTION FEE', NULL, NULL, NULL);
INSERT INTO `sys_rule_action_param` VALUES ('RULACT-50300c99:15b7626649d:-5877', 'RACT-50300c99:15b7626649d:-587a', 'treasury.actions.UpdateBillItemAmount.amount', NULL, NULL, NULL, NULL, 'SQM * 5', 'expression', NULL, NULL, NULL, NULL, NULL, NULL);
INSERT INTO `sys_rule_action_param` VALUES ('RULACT-50300c99:15b7626649d:-5878', 'RACT-50300c99:15b7626649d:-587a', 'treasury.actions.UpdateBillItemAmount.type', NULL, NULL, NULL, NULL, NULL, NULL, NULL, NULL, NULL, NULL, 'ADD', NULL);
INSERT INTO `sys_rule_action_param` VALUES ('RULACT-50300c99:15b7626649d:-5879', 'RACT-50300c99:15b7626649d:-587a', 'treasury.actions.UpdateBillItemAmount.billitem', NULL, NULL, 'RCOND-50300c99:15b7626649d:-59b5', 'BILLITEM', NULL, NULL, NULL, NULL, NULL, NULL, NULL, NULL);
INSERT INTO `sys_rule_action_param` VALUES ('RULACT-50300c99:15b7626649d:-5d1a', 'RACT-50300c99:15b7626649d:-5d1d', 'treasury.actions.UpdateBillItemAmount.amount', NULL, NULL, NULL, NULL, 'SQM * 12', 'expression', NULL, NULL, NULL, NULL, NULL, NULL);
INSERT INTO `sys_rule_action_param` VALUES ('RULACT-50300c99:15b7626649d:-5d1b', 'RACT-50300c99:15b7626649d:-5d1d', 'treasury.actions.UpdateBillItemAmount.type', NULL, NULL, NULL, NULL, NULL, NULL, NULL, NULL, NULL, NULL, 'ADD', NULL);
INSERT INTO `sys_rule_action_param` VALUES ('RULACT-50300c99:15b7626649d:-5d1c', 'RACT-50300c99:15b7626649d:-5d1d', 'treasury.actions.UpdateBillItemAmount.billitem', NULL, NULL, 'RC28a83f44:15b74c946cb:-7f65', 'BILLITEM', NULL, NULL, NULL, NULL, NULL, NULL, NULL, NULL);
INSERT INTO `sys_rule_action_param` VALUES ('RULACT-50300c99:15b7626649d:-5f57', 'RACT-50300c99:15b7626649d:-5f5a', 'treasury.actions.UpdateBillItemAmount.amount', NULL, NULL, NULL, NULL, 'SQM * 18', 'expression', NULL, NULL, NULL, NULL, NULL, NULL);
INSERT INTO `sys_rule_action_param` VALUES ('RULACT-50300c99:15b7626649d:-5f58', 'RACT-50300c99:15b7626649d:-5f5a', 'treasury.actions.UpdateBillItemAmount.type', NULL, NULL, NULL, NULL, NULL, NULL, NULL, NULL, NULL, NULL, 'ADD', NULL);
INSERT INTO `sys_rule_action_param` VALUES ('RULACT-50300c99:15b7626649d:-5f59', 'RACT-50300c99:15b7626649d:-5f5a', 'treasury.actions.UpdateBillItemAmount.billitem', NULL, NULL, 'RC28a83f44:15b74c946cb:-7f5c', 'BILLITEM', NULL, NULL, NULL, NULL, NULL, NULL, NULL, NULL);
INSERT INTO `sys_rule_action_param` VALUES ('RULACT-50300c99:15b7626649d:-608f', 'RACT-50300c99:15b7626649d:-6092', 'treasury.actions.UpdateBillItemAmount.amount', NULL, NULL, NULL, NULL, 'SQM * 5', 'expression', NULL, NULL, NULL, NULL, NULL, NULL);
INSERT INTO `sys_rule_action_param` VALUES ('RULACT-50300c99:15b7626649d:-6090', 'RACT-50300c99:15b7626649d:-6092', 'treasury.actions.UpdateBillItemAmount.type', NULL, NULL, NULL, NULL, NULL, NULL, NULL, NULL, NULL, NULL, 'ADD', NULL);
INSERT INTO `sys_rule_action_param` VALUES ('RULACT-50300c99:15b7626649d:-6091', 'RACT-50300c99:15b7626649d:-6092', 'treasury.actions.UpdateBillItemAmount.billitem', NULL, NULL, 'RC28a83f44:15b74c946cb:-7f6e', 'BILLITEM', NULL, NULL, NULL, NULL, NULL, NULL, NULL, NULL);
INSERT INTO `sys_rule_action_param` VALUES ('RULACT-50300c99:15b7626649d:-6424', 'RACT-50300c99:15b7626649d:-6427', 'treasury.actions.UpdateBillItemAmount.amount', NULL, NULL, NULL, NULL, 'SQM * 5', 'expression', NULL, NULL, NULL, NULL, NULL, NULL);
INSERT INTO `sys_rule_action_param` VALUES ('RULACT-50300c99:15b7626649d:-6425', 'RACT-50300c99:15b7626649d:-6427', 'treasury.actions.UpdateBillItemAmount.type', NULL, NULL, NULL, NULL, NULL, NULL, NULL, NULL, NULL, NULL, 'ADD', NULL);
INSERT INTO `sys_rule_action_param` VALUES ('RULACT-50300c99:15b7626649d:-6426', 'RACT-50300c99:15b7626649d:-6427', 'treasury.actions.UpdateBillItemAmount.billitem', NULL, NULL, 'RC28a83f44:15b74c946cb:-7f77', 'BILLITEM', NULL, NULL, NULL, NULL, NULL, NULL, NULL, NULL);
INSERT INTO `sys_rule_action_param` VALUES ('RULACT-50300c99:15b7626649d:-7277', 'RACT-50300c99:15b7626649d:-727a', 'treasury.actions.UpdateBillItemAmount.amount', NULL, NULL, 'RCONST-50300c99:15b7626649d:-730b', 'CUM', '<table border=\"1\" cellpadding=\"1\" cellspacing=\"0\">\n    <tr>\n        <td colspan=\"3\">Use Variable: CUM</td>\n    </tr>\n    \n        <tr>\n            <th>Greater than</th>\n            <th>Less than or equal to</th>\n            <th>Formula</th>\n        </tr>\n    \n    \n    \n        <tr>\n            <td></td>\n            <td>2.00</td>\n            <td>12</td>\n        </tr>\n    \n        <tr>\n            <td>2.00</td>\n            <td></td>\n            <td>12 + ( Math.ceil( CUM - 2 ) * 12 )</td>\n        </tr>\n    \n</table>', 'range', NULL, NULL, NULL, '[[to:2.00,value:\"12\",from:0],[value:\"12 + ( Math.ceil( CUM - 2 ) * 12 )\",from:2.00]]', NULL, 1);
INSERT INTO `sys_rule_action_param` VALUES ('RULACT-50300c99:15b7626649d:-7278', 'RACT-50300c99:15b7626649d:-727a', 'treasury.actions.UpdateBillItemAmount.type', NULL, NULL, NULL, NULL, NULL, NULL, NULL, NULL, NULL, NULL, 'ADD', NULL);
INSERT INTO `sys_rule_action_param` VALUES ('RULACT-50300c99:15b7626649d:-7279', 'RACT-50300c99:15b7626649d:-727a', 'treasury.actions.UpdateBillItemAmount.billitem', NULL, NULL, 'RCOND-50300c99:15b7626649d:-73ec', 'BILLITEM', NULL, NULL, NULL, NULL, NULL, NULL, NULL, NULL);
INSERT INTO `sys_rule_action_param` VALUES ('RULACT-50300c99:15b7626649d:-7593', 'RACT-50300c99:15b7626649d:-7596', 'treasury.actions.UpdateBillItemAmount.amount', NULL, NULL, NULL, NULL, 'Math.ceil( CUM ) * 12 ', 'expression', NULL, NULL, NULL, NULL, NULL, NULL);
INSERT INTO `sys_rule_action_param` VALUES ('RULACT-50300c99:15b7626649d:-7594', 'RACT-50300c99:15b7626649d:-7596', 'treasury.actions.UpdateBillItemAmount.type', NULL, NULL, NULL, NULL, NULL, NULL, NULL, NULL, NULL, NULL, 'ADD', NULL);
INSERT INTO `sys_rule_action_param` VALUES ('RULACT-50300c99:15b7626649d:-7595', 'RACT-50300c99:15b7626649d:-7596', 'treasury.actions.UpdateBillItemAmount.billitem', NULL, NULL, 'RCOND-50300c99:15b7626649d:-7759', 'BILLITEM', NULL, NULL, NULL, NULL, NULL, NULL, NULL, NULL);
INSERT INTO `sys_rule_action_param` VALUES ('RULACT-50300c99:15b7626649d:-7ac8', 'RACT-50300c99:15b7626649d:-7acb', 'treasury.actions.UpdateBillItemAmount.amount', NULL, NULL, NULL, NULL, '60 + ((UNIT-1) * 6)', 'expression', NULL, NULL, NULL, NULL, NULL, NULL);
INSERT INTO `sys_rule_action_param` VALUES ('RULACT-50300c99:15b7626649d:-7ac9', 'RACT-50300c99:15b7626649d:-7acb', 'treasury.actions.UpdateBillItemAmount.type', NULL, NULL, NULL, NULL, NULL, NULL, NULL, NULL, NULL, NULL, 'ADD', NULL);
INSERT INTO `sys_rule_action_param` VALUES ('RULACT-50300c99:15b7626649d:-7aca', 'RACT-50300c99:15b7626649d:-7acb', 'treasury.actions.UpdateBillItemAmount.billitem', NULL, NULL, 'RCOND-50300c99:15b7626649d:-7d8d', 'BILLITEM', NULL, NULL, NULL, NULL, NULL, NULL, NULL, NULL);
INSERT INTO `sys_rule_action_param` VALUES ('RULACT-685b3759:16a2fd8270e:-7063', 'RACT-46ef70e6:15b192ccb94:-75e8', 'treasury.actions.AddBillItem.billcode', NULL, NULL, NULL, NULL, NULL, NULL, NULL, 'BUILDING_PERMIT_FEE', 'BUILDING PERMIT FEE', NULL, NULL, NULL);
INSERT INTO `sys_rule_action_param` VALUES ('RULACT-685b3759:16a2fd8270e:-731e', 'RA604f6df3:15b197ab5de:-7fda', 'treasury.actions.AddBillItem.billcode', NULL, NULL, NULL, NULL, NULL, NULL, NULL, 'BUILDING_PERMIT_FEE', 'BUILDING PERMIT FEE', NULL, NULL, NULL);
INSERT INTO `sys_rule_action_param` VALUES ('RULACT-685b3759:16a2fd8270e:-7562', 'RA-4dbf9d19:15bf4e01a24:-7fba', 'treasury.actions.AddBillItem.billcode', NULL, NULL, NULL, NULL, NULL, NULL, NULL, 'BUILDING_PERMIT_FEE', 'BUILDING PERMIT FEE', NULL, NULL, NULL);
INSERT INTO `sys_rule_action_param` VALUES ('RULACT-685b3759:16a2fd8270e:-77fc', 'RA-4dbf9d19:15bf4e01a24:-7fb2', 'treasury.actions.AddBillItem.billcode', NULL, NULL, NULL, NULL, NULL, NULL, NULL, 'BUILDING_PERMIT_FEE', 'BUILDING PERMIT FEE', NULL, NULL, NULL);
INSERT INTO `sys_rule_action_param` VALUES ('RULACT-70eb32d:16c2d244c23:-76db', 'RACT-70eb32d:16c2d244c23:-773a', 'treasury.actions.AddBillItem.amount', NULL, NULL, NULL, NULL, '50 * TOTAL', 'expression', NULL, NULL, NULL, NULL, NULL, NULL);
INSERT INTO `sys_rule_action_param` VALUES ('RULACT-70eb32d:16c2d244c23:-7710', 'RACT-70eb32d:16c2d244c23:-773a', 'treasury.actions.AddBillItem.billcode', NULL, NULL, NULL, NULL, NULL, NULL, NULL, 'TAX_DEC', 'TAX DECLARATION', NULL, NULL, NULL);
INSERT INTO `sys_rule_action_param` VALUES ('RULACT-70eb32d:16c2d244c23:-7897', 'RACT-70eb32d:16c2d244c23:-78f6', 'treasury.actions.AddBillItem.amount', NULL, NULL, NULL, NULL, '50 * BYOWNER', 'expression', NULL, NULL, NULL, NULL, NULL, NULL);
INSERT INTO `sys_rule_action_param` VALUES ('RULACT-70eb32d:16c2d244c23:-78cc', 'RACT-70eb32d:16c2d244c23:-78f6', 'treasury.actions.AddBillItem.billcode', NULL, NULL, NULL, NULL, NULL, NULL, NULL, 'TAX_CLEARANCE', 'TAX CLEARANCE', NULL, NULL, NULL);
INSERT INTO `sys_rule_action_param` VALUES ('RULACT-7385ffbe:16a438b05b7:-5d5c', 'RACT-7385ffbe:16a438b05b7:-5db4', 'treasury.actions.UpdateBillItemAmount.amount', NULL, NULL, 'RCONST-7385ffbe:16a438b05b7:-5e33', 'HEIGHT', '<table border=\"1\" cellpadding=\"1\" cellspacing=\"0\">\n    <tr>\n        <td colspan=\"3\">Use Variable: HEIGHT</td>\n    </tr>\n    \n        <tr>\n            <th>Greater than</th>\n            <th>Less than or equal to</th>\n            <th>Formula</th>\n        </tr>\n    \n    \n    \n        <tr>\n            <td></td>\n            <td>10.00</td>\n            <td>HEIGHT * 2400</td>\n        </tr>\n    \n        <tr>\n            <td>10.00</td>\n            <td></td>\n            <td>24000 + ((HEIGHT-10)*150)</td>\n        </tr>\n    \n</table>', 'range', NULL, NULL, NULL, '[[to:10.00,value:\"HEIGHT * 2400\",from:0],[value:\"24000 + ((HEIGHT-10)*150)\",from:10.00]]', NULL, 1);
INSERT INTO `sys_rule_action_param` VALUES ('RULACT-7385ffbe:16a438b05b7:-5d7d', 'RACT-7385ffbe:16a438b05b7:-5db4', 'treasury.actions.UpdateBillItemAmount.type', NULL, NULL, NULL, NULL, NULL, NULL, NULL, NULL, NULL, NULL, 'ADD', NULL);
INSERT INTO `sys_rule_action_param` VALUES ('RULACT-7385ffbe:16a438b05b7:-5d9c', 'RACT-7385ffbe:16a438b05b7:-5db4', 'treasury.actions.UpdateBillItemAmount.billitem', NULL, NULL, 'RCOND-7385ffbe:16a438b05b7:-5f5a', 'BILLITEM', NULL, NULL, NULL, NULL, NULL, NULL, NULL, NULL);
INSERT INTO `sys_rule_action_param` VALUES ('RULACT-7385ffbe:16a438b05b7:-6582', 'RA-3394437b:16a4396e5cb:-7e99', 'treasury.actions.UpdateBillItemAmount.amount', NULL, NULL, 'RCC-3394437b:16a4396e5cb:-7e9b', 'HEIGHT', '<table border=\"1\" cellpadding=\"1\" cellspacing=\"0\">\n    <tr>\n        <td colspan=\"3\">Use Variable: HEIGHT</td>\n    </tr>\n    \n        <tr>\n            <th>Greater than</th>\n            <th>Less than or equal to</th>\n            <th>Formula</th>\n        </tr>\n    \n    \n    \n        <tr>\n            <td></td>\n            <td>10.00</td>\n            <td>HEIGHT * 120</td>\n        </tr>\n    \n        <tr>\n            <td>10.00</td>\n            <td></td>\n            <td>1200 + ((HEIGHT-10) * 12)</td>\n        </tr>\n    \n</table>', 'range', NULL, NULL, NULL, '[[to:10.00,value:\"HEIGHT * 120\",from:0],[value:\"1200 + ((HEIGHT-10) * 12)\",from:10.00]]', NULL, 1);
INSERT INTO `sys_rule_action_param` VALUES ('RULACT-7385ffbe:16a438b05b7:-65a3', 'RA-3394437b:16a4396e5cb:-7e99', 'treasury.actions.UpdateBillItemAmount.type', NULL, NULL, NULL, NULL, NULL, NULL, NULL, NULL, NULL, NULL, 'ADD', NULL);
INSERT INTO `sys_rule_action_param` VALUES ('RULACT-7385ffbe:16a438b05b7:-6723', 'RA-3394437b:16a4396e5cb:-7ecb', 'treasury.actions.UpdateBillItemAmount.amount', NULL, NULL, 'RCC-3394437b:16a4396e5cb:-7ed0', 'HEIGHT', '<table border=\"1\" cellpadding=\"1\" cellspacing=\"0\">\n    <tr>\n        <td colspan=\"3\">Use Variable: HEIGHT</td>\n    </tr>\n    \n        <tr>\n            <th>Greater than</th>\n            <th>Less than or equal to</th>\n            <th>Formula</th>\n        </tr>\n    \n    \n    \n        <tr>\n            <td></td>\n            <td>10.00</td>\n            <td>HEIGHT * 1800</td>\n        </tr>\n    \n        <tr>\n            <td>10.00</td>\n            <td></td>\n            <td>18000 + ((HEIGHT-10) * 120)</td>\n        </tr>\n    \n</table>', 'range', NULL, NULL, NULL, '[[to:10.00,value:\"HEIGHT * 1800\",from:0],[value:\"18000 + ((HEIGHT-10) * 120)\",from:10.00]]', NULL, 1);
INSERT INTO `sys_rule_action_param` VALUES ('RULACT-7385ffbe:16a438b05b7:-6744', 'RA-3394437b:16a4396e5cb:-7ecb', 'treasury.actions.UpdateBillItemAmount.type', NULL, NULL, NULL, NULL, NULL, NULL, NULL, NULL, NULL, NULL, 'ADD', NULL);
INSERT INTO `sys_rule_action_param` VALUES ('RULACT-7385ffbe:16a438b05b7:-68b1', 'RA-3394437b:16a4396e5cb:-7eb9', 'treasury.actions.UpdateBillItemAmount.amount', NULL, NULL, 'RCC-3394437b:16a4396e5cb:-7ebe', 'HEIGHT', '<table border=\"1\" cellpadding=\"1\" cellspacing=\"0\">\n    <tr>\n        <td colspan=\"3\">Use Variable: HEIGHT</td>\n    </tr>\n    \n        <tr>\n            <th>Greater than</th>\n            <th>Less than or equal to</th>\n            <th>Formula</th>\n        </tr>\n    \n    \n    \n        <tr>\n            <td></td>\n            <td>10.00</td>\n            <td>HEIGHT * 240</td>\n        </tr>\n    \n        <tr>\n            <td>10.00</td>\n            <td></td>\n            <td>2400 + (( HEIGHT-10)*12)</td>\n        </tr>\n    \n</table>', 'range', NULL, NULL, NULL, '[[to:10.00,value:\"HEIGHT * 240\",from:0],[value:\"2400 + (( HEIGHT-10)*12)\",from:10.00]]', NULL, 1);
INSERT INTO `sys_rule_action_param` VALUES ('RULACT-7385ffbe:16a438b05b7:-68d3', 'RA-3394437b:16a4396e5cb:-7eb9', 'treasury.actions.UpdateBillItemAmount.type', NULL, NULL, NULL, NULL, NULL, NULL, NULL, NULL, NULL, NULL, 'ADD', NULL);
INSERT INTO `sys_rule_action_param` VALUES ('RULACT-7385ffbe:16a438b05b7:-6acd', 'RA-3394437b:16a4396e5cb:-7ef3', 'treasury.actions.UpdateBillItemAmount.amount', NULL, NULL, 'RCC-3394437b:16a4396e5cb:-7ef5', 'HEIGHT', '<table border=\"1\" cellpadding=\"1\" cellspacing=\"0\">\n    <tr>\n        <td colspan=\"3\">Use Variable: HEIGHT</td>\n    </tr>\n    \n        <tr>\n            <th>Greater than</th>\n            <th>Less than or equal to</th>\n            <th>Formula</th>\n        </tr>\n    \n    \n    \n        <tr>\n            <td></td>\n            <td>10.00</td>\n            <td>2400 * HEIGHT</td>\n        </tr>\n    \n        <tr>\n            <td>10.00</td>\n            <td></td>\n            <td>24000 + ((HEIGHT-10)*120)</td>\n        </tr>\n    \n</table>', 'range', NULL, NULL, NULL, '[[to:10.00,value:\"2400 * HEIGHT\",from:0],[value:\"24000 + ((HEIGHT-10)*120)\",from:10.00]]', NULL, 1);
INSERT INTO `sys_rule_action_param` VALUES ('RULACT-7385ffbe:16a438b05b7:-6aee', 'RA-3394437b:16a4396e5cb:-7ef3', 'treasury.actions.UpdateBillItemAmount.type', NULL, NULL, NULL, NULL, NULL, NULL, NULL, NULL, NULL, NULL, 'ADD', NULL);
INSERT INTO `sys_rule_action_param` VALUES ('RULACT-7385ffbe:16a438b05b7:-6c80', 'RA-3394437b:16a4396e5cb:-7ea9', 'treasury.actions.UpdateBillItemAmount.amount', NULL, NULL, NULL, NULL, 'HEIGHT * 150;', 'expression', NULL, NULL, NULL, NULL, NULL, NULL);
INSERT INTO `sys_rule_action_param` VALUES ('RULACT-7385ffbe:16a438b05b7:-6ca1', 'RA-3394437b:16a4396e5cb:-7ea9', 'treasury.actions.UpdateBillItemAmount.type', NULL, NULL, NULL, NULL, NULL, NULL, NULL, NULL, NULL, NULL, 'ADD', NULL);
INSERT INTO `sys_rule_action_param` VALUES ('RULACT-7385ffbe:16a438b05b7:-6dc2', 'RA-3394437b:16a4396e5cb:-7ed5', 'treasury.actions.UpdateBillItemAmount.amount', NULL, NULL, NULL, NULL, 'HEIGHT * 500;', 'expression', NULL, NULL, NULL, NULL, NULL, NULL);
INSERT INTO `sys_rule_action_param` VALUES ('RULACT-7385ffbe:16a438b05b7:-6ded', 'RA-3394437b:16a4396e5cb:-7ed5', 'treasury.actions.UpdateBillItemAmount.type', NULL, NULL, NULL, NULL, NULL, NULL, NULL, NULL, NULL, NULL, 'ADD', NULL);
INSERT INTO `sys_rule_action_param` VALUES ('RULACT-7385ffbe:16a438b05b7:-7213', 'RACT-7385ffbe:16a438b05b7:-726b', 'treasury.actions.UpdateBillItemAmount.amount', NULL, NULL, NULL, NULL, 'return  ((SQM * 3) < 48) ? 48 : (SQM * 3) ;', 'expression', NULL, NULL, NULL, NULL, NULL, NULL);
INSERT INTO `sys_rule_action_param` VALUES ('RULACT-7385ffbe:16a438b05b7:-7234', 'RACT-7385ffbe:16a438b05b7:-726b', 'treasury.actions.UpdateBillItemAmount.type', NULL, NULL, NULL, NULL, NULL, NULL, NULL, NULL, NULL, NULL, 'ADD', NULL);
INSERT INTO `sys_rule_action_param` VALUES ('RULACT-7385ffbe:16a438b05b7:-7253', 'RACT-7385ffbe:16a438b05b7:-726b', 'treasury.actions.UpdateBillItemAmount.billitem', NULL, NULL, 'RCOND-7385ffbe:16a438b05b7:-741b', 'BILLITEM', NULL, NULL, NULL, NULL, NULL, NULL, NULL, NULL);
INSERT INTO `sys_rule_action_param` VALUES ('RULACT-7385ffbe:16a438b05b7:-788a', 'RACT-7385ffbe:16a438b05b7:-78ec', 'treasury.actions.AddBillItem.amount', NULL, NULL, 'RCONST2bdcadbe:16c2d9fc74a:-6ac6', 'COST', '<table border=\"1\" cellpadding=\"1\" cellspacing=\"0\">\n    <tr>\n        <td colspan=\"3\">Use Variable: COST</td>\n    </tr>\n    \n    \n        <tr>\n            <th>Greater than or equal to</th>\n            <th>Less than</th>\n            <th>Formula</th>\n        </tr>\n    \n    \n        <tr>\n            <td></td>\n            <td>100000.00</td>\n            <td>500</td>\n        </tr>\n    \n        <tr>\n            <td>100000.00</td>\n            <td>200000.00</td>\n            <td>700</td>\n        </tr>\n    \n        <tr>\n            <td>200000.00</td>\n            <td></td>\n            <td>720 + ((( COST - 200000) * 0.01)/10) </td>\n        </tr>\n    \n</table>', 'range', NULL, NULL, NULL, '[[to:100000.00,value:\"500\",from:0],[to:200000.00,value:\"700\",from:100000.00],[value:\"720 + ((( COST - 200000) * 0.01)/10) \",from:200000.00]]', NULL, 0);
INSERT INTO `sys_rule_action_param` VALUES ('RULACT-7385ffbe:16a438b05b7:-78c2', 'RACT-7385ffbe:16a438b05b7:-78ec', 'treasury.actions.AddBillItem.billcode', NULL, NULL, NULL, NULL, NULL, NULL, NULL, 'LOCATIONAL_CLEARANCE_FEE', 'LOCATIONAL CLEARANCE FEE', NULL, NULL, NULL);
INSERT INTO `sys_rule_action_param` VALUES ('RULACT-7c07cdf9:16a4d035b31:-756e', 'RACT-7c07cdf9:16a4d035b31:-75c6', 'treasury.actions.UpdateBillItemAmount.amount', NULL, NULL, NULL, NULL, '200', 'expression', NULL, NULL, NULL, NULL, NULL, NULL);
INSERT INTO `sys_rule_action_param` VALUES ('RULACT-7c07cdf9:16a4d035b31:-758f', 'RACT-7c07cdf9:16a4d035b31:-75c6', 'treasury.actions.UpdateBillItemAmount.type', NULL, NULL, NULL, NULL, NULL, NULL, NULL, NULL, NULL, NULL, 'ADD', NULL);
INSERT INTO `sys_rule_action_param` VALUES ('RULACT-7c07cdf9:16a4d035b31:-75ae', 'RACT-7c07cdf9:16a4d035b31:-75c6', 'treasury.actions.UpdateBillItemAmount.billitem', NULL, NULL, 'RCOND-7c07cdf9:16a4d035b31:-781e', 'BILLITEM', NULL, NULL, NULL, NULL, NULL, NULL, NULL, NULL);
INSERT INTO `sys_rule_action_param` VALUES ('RULACT1fc2e40d:169eb7a6037:-65a1', 'RACT1fc2e40d:169eb7a6037:-6610', 'treasury.actions.AddBillItem.txntype', NULL, NULL, NULL, NULL, NULL, NULL, NULL, 'BUILDING_PERMIT_FEE', 'BUILDING PERMIT FEE', NULL, NULL, NULL);
INSERT INTO `sys_rule_action_param` VALUES ('RULACT1fc2e40d:169eb7a6037:-65cc', 'RACT1fc2e40d:169eb7a6037:-6610', 'treasury.actions.AddBillItem.amount', NULL, NULL, NULL, NULL, '0', 'expression', NULL, NULL, NULL, NULL, NULL, NULL);
INSERT INTO `sys_rule_action_param` VALUES ('RULACT1fc2e40d:169eb7a6037:-65f8', 'RACT1fc2e40d:169eb7a6037:-6610', 'treasury.actions.AddBillItem.account', NULL, NULL, NULL, NULL, NULL, NULL, NULL, 'ITMACCT1fc2e40d:169eb7a6037:-680b', 'OBO BUILDING PERMIT FEE', NULL, NULL, NULL);
INSERT INTO `sys_rule_action_param` VALUES ('RULACT2671fb3e:15b76f0ce63:-72ad', 'RACT2671fb3e:15b76f0ce63:-72b0', 'treasury.actions.UpdateBillItemAmount.amount', NULL, NULL, 'RCONST2671fb3e:15b76f0ce63:-7341', 'KW', '<table border=\"1\" cellpadding=\"1\" cellspacing=\"0\">\n    <tr>\n        <td colspan=\"3\">Use Variable: KW</td>\n    </tr>\n    \n        <tr>\n            <th>Greater than</th>\n            <th>Less than or equal to</th>\n            <th>Formula</th>\n        </tr>\n    \n    \n    \n        <tr>\n            <td></td>\n            <td>7.50</td>\n            <td>400 * KW</td>\n        </tr>\n    \n        <tr>\n            <td>7.50</td>\n            <td>22.00</td>\n            <td>3000 + (( KW-7.5) * 550)</td>\n        </tr>\n    \n        <tr>\n            <td>22.00</td>\n            <td>37.00</td>\n            <td>3000 + 7975 + ((KW-22)*  600)</td>\n        </tr>\n    \n        <tr>\n            <td>37.00</td>\n            <td>52.00</td>\n            <td>3000 + 7975 + ((KW-37) * 650)</td>\n        </tr>\n    \n        <tr>\n            <td>52.00</td>\n            <td>67.00</td>\n            <td>3000 + 7975 + 9750 + ((KW-52) * 800)</td>\n        </tr>\n    \n        <tr>\n            <td>67.00</td>\n            <td>74.00</td>\n            <td>3000 + 7975 + 9750 + 12000 + ((KW-67)* 900)</td>\n        </tr>\n    \n        <tr>\n            <td>74.00</td>\n            <td></td>\n            <td>3000 + 7975 + 9750 + 12000 + 6300 + ((KW-74) * 4)</td>\n        </tr>\n    \n</table>', 'range', NULL, NULL, NULL, '[[to:7.50,value:\"400 * KW\",from:0],[to:22.00,value:\"3000 + (( KW-7.5) * 550)\",from:7.50],[to:37.00,value:\"3000 + 7975 + ((KW-22)*  600)\",from:22.00],[to:52.00,value:\"3000 + 7975 + ((KW-37) * 650)\",from:37.00],[to:67.00,value:\"3000 + 7975 + 9750 + ((KW-52) * 800)\",from:52.00],[to:74.00,value:\"3000 + 7975 + 9750 + 12000 + ((KW-67)* 900)\",from:67.00],[value:\"3000 + 7975 + 9750 + 12000 + 6300 + ((KW-74) * 4)\",from:74.00]]', NULL, 1);
INSERT INTO `sys_rule_action_param` VALUES ('RULACT2671fb3e:15b76f0ce63:-72ae', 'RACT2671fb3e:15b76f0ce63:-72b0', 'treasury.actions.UpdateBillItemAmount.type', NULL, NULL, NULL, NULL, NULL, NULL, NULL, NULL, NULL, NULL, 'ADD', NULL);
INSERT INTO `sys_rule_action_param` VALUES ('RULACT2671fb3e:15b76f0ce63:-72af', 'RACT2671fb3e:15b76f0ce63:-72b0', 'treasury.actions.UpdateBillItemAmount.billitem', NULL, NULL, 'RC-41519066:15b76f8cd83:-7fe2', 'BILLITEM', NULL, NULL, NULL, NULL, NULL, NULL, NULL, NULL);
INSERT INTO `sys_rule_action_param` VALUES ('RULACT2671fb3e:15b76f0ce63:-7542', 'RACT2671fb3e:15b76f0ce63:-7545', 'treasury.actions.UpdateBillItemAmount.amount', NULL, NULL, 'RCONST2671fb3e:15b76f0ce63:-75d6', 'KW', '<table border=\"1\" cellpadding=\"1\" cellspacing=\"0\">\n    <tr>\n        <td colspan=\"3\">Use Variable: KW</td>\n    </tr>\n    \n        <tr>\n            <th>Greater than</th>\n            <th>Less than or equal to</th>\n            <th>Formula</th>\n        </tr>\n    \n    \n    \n        <tr>\n            <td></td>\n            <td>1.00</td>\n            <td>10 * KW</td>\n        </tr>\n    \n        <tr>\n            <td>1.00</td>\n            <td>7.50</td>\n            <td>10 + ((KW-1)*50)</td>\n        </tr>\n    \n        <tr>\n            <td>7.50</td>\n            <td></td>\n            <td>335 + ((KW-7.5) * 20)</td>\n        </tr>\n    \n</table>', 'range', NULL, NULL, NULL, '[[to:1.00,value:\"10 * KW\",from:0],[to:7.50,value:\"10 + ((KW-1)*50)\",from:1.00],[value:\"335 + ((KW-7.5) * 20)\",from:7.50]]', NULL, 1);
INSERT INTO `sys_rule_action_param` VALUES ('RULACT2671fb3e:15b76f0ce63:-7543', 'RACT2671fb3e:15b76f0ce63:-7545', 'treasury.actions.UpdateBillItemAmount.type', NULL, NULL, NULL, NULL, NULL, NULL, NULL, NULL, NULL, NULL, 'ADD', NULL);
INSERT INTO `sys_rule_action_param` VALUES ('RULACT2671fb3e:15b76f0ce63:-7544', 'RACT2671fb3e:15b76f0ce63:-7545', 'treasury.actions.UpdateBillItemAmount.billitem', NULL, NULL, 'RC-41519066:15b76f8cd83:-7ff1', 'BILLITEM', NULL, NULL, NULL, NULL, NULL, NULL, NULL, NULL);
INSERT INTO `sys_rule_action_param` VALUES ('RULACT2671fb3e:15b76f0ce63:-7727', 'RACT2671fb3e:15b76f0ce63:-772a', 'treasury.actions.UpdateBillItemAmount.amount', NULL, NULL, 'RCONST2671fb3e:15b76f0ce63:-7799', 'TON', '<table border=\"1\" cellpadding=\"1\" cellspacing=\"0\">\n    <tr>\n        <td colspan=\"3\">Use Variable: TON</td>\n    </tr>\n    \n        <tr>\n            <th>Greater than</th>\n            <th>Less than or equal to</th>\n            <th>Formula</th>\n        </tr>\n    \n    \n    \n        <tr>\n            <td></td>\n            <td>100.00</td>\n            <td>25 * TON</td>\n        </tr>\n    \n        <tr>\n            <td>100.00</td>\n            <td>150.00</td>\n            <td>2500 + ((TON-100)*20)</td>\n        </tr>\n    \n        <tr>\n            <td>150.00</td>\n            <td>300.00</td>\n            <td>2500 + 1000 + ((TON-150)*15)</td>\n        </tr>\n    \n        <tr>\n            <td>300.00</td>\n            <td>500.00</td>\n            <td>2500 + 1000 + 2250 + ((TON-300)*10)</td>\n        </tr>\n    \n        <tr>\n            <td>500.00</td>\n            <td></td>\n            <td>2500 + 1000 + 2250 + 2000 + ((TON-500)*5)</td>\n        </tr>\n    \n</table>', 'range', NULL, NULL, NULL, '[[to:100.00,value:\"25 * TON\",from:0],[to:150.00,value:\"2500 + ((TON-100)*20)\",from:100.00],[to:300.00,value:\"2500 + 1000 + ((TON-150)*15)\",from:150.00],[to:500.00,value:\"2500 + 1000 + 2250 + ((TON-300)*10)\",from:300.00],[value:\"2500 + 1000 + 2250 + 2000 + ((TON-500)*5)\",from:500.00]]', NULL, 1);
INSERT INTO `sys_rule_action_param` VALUES ('RULACT2671fb3e:15b76f0ce63:-7728', 'RACT2671fb3e:15b76f0ce63:-772a', 'treasury.actions.UpdateBillItemAmount.type', NULL, NULL, NULL, NULL, NULL, NULL, NULL, NULL, NULL, NULL, 'ADD', NULL);
INSERT INTO `sys_rule_action_param` VALUES ('RULACT2671fb3e:15b76f0ce63:-7729', 'RACT2671fb3e:15b76f0ce63:-772a', 'treasury.actions.UpdateBillItemAmount.billitem', NULL, NULL, 'RCOND2671fb3e:15b76f0ce63:-7884', 'BILLITEM', NULL, NULL, NULL, NULL, NULL, NULL, NULL, NULL);
INSERT INTO `sys_rule_action_param` VALUES ('RULACT3b31d1e8:16a5826cfa5:-70bd', 'RACT3b31d1e8:16a5826cfa5:-711a', 'treasury.actions.AddBillItem.amount', NULL, NULL, NULL, NULL, '( AMT * 0.01 < 10 ) ? 10 : (AMT * 0.01)', 'expression', NULL, NULL, NULL, NULL, NULL, NULL);
INSERT INTO `sys_rule_action_param` VALUES ('RULACT3b31d1e8:16a5826cfa5:-70f0', 'RACT3b31d1e8:16a5826cfa5:-711a', 'treasury.actions.AddBillItem.billcode', NULL, NULL, NULL, NULL, NULL, NULL, NULL, 'UPLR', 'UPLR', NULL, NULL, NULL);
INSERT INTO `sys_rule_action_param` VALUES ('RULACT3b31d1e8:16a5826cfa5:-79e9', 'RACT3b31d1e8:16a5826cfa5:-7a13', 'obo.actions.ComputeConstructionCost.amount', NULL, NULL, NULL, NULL, 'AREA * 8000', 'expression', NULL, NULL, NULL, NULL, NULL, NULL);
INSERT INTO `sys_rule_action_param` VALUES ('RULACT3b31d1e8:16a5826cfa5:-7a01', 'RACT3b31d1e8:16a5826cfa5:-7a13', 'obo.actions.ComputeConstructionCost.application', NULL, NULL, 'RCOND3b31d1e8:16a5826cfa5:-7c8d', 'APP', NULL, NULL, NULL, NULL, NULL, NULL, NULL, NULL);
INSERT INTO `sys_rule_action_param` VALUES ('RULACT3b3fed41:16bdd640b5c:-7254', 'RACT3b3fed41:16bdd640b5c:-727e', 'obo.actions.ComputeConstructionCost.amount', NULL, NULL, NULL, NULL, 'AREA * 6000', 'expression', NULL, NULL, NULL, NULL, NULL, NULL);
INSERT INTO `sys_rule_action_param` VALUES ('RULACT3b3fed41:16bdd640b5c:-726c', 'RACT3b3fed41:16bdd640b5c:-727e', 'obo.actions.ComputeConstructionCost.application', NULL, NULL, 'RCOND3b3fed41:16bdd640b5c:-74b1', 'APP', NULL, NULL, NULL, NULL, NULL, NULL, NULL, NULL);
INSERT INTO `sys_rule_action_param` VALUES ('RULACT3f65f585:15b74b1144b:-5d60', 'RACT3f65f585:15b74b1144b:-5d63', 'treasury.actions.UpdateBillItemAmount.amount', NULL, NULL, NULL, NULL, 'AREA * 48', 'expression', NULL, NULL, NULL, NULL, NULL, NULL);
INSERT INTO `sys_rule_action_param` VALUES ('RULACT3f65f585:15b74b1144b:-5d61', 'RACT3f65f585:15b74b1144b:-5d63', 'treasury.actions.UpdateBillItemAmount.type', NULL, NULL, NULL, NULL, NULL, NULL, NULL, NULL, NULL, NULL, 'ADD', NULL);
INSERT INTO `sys_rule_action_param` VALUES ('RULACT3f65f585:15b74b1144b:-5d62', 'RACT3f65f585:15b74b1144b:-5d63', 'treasury.actions.UpdateBillItemAmount.billitem', NULL, NULL, 'RCOND3f65f585:15b74b1144b:-5f56', 'BILLITEM', NULL, NULL, NULL, NULL, NULL, NULL, NULL, NULL);
INSERT INTO `sys_rule_action_param` VALUES ('RULACT3f65f585:15b74b1144b:-5fea', 'RACT3f65f585:15b74b1144b:-5fed', 'treasury.actions.UpdateBillItemAmount.amount', NULL, NULL, 'RCONST3f65f585:15b74b1144b:-6054', 'HEIGHT', '<table border=\"1\" cellpadding=\"1\" cellspacing=\"0\">\n    <tr>\n        <td colspan=\"3\">Use Variable: HEIGHT</td>\n    </tr>\n    \n        <tr>\n            <th>Greater than</th>\n            <th>Less than or equal to</th>\n            <th>Formula</th>\n        </tr>\n    \n    \n    \n        <tr>\n            <td></td>\n            <td>10.00</td>\n            <td>48</td>\n        </tr>\n    \n        <tr>\n            <td>10.00</td>\n            <td></td>\n            <td>48 + ((HEIGHT-10) * 2)</td>\n        </tr>\n    \n</table>', 'range', NULL, NULL, NULL, '[[to:10.00,value:\"48\",from:0],[value:\"48 + ((HEIGHT-10) * 2)\",from:10.00]]', NULL, 1);
INSERT INTO `sys_rule_action_param` VALUES ('RULACT3f65f585:15b74b1144b:-5feb', 'RACT3f65f585:15b74b1144b:-5fed', 'treasury.actions.UpdateBillItemAmount.type', NULL, NULL, NULL, NULL, NULL, NULL, NULL, NULL, NULL, NULL, 'ADD', NULL);
INSERT INTO `sys_rule_action_param` VALUES ('RULACT3f65f585:15b74b1144b:-5fec', 'RACT3f65f585:15b74b1144b:-5fed', 'treasury.actions.UpdateBillItemAmount.billitem', NULL, NULL, 'RCOND3f65f585:15b74b1144b:-6129', 'BILLITEM', NULL, NULL, NULL, NULL, NULL, NULL, NULL, NULL);
INSERT INTO `sys_rule_action_param` VALUES ('RULACT3f65f585:15b74b1144b:-620e', 'RACT3f65f585:15b74b1144b:-6211', 'treasury.actions.UpdateBillItemAmount.amount', NULL, NULL, 'RCONST3f65f585:15b74b1144b:-6278', 'HEIGHT', '<table border=\"1\" cellpadding=\"1\" cellspacing=\"0\">\n    <tr>\n        <td colspan=\"3\">Use Variable: HEIGHT</td>\n    </tr>\n    \n        <tr>\n            <th>Greater than</th>\n            <th>Less than or equal to</th>\n            <th>Formula</th>\n        </tr>\n    \n    \n    \n        <tr>\n            <td></td>\n            <td>10.00</td>\n            <td>240</td>\n        </tr>\n    \n        <tr>\n            <td>10.00</td>\n            <td></td>\n            <td>240+((HEIGHT-10) * 12)</td>\n        </tr>\n    \n</table>', 'range', NULL, NULL, NULL, '[[to:10.00,value:\"240\",from:0],[value:\"240+((HEIGHT-10) * 12)\",from:10.00]]', NULL, 1);
INSERT INTO `sys_rule_action_param` VALUES ('RULACT3f65f585:15b74b1144b:-620f', 'RACT3f65f585:15b74b1144b:-6211', 'treasury.actions.UpdateBillItemAmount.type', NULL, NULL, NULL, NULL, NULL, NULL, NULL, NULL, NULL, NULL, 'ADD', NULL);
INSERT INTO `sys_rule_action_param` VALUES ('RULACT3f65f585:15b74b1144b:-6210', 'RACT3f65f585:15b74b1144b:-6211', 'treasury.actions.UpdateBillItemAmount.billitem', NULL, NULL, 'RCOND3f65f585:15b74b1144b:-6349', 'BILLITEM', NULL, NULL, NULL, NULL, NULL, NULL, NULL, NULL);
INSERT INTO `sys_rule_action_param` VALUES ('RULACT3f65f585:15b74b1144b:-63d8', 'RACT3f65f585:15b74b1144b:-63db', 'treasury.actions.UpdateBillItemAmount.amount', NULL, NULL, 'RCONST3f65f585:15b74b1144b:-6473', 'HEIGHT', '<table border=\"1\" cellpadding=\"1\" cellspacing=\"0\">\n    <tr>\n        <td colspan=\"3\">Use Variable: HEIGHT</td>\n    </tr>\n    \n        <tr>\n            <th>Greater than</th>\n            <th>Less than or equal to</th>\n            <th>Formula</th>\n        </tr>\n    \n    \n    \n        <tr>\n            <td></td>\n            <td>10.00</td>\n            <td>2400</td>\n        </tr>\n    \n        <tr>\n            <td>10.00</td>\n            <td></td>\n            <td>2400 + ((HEIGHT - 10)*150)</td>\n        </tr>\n    \n</table>', 'range', NULL, NULL, NULL, '[[to:10.00,value:\"2400\",from:0],[value:\"2400 + ((HEIGHT - 10)*150)\",from:10.00]]', NULL, 1);
INSERT INTO `sys_rule_action_param` VALUES ('RULACT3f65f585:15b74b1144b:-63d9', 'RACT3f65f585:15b74b1144b:-63db', 'treasury.actions.UpdateBillItemAmount.type', NULL, NULL, NULL, NULL, NULL, NULL, NULL, NULL, NULL, NULL, 'ADD', NULL);
INSERT INTO `sys_rule_action_param` VALUES ('RULACT3f65f585:15b74b1144b:-63da', 'RACT3f65f585:15b74b1144b:-63db', 'treasury.actions.UpdateBillItemAmount.billitem', NULL, NULL, 'RCOND3f65f585:15b74b1144b:-6567', 'BILLITEM', NULL, NULL, NULL, NULL, NULL, NULL, NULL, NULL);
INSERT INTO `sys_rule_action_param` VALUES ('RULACT3f65f585:15b74b1144b:-70e4', 'RACT3f65f585:15b74b1144b:-70e7', 'treasury.actions.UpdateBillItemAmount.amount', NULL, NULL, NULL, NULL, '500', 'expression', NULL, NULL, NULL, NULL, NULL, NULL);
INSERT INTO `sys_rule_action_param` VALUES ('RULACT3f65f585:15b74b1144b:-70e5', 'RACT3f65f585:15b74b1144b:-70e7', 'treasury.actions.UpdateBillItemAmount.type', NULL, NULL, NULL, NULL, NULL, NULL, NULL, NULL, NULL, NULL, 'ADD', NULL);
INSERT INTO `sys_rule_action_param` VALUES ('RULACT3f65f585:15b74b1144b:-70e6', 'RACT3f65f585:15b74b1144b:-70e7', 'treasury.actions.UpdateBillItemAmount.billitem', NULL, NULL, 'RCOND3f65f585:15b74b1144b:-7253', 'BILLITEM', NULL, NULL, NULL, NULL, NULL, NULL, NULL, NULL);
INSERT INTO `sys_rule_action_param` VALUES ('RULACT3f65f585:15b74b1144b:-7497', 'RACT3f65f585:15b74b1144b:-749a', 'treasury.actions.UpdateBillItemAmount.amount', NULL, NULL, NULL, NULL, '@IIF(   SQM * 3 < 48,  48 ,   SQM * 3 );\n', 'expression', NULL, NULL, NULL, NULL, NULL, NULL);
INSERT INTO `sys_rule_action_param` VALUES ('RULACT3f65f585:15b74b1144b:-7498', 'RACT3f65f585:15b74b1144b:-749a', 'treasury.actions.UpdateBillItemAmount.type', NULL, NULL, NULL, NULL, NULL, NULL, NULL, NULL, NULL, NULL, 'ADD', NULL);
INSERT INTO `sys_rule_action_param` VALUES ('RULACT3f65f585:15b74b1144b:-7499', 'RACT3f65f585:15b74b1144b:-749a', 'treasury.actions.UpdateBillItemAmount.billitem', NULL, NULL, 'RCOND3f65f585:15b74b1144b:-75fa', 'BILLITEM', NULL, NULL, NULL, NULL, NULL, NULL, NULL, NULL);
INSERT INTO `sys_rule_action_param` VALUES ('RULACT48d65dac:169e67264db:-7db5', 'RACT48d65dac:169e67264db:-7ddf', 'obo.actions.ComputeConstructionCost.amount', NULL, NULL, NULL, NULL, 'AREA  * 10000', 'expression', NULL, NULL, NULL, NULL, NULL, NULL);
INSERT INTO `sys_rule_action_param` VALUES ('RULACT48d65dac:169e67264db:-7dcd', 'RACT48d65dac:169e67264db:-7ddf', 'obo.actions.ComputeConstructionCost.application', NULL, NULL, 'RCOND48d65dac:169e67264db:-7ec5', 'APP', NULL, NULL, NULL, NULL, NULL, NULL, NULL, NULL);
INSERT INTO `sys_rule_action_param` VALUES ('RULACT4e513a84:15b291a0165:-7de9', 'RACT4e513a84:15b291a0165:-7dec', 'treasury.actions.UpdateBillItemAmount.amount', NULL, NULL, 'RCONST6cc4d33e:15b3c1e2e72:-4b93', 'KW', '<table border=\"1\" cellpadding=\"1\" cellspacing=\"0\">\n    <tr>\n        <td colspan=\"3\">Use Variable: KW</td>\n    </tr>\n    \n        <tr>\n            <th>Greater than</th>\n            <th>Less than or equal to</th>\n            <th>Formula</th>\n        </tr>\n    \n    \n    \n        <tr>\n            <td></td>\n            <td>7.50</td>\n            <td> KW  * 500</td>\n        </tr>\n    \n        <tr>\n            <td>7.50</td>\n            <td>22.00</td>\n            <td>3750 + ( (KW-7.5) * 700)</td>\n        </tr>\n    \n        <tr>\n            <td>22.00</td>\n            <td>37.00</td>\n            <td>13900 + ( (KW-22) * 900 )</td>\n        </tr>\n    \n        <tr>\n            <td>37.00</td>\n            <td>52.00</td>\n            <td>27400 + ( (KW-37) *  1200)</td>\n        </tr>\n    \n        <tr>\n            <td>52.00</td>\n            <td>67.00</td>\n            <td>45400 + ( (KW-52) * 1400 )</td>\n        </tr>\n    \n        <tr>\n            <td>67.00</td>\n            <td>74.00</td>\n            <td>66400 +( (KW-67) * 1600 )</td>\n        </tr>\n    \n        <tr>\n            <td>74.00</td>\n            <td></td>\n            <td>77600 + ( Math.ceil( KW- 74 ) * 5 )</td>\n        </tr>\n    \n</table>', 'range', NULL, NULL, NULL, '[[to:7.50,value:\" KW  * 500\",from:0],[to:22.00,value:\"3750 + ( (KW-7.5) * 700)\",from:7.50],[to:37.00,value:\"13900 + ( (KW-22) * 900 )\",from:22.00],[to:52.00,value:\"27400 + ( (KW-37) *  1200)\",from:37.00],[to:67.00,value:\"45400 + ( (KW-52) * 1400 )\",from:52.00],[to:74.00,value:\"66400 +( (KW-67) * 1600 )\",from:67.00],[value:\"77600 + ( Math.ceil( KW- 74 ) * 5 )\",from:74.00]]', NULL, 1);
INSERT INTO `sys_rule_action_param` VALUES ('RULACT4e513a84:15b291a0165:-7dea', 'RACT4e513a84:15b291a0165:-7dec', 'treasury.actions.UpdateBillItemAmount.type', NULL, NULL, NULL, NULL, NULL, NULL, NULL, NULL, NULL, NULL, 'ADD', NULL);
INSERT INTO `sys_rule_action_param` VALUES ('RULACT4e513a84:15b291a0165:-7deb', 'RACT4e513a84:15b291a0165:-7dec', 'treasury.actions.UpdateBillItemAmount.billitem', NULL, NULL, 'RCOND4e513a84:15b291a0165:-7eba', 'BILLITEM', NULL, NULL, NULL, NULL, NULL, NULL, NULL, NULL);
INSERT INTO `sys_rule_action_param` VALUES ('RULACT51c2b1c4:15b69a42d57:-748e', 'RACT51c2b1c4:15b69a42d57:-7491', 'treasury.actions.UpdateBillItemAmount.amount', NULL, NULL, NULL, NULL, 'CUM * 0.25', 'expression', NULL, NULL, NULL, NULL, NULL, NULL);
INSERT INTO `sys_rule_action_param` VALUES ('RULACT51c2b1c4:15b69a42d57:-748f', 'RACT51c2b1c4:15b69a42d57:-7491', 'treasury.actions.UpdateBillItemAmount.type', NULL, NULL, NULL, NULL, NULL, NULL, NULL, NULL, NULL, NULL, 'ADD', NULL);
INSERT INTO `sys_rule_action_param` VALUES ('RULACT51c2b1c4:15b69a42d57:-7490', 'RACT51c2b1c4:15b69a42d57:-7491', 'treasury.actions.UpdateBillItemAmount.billitem', NULL, NULL, 'RCOND51c2b1c4:15b69a42d57:-779f', 'BILLITEM', NULL, NULL, NULL, NULL, NULL, NULL, NULL, NULL);
INSERT INTO `sys_rule_action_param` VALUES ('RULACT5299005:16a0f1aa990:-7e9e', 'RACT-24f6e11b:15b6c092725:-7bd5', 'treasury.actions.AddBillItem.billcode', NULL, NULL, NULL, NULL, NULL, NULL, NULL, 'ELECTRICAL_FEE', 'ELECTRICAL FEE', NULL, NULL, NULL);
INSERT INTO `sys_rule_action_param` VALUES ('RULACT544e84a6:15b372b5faf:-788b', 'RACT544e84a6:15b372b5faf:-788e', 'treasury.actions.UpdateBillItemAmount.amount', NULL, NULL, NULL, NULL, 'UNITS * 60', 'expression', NULL, NULL, NULL, NULL, NULL, NULL);
INSERT INTO `sys_rule_action_param` VALUES ('RULACT544e84a6:15b372b5faf:-788c', 'RACT544e84a6:15b372b5faf:-788e', 'treasury.actions.UpdateBillItemAmount.type', NULL, NULL, NULL, NULL, NULL, NULL, NULL, NULL, NULL, NULL, 'ADD', NULL);
INSERT INTO `sys_rule_action_param` VALUES ('RULACT544e84a6:15b372b5faf:-788d', 'RACT544e84a6:15b372b5faf:-788e', 'treasury.actions.UpdateBillItemAmount.billitem', NULL, NULL, 'RC33115abb:15b366b9fbd:-7fd2', 'BILLITEM', NULL, NULL, NULL, NULL, NULL, NULL, NULL, NULL);
INSERT INTO `sys_rule_action_param` VALUES ('RULACT544e84a6:15b372b5faf:-7da3', 'RACT544e84a6:15b372b5faf:-7da6', 'treasury.actions.UpdateBillItemAmount.amount', NULL, NULL, NULL, NULL, 'Math.ceil( TONS )  * 40', 'expression', NULL, NULL, NULL, NULL, NULL, NULL);
INSERT INTO `sys_rule_action_param` VALUES ('RULACT544e84a6:15b372b5faf:-7da4', 'RACT544e84a6:15b372b5faf:-7da6', 'treasury.actions.UpdateBillItemAmount.type', NULL, NULL, NULL, NULL, NULL, NULL, NULL, NULL, NULL, NULL, 'ADD', NULL);
INSERT INTO `sys_rule_action_param` VALUES ('RULACT544e84a6:15b372b5faf:-7da5', 'RACT544e84a6:15b372b5faf:-7da6', 'treasury.actions.UpdateBillItemAmount.billitem', NULL, NULL, 'RCOND544e84a6:15b372b5faf:-7e18', 'BILLITEM', NULL, NULL, NULL, NULL, NULL, NULL, NULL, NULL);
INSERT INTO `sys_rule_action_param` VALUES ('RULACT556b1af5:16a3311c7aa:-78cc', 'RACT-24f6e11b:15b6c092725:-7dca', 'treasury.actions.AddBillItem.billcode', NULL, NULL, NULL, NULL, NULL, NULL, NULL, 'MECHANICAL_FEE', 'MECHANICAL FEE', NULL, NULL, NULL);
INSERT INTO `sys_rule_action_param` VALUES ('RULACT55d9e7c7:16a3522d159:-6e20', 'RACT55d9e7c7:16a3522d159:-6e7c', 'treasury.actions.UpdateBillItemAmount.amount', NULL, NULL, NULL, NULL, 'def d = @IIF(  FIXEDCOST > PROJCOST ,  FIXEDCOST * 0.01,  PROJCOST * 0.01 )', 'expression', NULL, NULL, NULL, NULL, NULL, NULL);
INSERT INTO `sys_rule_action_param` VALUES ('RULACT55d9e7c7:16a3522d159:-6e43', 'RACT55d9e7c7:16a3522d159:-6e7c', 'treasury.actions.UpdateBillItemAmount.type', NULL, NULL, NULL, NULL, NULL, NULL, NULL, NULL, NULL, NULL, 'ADD', NULL);
INSERT INTO `sys_rule_action_param` VALUES ('RULACT55d9e7c7:16a3522d159:-6e64', 'RACT55d9e7c7:16a3522d159:-6e7c', 'treasury.actions.UpdateBillItemAmount.billitem', NULL, NULL, 'RCOND55d9e7c7:16a3522d159:-6f32', 'FIREFEE', NULL, NULL, NULL, NULL, NULL, NULL, NULL, NULL);
INSERT INTO `sys_rule_action_param` VALUES ('RULACT59515aa4:16a3a32fa5e:-45c6', 'RACT59515aa4:16a3a32fa5e:-45de', 'treasury.actions.UpdateBillItemAmount.billitem', NULL, NULL, 'RCOND59515aa4:16a3a32fa5e:-4696', 'BILLITEM', NULL, NULL, NULL, NULL, NULL, NULL, NULL, NULL);
INSERT INTO `sys_rule_action_param` VALUES ('RULACT59515aa4:16a3a32fa5e:-5422', 'RACT59515aa4:16a3a32fa5e:-54ec', 'treasury.actions.AddBillItem.amount', NULL, NULL, NULL, NULL, '0', 'expression', NULL, NULL, NULL, NULL, NULL, NULL);
INSERT INTO `sys_rule_action_param` VALUES ('RULACT59515aa4:16a3a32fa5e:-54c2', 'RACT59515aa4:16a3a32fa5e:-54ec', 'treasury.actions.AddBillItem.billcode', NULL, NULL, NULL, NULL, NULL, NULL, NULL, 'ACCESSORY_STRUCTURE_FEE', 'ACCESSORY STRUCTURE FEE', NULL, NULL, NULL);
INSERT INTO `sys_rule_action_param` VALUES ('RULACT59515aa4:16a3a32fa5e:-596e', 'RACT59515aa4:16a3a32fa5e:-59a7', 'treasury.actions.UpdateBillItemAmount.amount', NULL, NULL, 'RCONST59515aa4:16a3a32fa5e:-6c9a', 'AREA', '<table border=\"1\" cellpadding=\"1\" cellspacing=\"0\">\n    <tr>\n        <td colspan=\"3\">Use Variable: AREA</td>\n    </tr>\n    \n        <tr>\n            <th>Greater than</th>\n            <th>Less than or equal to</th>\n            <th>Formula</th>\n        </tr>\n    \n    \n    \n        <tr>\n            <td></td>\n            <td>20.00</td>\n            <td>3.4 * AREA</td>\n        </tr>\n    \n        <tr>\n            <td>20.00</td>\n            <td>50.00</td>\n            <td>5.20 * AREA</td>\n        </tr>\n    \n        <tr>\n            <td>50.00</td>\n            <td>150.00</td>\n            <td>8 * AREA</td>\n        </tr>\n    \n        <tr>\n            <td>150.00</td>\n            <td></td>\n            <td>8.40 * AREA</td>\n        </tr>\n    \n</table>', 'range', NULL, NULL, NULL, '[[to:20.00,value:\"3.4 * AREA\",from:0],[to:50.00,value:\"5.20 * AREA\",from:20.00],[to:150.00,value:\"8 * AREA\",from:50.00],[value:\"8.40 * AREA\",from:150.00]]', NULL, 1);
INSERT INTO `sys_rule_action_param` VALUES ('RULACT59515aa4:16a3a32fa5e:-598f', 'RACT59515aa4:16a3a32fa5e:-59a7', 'treasury.actions.UpdateBillItemAmount.billitem', NULL, NULL, 'RCOND59515aa4:16a3a32fa5e:-5f34', 'BILLITEM', NULL, NULL, NULL, NULL, NULL, NULL, NULL, NULL);
INSERT INTO `sys_rule_action_param` VALUES ('RULACT59515aa4:16a3a32fa5e:-5a1c', 'RACT59515aa4:16a3a32fa5e:-5a55', 'treasury.actions.UpdateBillItemAmount.amount', NULL, NULL, 'RCONST59515aa4:16a3a32fa5e:-6e00', 'AREA', '<table border=\"1\" cellpadding=\"1\" cellspacing=\"0\">\n    <tr>\n        <td colspan=\"3\">Use Variable: AREA</td>\n    </tr>\n    \n        <tr>\n            <th>Greater than</th>\n            <th>Less than or equal to</th>\n            <th>Formula</th>\n        </tr>\n    \n    \n    \n        <tr>\n            <td></td>\n            <td>20.00</td>\n            <td>2.4 * AREA</td>\n        </tr>\n    \n        <tr>\n            <td>20.00</td>\n            <td>50.00</td>\n            <td>3.40 * AREA</td>\n        </tr>\n    \n        <tr>\n            <td>50.00</td>\n            <td>100.00</td>\n            <td>4.80 * AREA</td>\n        </tr>\n    \n        <tr>\n            <td>100.00</td>\n            <td>150.00</td>\n            <td>6.0 * AREA</td>\n        </tr>\n    \n        <tr>\n            <td>150.00</td>\n            <td></td>\n            <td>7.20 * AREA</td>\n        </tr>\n    \n</table>', 'range', NULL, NULL, NULL, '[[to:20.00,value:\"2.4 * AREA\",from:0],[to:50.00,value:\"3.40 * AREA\",from:20.00],[to:100.00,value:\"4.80 * AREA\",from:50.00],[to:150.00,value:\"6.0 * AREA\",from:100.00],[value:\"7.20 * AREA\",from:150.00]]', NULL, 1);
INSERT INTO `sys_rule_action_param` VALUES ('RULACT59515aa4:16a3a32fa5e:-5a3d', 'RACT59515aa4:16a3a32fa5e:-5a55', 'treasury.actions.UpdateBillItemAmount.billitem', NULL, NULL, 'RCOND59515aa4:16a3a32fa5e:-6012', 'BILLITEM', NULL, NULL, NULL, NULL, NULL, NULL, NULL, NULL);
INSERT INTO `sys_rule_action_param` VALUES ('RULACT59515aa4:16a3a32fa5e:-5bb2', 'RACT59515aa4:16a3a32fa5e:-5beb', 'treasury.actions.UpdateBillItemAmount.amount', NULL, NULL, 'RCONST59515aa4:16a3a32fa5e:-6f63', 'AREA', '<table border=\"1\" cellpadding=\"1\" cellspacing=\"0\">\n    <tr>\n        <td colspan=\"3\">Use Variable: AREA</td>\n    </tr>\n    \n        <tr>\n            <th>Greater than</th>\n            <th>Less than or equal to</th>\n            <th>Formula</th>\n        </tr>\n    \n    \n    \n        <tr>\n            <td></td>\n            <td>500.00</td>\n            <td>(AREA * 12) * 0.5</td>\n        </tr>\n    \n        <tr>\n            <td>500.00</td>\n            <td>600.00</td>\n            <td>(6000 + ((AREA-500) * 11)) * 0.5</td>\n        </tr>\n    \n        <tr>\n            <td>600.00</td>\n            <td>700.00</td>\n            <td>(6000 + 1100 + ((AREA-600) * 10.20)) * 0.5</td>\n        </tr>\n    \n        <tr>\n            <td>700.00</td>\n            <td>800.00</td>\n            <td>(6000 + 1100 + 1020 + ((AREA-700) * 9.60)) * 0.5</td>\n        </tr>\n    \n        <tr>\n            <td>800.00</td>\n            <td>900.00</td>\n            <td>(6000 + 1100 + 1020 + 960 + ((AREA-800) * 9)) * 0.5</td>\n        </tr>\n    \n        <tr>\n            <td>900.00</td>\n            <td>1000.00</td>\n            <td>(6000 + 1100 + 1020 + 960  + 900 + ((AREA-900) * 8.40)) * 0.5</td>\n        </tr>\n    \n        <tr>\n            <td>1000.00</td>\n            <td>1500.00</td>\n            <td>(6000 + 1100 + 1020 + 960  + 900 + 840 + ((AREA-1000) * 7.2)) * 0.5</td>\n        </tr>\n    \n        <tr>\n            <td>1500.00</td>\n            <td>2000.00</td>\n            <td>(6000 + 1100 + 1020 + 960  + 900 + 840 +  3600 + ((AREA-1500) * 6.6)) * 0.5</td>\n        </tr>\n    \n        <tr>\n            <td>2000.00</td>\n            <td>3000.00</td>\n            <td>(6000 + 1100 + 1020 + 960  + 900 + 840 +  3600 + 3300 + ((AREA-2000) * 6)) * 0.5</td>\n        </tr>\n    \n        <tr>\n            <td>3000.00</td>\n            <td></td>\n            <td>(6000 + 1100 + 1020 + 960  + 900 + 840 +  3600 + 3300 + 6000 + ((AREA-3000) * 5)) * 0.5</td>\n        </tr>\n    \n</table>', 'range', NULL, NULL, NULL, '[[to:500.00,value:\"(AREA * 12) * 0.5\",from:0],[to:600.00,value:\"(6000 + ((AREA-500) * 11)) * 0.5\",from:500.00],[to:700.00,value:\"(6000 + 1100 + ((AREA-600) * 10.20)) * 0.5\",from:600.00],[to:800.00,value:\"(6000 + 1100 + 1020 + ((AREA-700) * 9.60)) * 0.5\",from:700.00],[to:900.00,value:\"(6000 + 1100 + 1020 + 960 + ((AREA-800) * 9)) * 0.5\",from:800.00],[to:1000.00,value:\"(6000 + 1100 + 1020 + 960  + 900 + ((AREA-900) * 8.40)) * 0.5\",from:900.00],[to:1500.00,value:\"(6000 + 1100 + 1020 + 960  + 900 + 840 + ((AREA-1000) * 7.2)) * 0.5\",from:1000.00],[to:2000.00,value:\"(6000 + 1100 + 1020 + 960  + 900 + 840 +  3600 + ((AREA-1500) * 6.6)) * 0.5\",from:1500.00],[to:3000.00,value:\"(6000 + 1100 + 1020 + 960  + 900 + 840 +  3600 + 3300 + ((AREA-2000) * 6)) * 0.5\",from:2000.00],[value:\"(6000 + 1100 + 1020 + 960  + 900 + 840 +  3600 + 3300 + 6000 + ((AREA-3000) * 5)) * 0.5\",from:3000.00]]', NULL, 1);
INSERT INTO `sys_rule_action_param` VALUES ('RULACT59515aa4:16a3a32fa5e:-5bd3', 'RACT59515aa4:16a3a32fa5e:-5beb', 'treasury.actions.UpdateBillItemAmount.billitem', NULL, NULL, 'RCOND59515aa4:16a3a32fa5e:-60f0', 'BILLITEM', NULL, NULL, NULL, NULL, NULL, NULL, NULL, NULL);
INSERT INTO `sys_rule_action_param` VALUES ('RULACT59515aa4:16a3a32fa5e:-5c60', 'RACT59515aa4:16a3a32fa5e:-5c99', 'treasury.actions.UpdateBillItemAmount.amount', NULL, NULL, 'RCONST59515aa4:16a3a32fa5e:-7154', 'AREA', '<table border=\"1\" cellpadding=\"1\" cellspacing=\"0\">\n    <tr>\n        <td colspan=\"3\">Use Variable: AREA</td>\n    </tr>\n    \n        <tr>\n            <th>Greater than</th>\n            <th>Less than or equal to</th>\n            <th>Formula</th>\n        </tr>\n    \n    \n    \n        <tr>\n            <td></td>\n            <td>500.00</td>\n            <td>(AREA * 23) * 0.5</td>\n        </tr>\n    \n        <tr>\n            <td>500.00</td>\n            <td>600.00</td>\n            <td>(11500 + ((AREA-500) * 22)) * 0.5</td>\n        </tr>\n    \n        <tr>\n            <td>600.00</td>\n            <td>700.00</td>\n            <td>(11500 + 2200 + ((AREA-600) * 20.50)) * 0.5</td>\n        </tr>\n    \n        <tr>\n            <td>700.00</td>\n            <td>800.00</td>\n            <td>(11500 + 2200 + 2050 + ((AREA-700) * 19.50)) * 0.5</td>\n        </tr>\n    \n        <tr>\n            <td>800.00</td>\n            <td>900.00</td>\n            <td>(11500 + 2200 + 2050 + 1950 + ((AREA-800) * 18)) * 0.5</td>\n        </tr>\n    \n        <tr>\n            <td>900.00</td>\n            <td>1000.00</td>\n            <td>(11500 + 2200 + 2050 + 1950 + 1800 + ((AREA-900) * 17)) * 0.5</td>\n        </tr>\n    \n        <tr>\n            <td>1000.00</td>\n            <td>1500.00</td>\n            <td>(11500 + 2200 + 2050 + 1950 + 1800 + 1700 + ((AREA-1000) * 16)) * 0.5</td>\n        </tr>\n    \n        <tr>\n            <td>1500.00</td>\n            <td>2000.00</td>\n            <td>(11500 + 2200 + 2050 + 1950 + 1800 + 1700 + 8000 + 7500 + ((AREA-2000) * 14)) * 0.5</td>\n        </tr>\n    \n        <tr>\n            <td>2000.00</td>\n            <td>3000.00</td>\n            <td>11500 + 2200 + 2050 + 1950 + 1800 + 1700 + 8000 + 7500 + ((AREA-2000) * 14)</td>\n        </tr>\n    \n        <tr>\n            <td>3000.00</td>\n            <td></td>\n            <td>(11500 + 2200 + 2050 + 1950 + 1800 + 1700 + 8000 + 7500 + 14000 + ((AREA-3000) * 12)) * 0.5</td>\n        </tr>\n    \n</table>', 'range', NULL, NULL, NULL, '[[to:500.00,value:\"(AREA * 23) * 0.5\",from:0],[to:600.00,value:\"(11500 + ((AREA-500) * 22)) * 0.5\",from:500.00],[to:700.00,value:\"(11500 + 2200 + ((AREA-600) * 20.50)) * 0.5\",from:600.00],[to:800.00,value:\"(11500 + 2200 + 2050 + ((AREA-700) * 19.50)) * 0.5\",from:700.00],[to:900.00,value:\"(11500 + 2200 + 2050 + 1950 + ((AREA-800) * 18)) * 0.5\",from:800.00],[to:1000.00,value:\"(11500 + 2200 + 2050 + 1950 + 1800 + ((AREA-900) * 17)) * 0.5\",from:900.00],[to:1500.00,value:\"(11500 + 2200 + 2050 + 1950 + 1800 + 1700 + ((AREA-1000) * 16)) * 0.5\",from:1000.00],[to:2000.00,value:\"(11500 + 2200 + 2050 + 1950 + 1800 + 1700 + 8000 + 7500 + ((AREA-2000) * 14)) * 0.5\",from:1500.00],[to:3000.00,value:\"11500 + 2200 + 2050 + 1950 + 1800 + 1700 + 8000 + 7500 + ((AREA-2000) * 14)\",from:2000.00],[value:\"(11500 + 2200 + 2050 + 1950 + 1800 + 1700 + 8000 + 7500 + 14000 + ((AREA-3000) * 12)) * 0.5\",from:3000.00]]', NULL, 1);
INSERT INTO `sys_rule_action_param` VALUES ('RULACT59515aa4:16a3a32fa5e:-5c81', 'RACT59515aa4:16a3a32fa5e:-5c99', 'treasury.actions.UpdateBillItemAmount.billitem', NULL, NULL, 'RCOND59515aa4:16a3a32fa5e:-61ce', 'BILLITEM', NULL, NULL, NULL, NULL, NULL, NULL, NULL, NULL);
INSERT INTO `sys_rule_action_param` VALUES ('RULACT59515aa4:16a3a32fa5e:-5d0e', 'RACT59515aa4:16a3a32fa5e:-5d47', 'treasury.actions.UpdateBillItemAmount.amount', NULL, NULL, 'RCONST59515aa4:16a3a32fa5e:-72f2', 'AREA', '<table border=\"1\" cellpadding=\"1\" cellspacing=\"0\">\n    <tr>\n        <td colspan=\"3\">Use Variable: AREA</td>\n    </tr>\n    \n        <tr>\n            <th>Greater than</th>\n            <th>Less than or equal to</th>\n            <th>Formula</th>\n        </tr>\n    \n    \n    \n        <tr>\n            <td></td>\n            <td>20.00</td>\n            <td>3.0 * AREA * 0.5</td>\n        </tr>\n    \n        <tr>\n            <td>20.00</td>\n            <td>50.00</td>\n            <td>5.20 * AREA * 0.5</td>\n        </tr>\n    \n        <tr>\n            <td>50.00</td>\n            <td>150.00</td>\n            <td>8 * AREA * 0.50</td>\n        </tr>\n    \n        <tr>\n            <td>150.00</td>\n            <td></td>\n            <td>8.40 * AREA * 0.5</td>\n        </tr>\n    \n</table>', 'range', NULL, NULL, NULL, '[[to:20.00,value:\"3.0 * AREA * 0.5\",from:0],[to:50.00,value:\"5.20 * AREA * 0.5\",from:20.00],[to:150.00,value:\"8 * AREA * 0.50\",from:50.00],[value:\"8.40 * AREA * 0.5\",from:150.00]]', NULL, 1);
INSERT INTO `sys_rule_action_param` VALUES ('RULACT59515aa4:16a3a32fa5e:-5d2f', 'RACT59515aa4:16a3a32fa5e:-5d47', 'treasury.actions.UpdateBillItemAmount.billitem', NULL, NULL, 'RCOND59515aa4:16a3a32fa5e:-62ac', 'BILLITEM', NULL, NULL, NULL, NULL, NULL, NULL, NULL, NULL);
INSERT INTO `sys_rule_action_param` VALUES ('RULACT59515aa4:16a3a32fa5e:-5e10', 'RACT59515aa4:16a3a32fa5e:-5e5b', 'treasury.actions.UpdateBillItemAmount.amount', NULL, NULL, 'RCONST59515aa4:16a3a32fa5e:-74ed', 'AREA', '<table border=\"1\" cellpadding=\"1\" cellspacing=\"0\">\n    <tr>\n        <td colspan=\"3\">Use Variable: AREA</td>\n    </tr>\n    \n        <tr>\n            <th>Greater than</th>\n            <th>Less than or equal to</th>\n            <th>Formula</th>\n        </tr>\n    \n    \n    \n        <tr>\n            <td></td>\n            <td>20.00</td>\n            <td>2.0 * AREA * 0.50</td>\n        </tr>\n    \n        <tr>\n            <td>20.00</td>\n            <td>50.00</td>\n            <td>3.40 * AREA * 0.50</td>\n        </tr>\n    \n        <tr>\n            <td>50.00</td>\n            <td>100.00</td>\n            <td>4.80 * AREA * 0.50</td>\n        </tr>\n    \n        <tr>\n            <td>100.00</td>\n            <td>150.00</td>\n            <td>6.0 * AREA * 0.50</td>\n        </tr>\n    \n        <tr>\n            <td>150.00</td>\n            <td></td>\n            <td>7.20 * AREA * 0.50</td>\n        </tr>\n    \n</table>', 'range', NULL, NULL, NULL, '[[to:20.00,value:\"2.0 * AREA * 0.50\",from:0],[to:50.00,value:\"3.40 * AREA * 0.50\",from:20.00],[to:100.00,value:\"4.80 * AREA * 0.50\",from:50.00],[to:150.00,value:\"6.0 * AREA * 0.50\",from:100.00],[value:\"7.20 * AREA * 0.50\",from:150.00]]', NULL, 1);
INSERT INTO `sys_rule_action_param` VALUES ('RULACT59515aa4:16a3a32fa5e:-5e43', 'RACT59515aa4:16a3a32fa5e:-5e5b', 'treasury.actions.UpdateBillItemAmount.billitem', NULL, NULL, 'RCOND59515aa4:16a3a32fa5e:-63aa', 'BILLITEM', NULL, NULL, NULL, NULL, NULL, NULL, NULL, NULL);
INSERT INTO `sys_rule_action_param` VALUES ('RULACT67dafb9:15b5100218a:-7c98', 'RACT67dafb9:15b5100218a:-7c9a', 'treasury.actions.AddBillItem.amount', NULL, NULL, 'RCONST2bdcadbe:16c2d9fc74a:-5ba6', 'COST', '<table border=\"1\" cellpadding=\"1\" cellspacing=\"0\">\n    <tr>\n        <td colspan=\"3\">Use Variable: COST</td>\n    </tr>\n    \n        <tr>\n            <th>Greater than</th>\n            <th>Less than or equal to</th>\n            <th>Formula</th>\n        </tr>\n    \n    \n    \n        <tr>\n            <td></td>\n            <td>150000.00</td>\n            <td>100</td>\n        </tr>\n    \n        <tr>\n            <td>150000.00</td>\n            <td>400000.00</td>\n            <td>200</td>\n        </tr>\n    \n        <tr>\n            <td>400000.00</td>\n            <td>850000.00</td>\n            <td>400</td>\n        </tr>\n    \n        <tr>\n            <td>850000.00</td>\n            <td>1200000.00</td>\n            <td>800</td>\n        </tr>\n    \n        <tr>\n            <td>1200000.00</td>\n            <td></td>\n            <td>800 +  (Math.ceil((COST-1200000)/1000000) * 800)</td>\n        </tr>\n    \n</table>', 'range', NULL, NULL, NULL, '[[to:150000.00,value:\"100\",from:0],[to:400000.00,value:\"200\",from:150000.00],[to:850000.00,value:\"400\",from:400000.00],[to:1200000.00,value:\"800\",from:850000.00],[value:\"800 +  (Math.ceil((COST-1200000)/1000000) * 800)\",from:1200000.00]]', NULL, 1);
INSERT INTO `sys_rule_action_param` VALUES ('RULACT67dafb9:15b5100218a:-7c99', 'RACT67dafb9:15b5100218a:-7c9a', 'treasury.actions.AddBillItem.account', NULL, NULL, NULL, NULL, NULL, NULL, NULL, 'ITMACCT-3859e913:15625f2385d:-6919', 'BUILDING OCCUPANCY FEE', NULL, NULL, NULL);
INSERT INTO `sys_rule_action_param` VALUES ('RULACT67f85531:15b22c52b19:-7893', 'RACT67f85531:15b22c52b19:-7894', 'ACTPARAM-1bc7542a:15b22baf4c3:-7eb9', NULL, NULL, 'RCOND67f85531:15b22c52b19:-78f7', 'BILLITEM', NULL, NULL, NULL, NULL, NULL, NULL, NULL, NULL);
INSERT INTO `sys_rule_action_param` VALUES ('RULACT6e008a5f:15b6c73a9f2:-7c34', 'RACT6e008a5f:15b6c73a9f2:-7c37', 'treasury.actions.UpdateBillItemAmount.amount', NULL, NULL, NULL, NULL, 'CUM * 3', 'expression', NULL, NULL, NULL, NULL, NULL, NULL);
INSERT INTO `sys_rule_action_param` VALUES ('RULACT6e008a5f:15b6c73a9f2:-7c35', 'RACT6e008a5f:15b6c73a9f2:-7c37', 'treasury.actions.UpdateBillItemAmount.type', NULL, NULL, NULL, NULL, NULL, NULL, NULL, NULL, NULL, NULL, 'ADD', NULL);
INSERT INTO `sys_rule_action_param` VALUES ('RULACT6e008a5f:15b6c73a9f2:-7c36', 'RACT6e008a5f:15b6c73a9f2:-7c37', 'treasury.actions.UpdateBillItemAmount.billitem', NULL, NULL, 'RCOND6e008a5f:15b6c73a9f2:-7e16', 'BILLITEM', NULL, NULL, NULL, NULL, NULL, NULL, NULL, NULL);
INSERT INTO `sys_rule_action_param` VALUES ('RULACT75928924:15b1d4d1c53:-7104', 'RACT75928924:15b1d4d1c53:-718f', 'treasury.actions.UpdateBillItemAmount.type', NULL, NULL, NULL, NULL, NULL, NULL, NULL, NULL, NULL, NULL, 'ADD', NULL);
INSERT INTO `sys_rule_action_param` VALUES ('RULACT75928924:15b1d4d1c53:-718d', 'RACT75928924:15b1d4d1c53:-718f', 'treasury.actions.UpdateBillItemAmount.amount', NULL, NULL, 'RCONST6cc4d33e:15b3c1e2e72:-71b9', 'KVA', '<table border=\"1\" cellpadding=\"1\" cellspacing=\"0\">\n    <tr>\n        <td colspan=\"3\">Use Variable: KVA</td>\n    </tr>\n    \n        <tr>\n            <th>Greater than</th>\n            <th>Less than or equal to</th>\n            <th>Formula</th>\n        </tr>\n    \n    \n    \n        <tr>\n            <td></td>\n            <td>5.00</td>\n            <td>200</td>\n        </tr>\n    \n        <tr>\n            <td>5.00</td>\n            <td>50.00</td>\n            <td>200 +  ( (KVA-5) * 20 )</td>\n        </tr>\n    \n        <tr>\n            <td>50.00</td>\n            <td>300.00</td>\n            <td>1100 + ( (KVA-50) * 10)</td>\n        </tr>\n    \n        <tr>\n            <td>300.00</td>\n            <td>1500.00</td>\n            <td>3600 + ( (KVA-300) * 5)</td>\n        </tr>\n    \n        <tr>\n            <td>1500.00</td>\n            <td>6000.00</td>\n            <td>9600 + ( (KVA-1500) * 2.5)</td>\n        </tr>\n    \n        <tr>\n            <td>6000.00</td>\n            <td></td>\n            <td>20850 + ( (KVA-6000) * 1.25)</td>\n        </tr>\n    \n</table>', 'range', NULL, NULL, NULL, '[[to:5.00,value:\"200\",from:0.00],[to:50.00,value:\"200 +  ( (KVA-5) * 20 )\",from:5.00],[to:300.00,value:\"1100 + ( (KVA-50) * 10)\",from:50.00],[to:1500.00,value:\"3600 + ( (KVA-300) * 5)\",from:300.00],[to:6000.00,value:\"9600 + ( (KVA-1500) * 2.5)\",from:1500.00],[value:\"20850 + ( (KVA-6000) * 1.25)\",from:6000.00]]', NULL, 1);
INSERT INTO `sys_rule_action_param` VALUES ('RULACT75928924:15b1d4d1c53:-718e', 'RACT75928924:15b1d4d1c53:-718f', 'treasury.actions.UpdateBillItemAmount.billitem', NULL, NULL, 'RCOND75928924:15b1d4d1c53:-7328', 'BILLITEM', NULL, NULL, NULL, NULL, NULL, NULL, NULL, NULL);
COMMIT;

-- ----------------------------
-- Table structure for sys_rule_actiondef
-- ----------------------------
DROP TABLE IF EXISTS `sys_rule_actiondef`;
CREATE TABLE `sys_rule_actiondef` (
  `objid` varchar(50) NOT NULL,
  `name` varchar(50) NOT NULL,
  `title` varchar(250) DEFAULT NULL,
  `sortorder` int(11) DEFAULT NULL,
  `actionname` varchar(50) DEFAULT NULL,
  `domain` varchar(50) DEFAULT NULL,
  `actionclass` varchar(255) DEFAULT NULL,
  PRIMARY KEY (`objid`)
) ENGINE=InnoDB DEFAULT CHARSET=utf8;

-- ----------------------------
-- Records of sys_rule_actiondef
-- ----------------------------
BEGIN;
INSERT INTO `sys_rule_actiondef` VALUES ('-9c88384:15b1cf68850:-7ff4', 'ask-info', 'Ask Variable Info', 1, 'ask-info', 'ENTERPRISE', 'enterprise.actions.AskInfo');
INSERT INTO `sys_rule_actiondef` VALUES ('obo.actions.ComputeConstructionCost', 'compute-construction-cost', 'Compute Construction Cost', 1, 'compute-construction-cost', 'OBO', 'obo.actions.ComputeConstructionCost');
INSERT INTO `sys_rule_actiondef` VALUES ('RULADEF-1bc7542a:15b22baf4c3:-7ec1', 'remove-billitem', 'Remove Bill Item', 1, 'remove-billitem', 'TREASURY', 'treasury.actions.RemoveBillItem');
INSERT INTO `sys_rule_actiondef` VALUES ('RULADEF-75b995c:15b18c6b9a6:-7ad0', 'compute-construction-cost', 'Compute Construction Cost', 1, 'compute-construction-cost', 'OBO', 'obo.actions.ComputeConstructionCost');
INSERT INTO `sys_rule_actiondef` VALUES ('RULADEF219ddee1:15b1cef71bd:-7d78', 'add-system-variable', 'Add System Variable', 1, 'add-system-variable', 'ENTERPRISE', 'enterprise.actions.AddSystemVariable');
INSERT INTO `sys_rule_actiondef` VALUES ('RULADEF6e008a5f:15b6c73a9f2:-6b1d', 'update-obovariableinfo-amount', 'Update Obo Variable Info Amount', 1, 'update-obovariableinfo-amount', 'OBO', 'obo.actions.UpdateOboVariableInfoAmount');
INSERT INTO `sys_rule_actiondef` VALUES ('treasury.actions.AddBillItem', 'add-billitem', 'Add Bill Item', 2, 'add-billitem', 'TREASURY', 'treasury.actions.AddBillItem');
INSERT INTO `sys_rule_actiondef` VALUES ('treasury.actions.UpdateBillItemAmount', 'update-billitem-amount', 'Update BillItem Amount', 1, 'update-billitem-amount', 'TREASURY', 'treasury.actions.UpdateBillItemAmount');
COMMIT;

-- ----------------------------
-- Table structure for sys_rule_actiondef_param
-- ----------------------------
DROP TABLE IF EXISTS `sys_rule_actiondef_param`;
CREATE TABLE `sys_rule_actiondef_param` (
  `objid` varchar(100) NOT NULL DEFAULT '',
  `parentid` varchar(50) DEFAULT NULL,
  `name` varchar(50) NOT NULL,
  `sortorder` int(11) DEFAULT NULL,
  `title` varchar(50) DEFAULT NULL,
  `datatype` varchar(50) DEFAULT NULL,
  `handler` varchar(50) DEFAULT NULL,
  `lookuphandler` varchar(50) DEFAULT NULL,
  `lookupkey` varchar(50) DEFAULT NULL,
  `lookupvalue` varchar(50) DEFAULT NULL,
  `vardatatype` varchar(50) DEFAULT NULL,
  `lovname` varchar(50) DEFAULT NULL,
  PRIMARY KEY (`objid`),
  KEY `parentid` (`parentid`),
  CONSTRAINT `sys_rule_actiondef_param_ibfk_1` FOREIGN KEY (`parentid`) REFERENCES `sys_rule_actiondef` (`objid`)
) ENGINE=InnoDB DEFAULT CHARSET=utf8;

-- ----------------------------
-- Records of sys_rule_actiondef_param
-- ----------------------------
BEGIN;
INSERT INTO `sys_rule_actiondef_param` VALUES ('-9c88384:15b1cf68850:-7ff2', '-9c88384:15b1cf68850:-7ff4', 'value', 2, 'Default Value', NULL, 'expression', NULL, NULL, NULL, NULL, NULL);
INSERT INTO `sys_rule_actiondef_param` VALUES ('-9c88384:15b1cf68850:-7ff3', '-9c88384:15b1cf68850:-7ff4', 'name', 1, 'Info Name', NULL, 'lookup', 'obovariable:lookup', 'name', 'name', 'object', NULL);
INSERT INTO `sys_rule_actiondef_param` VALUES ('ACTPARAM-1bc7542a:15b22baf4c3:-7eb9', 'RULADEF-1bc7542a:15b22baf4c3:-7ec1', 'billitem', 1, 'Bill Item', NULL, 'var', NULL, NULL, NULL, 'treasury.facts.AbstractBillItem', NULL);
INSERT INTO `sys_rule_actiondef_param` VALUES ('ACTPARAM-75b995c:15b18c6b9a6:-7ab9', 'RULADEF-75b995c:15b18c6b9a6:-7ad0', 'amount', 2, 'Amount', NULL, 'expression', NULL, NULL, NULL, NULL, NULL);
INSERT INTO `sys_rule_actiondef_param` VALUES ('ACTPARAM-75b995c:15b18c6b9a6:-7ac8', 'RULADEF-75b995c:15b18c6b9a6:-7ad0', 'application', 1, 'OBO Application', NULL, 'var', NULL, NULL, NULL, 'obo.facts.OboApplication', NULL);
INSERT INTO `sys_rule_actiondef_param` VALUES ('ACTPARAM219ddee1:15b1cef71bd:-7d54', 'RULADEF219ddee1:15b1cef71bd:-7d78', 'value', 3, 'Value', NULL, 'expression', NULL, NULL, NULL, NULL, NULL);
INSERT INTO `sys_rule_actiondef_param` VALUES ('ACTPARAM219ddee1:15b1cef71bd:-7d63', 'RULADEF219ddee1:15b1cef71bd:-7d78', 'datatype', 2, 'Data Type', NULL, 'lov', NULL, NULL, NULL, NULL, 'SYSTEM_INFO_DATATYPE');
INSERT INTO `sys_rule_actiondef_param` VALUES ('ACTPARAM219ddee1:15b1cef71bd:-7d70', 'RULADEF219ddee1:15b1cef71bd:-7d78', 'name', 1, 'Name', 'string', 'string', NULL, NULL, NULL, 'string', NULL);
INSERT INTO `sys_rule_actiondef_param` VALUES ('ACTPARAM6e008a5f:15b6c73a9f2:-6b06', 'RULADEF6e008a5f:15b6c73a9f2:-6b1d', 'amount', 2, 'Amount', NULL, 'expression', NULL, NULL, NULL, NULL, NULL);
INSERT INTO `sys_rule_actiondef_param` VALUES ('ACTPARAM6e008a5f:15b6c73a9f2:-6b15', 'RULADEF6e008a5f:15b6c73a9f2:-6b1d', 'info', 1, 'Info', NULL, 'var', NULL, NULL, NULL, 'obo.facts.OboVariableInfo', NULL);
INSERT INTO `sys_rule_actiondef_param` VALUES ('obo.actions.ComputeConstructionCost.amount', 'obo.actions.ComputeConstructionCost', 'amount', 2, 'Amount', NULL, 'expression', NULL, NULL, NULL, NULL, NULL);
INSERT INTO `sys_rule_actiondef_param` VALUES ('obo.actions.ComputeConstructionCost.application', 'obo.actions.ComputeConstructionCost', 'application', 1, 'OBO Building Application', NULL, 'var', NULL, NULL, NULL, 'obo.facts.BuildingApplication', NULL);
INSERT INTO `sys_rule_actiondef_param` VALUES ('treasury.actions.AddBillItem.account', 'treasury.actions.AddBillItem', 'account', 1, 'Account', NULL, 'lookup', 'revenueitem:lookup', 'objid', 'title', NULL, NULL);
INSERT INTO `sys_rule_actiondef_param` VALUES ('treasury.actions.AddBillItem.amount', 'treasury.actions.AddBillItem', 'amount', 2, 'Amount', NULL, 'expression', NULL, NULL, NULL, NULL, NULL);
INSERT INTO `sys_rule_actiondef_param` VALUES ('treasury.actions.AddBillItem.billcode', 'treasury.actions.AddBillItem', 'billcode', 4, 'Bill Code', NULL, 'lookup', 'obo_itemaccount:lookup', 'objid', 'title', 'string', NULL);
INSERT INTO `sys_rule_actiondef_param` VALUES ('treasury.actions.AddBillItem.txntype', 'treasury.actions.AddBillItem', 'txntype', 3, 'Txn Type', NULL, 'lookup', 'billitemtype:lookup', 'objid', 'title', 'string', NULL);
INSERT INTO `sys_rule_actiondef_param` VALUES ('treasury.actions.UpdateBillItemAmount.amount', 'treasury.actions.UpdateBillItemAmount', 'amount', 3, 'Amount', NULL, 'expression', NULL, NULL, NULL, NULL, NULL);
INSERT INTO `sys_rule_actiondef_param` VALUES ('treasury.actions.UpdateBillItemAmount.billitem', 'treasury.actions.UpdateBillItemAmount', 'billitem', 1, 'Bill Item', NULL, 'var', NULL, NULL, NULL, 'treasury.facts.AbstractBillItem', NULL);
INSERT INTO `sys_rule_actiondef_param` VALUES ('treasury.actions.UpdateBillItemAmount.type', 'treasury.actions.UpdateBillItemAmount', 'type', 2, 'Type', NULL, 'lov', NULL, NULL, NULL, NULL, 'UPDATE_BILLITEM_TYPE');
COMMIT;

-- ----------------------------
-- Table structure for sys_rule_condition
-- ----------------------------
DROP TABLE IF EXISTS `sys_rule_condition`;
CREATE TABLE `sys_rule_condition` (
  `objid` varchar(50) NOT NULL,
  `parentid` varchar(50) DEFAULT NULL,
  `fact_name` varchar(50) DEFAULT NULL,
  `fact_objid` varchar(50) DEFAULT NULL,
  `varname` varchar(50) DEFAULT NULL,
  `pos` int(11) DEFAULT NULL,
  `ruletext` longtext,
  `displaytext` longtext,
  `dynamic_datatype` varchar(50) DEFAULT NULL,
  `dynamic_key` varchar(50) DEFAULT NULL,
  `dynamic_value` varchar(50) DEFAULT NULL,
  `notexist` int(11) NOT NULL,
  PRIMARY KEY (`objid`),
  KEY `fact_objid` (`fact_objid`),
  KEY `parentid` (`parentid`),
  CONSTRAINT `sys_rule_condition_fact` FOREIGN KEY (`fact_objid`) REFERENCES `sys_rule_fact` (`objid`),
  CONSTRAINT `sys_rule_condition_ibfk_1` FOREIGN KEY (`fact_objid`) REFERENCES `sys_rule_fact` (`objid`),
  CONSTRAINT `sys_rule_condition_ibfk_2` FOREIGN KEY (`parentid`) REFERENCES `sys_rule` (`objid`)
) ENGINE=InnoDB DEFAULT CHARSET=utf8;

-- ----------------------------
-- Records of sys_rule_condition
-- ----------------------------
BEGIN;
INSERT INTO `sys_rule_condition` VALUES ('RC-10cfc191:15b48bf8d6b:-7ff0', 'RUL2e43f3c6:15b48c07f72:-78ea', 'obo.facts.OboIntegerInfo', 'obo.facts.OboIntegerInfo', NULL, 0, NULL, NULL, NULL, NULL, NULL, 0);
INSERT INTO `sys_rule_condition` VALUES ('RC-10cfc191:15b48bf8d6b:-7ff2', 'RUL2e43f3c6:15b48c07f72:-78ea', 'treasury.facts.BillItem', 'treasury.facts.BillItem', 'BILLITEM', 1, NULL, NULL, NULL, NULL, NULL, 0);
INSERT INTO `sys_rule_condition` VALUES ('RC-1b89c680:16a38f14701:-7e90', 'RUL27db1036:16a38f07d48:-6e8b', 'treasury.facts.BillItem', 'treasury.facts.BillItem', 'BILLITEM', 1, NULL, NULL, NULL, NULL, NULL, 0);
INSERT INTO `sys_rule_condition` VALUES ('RC-1b89c680:16a38f14701:-7e93', 'RUL27db1036:16a38f07d48:-6e8b', 'obo.facts.OboIntegerInfo', 'obo.facts.OboIntegerInfo', NULL, 1, NULL, NULL, NULL, NULL, NULL, 0);
INSERT INTO `sys_rule_condition` VALUES ('RC-1b89c680:16a38f14701:-7f39', 'RUL27db1036:16a38f07d48:-75b1', 'obo.facts.OboIntegerInfo', 'obo.facts.OboIntegerInfo', NULL, 1, NULL, NULL, NULL, NULL, NULL, 0);
INSERT INTO `sys_rule_condition` VALUES ('RC-1b89c680:16a38f14701:-7f3b', 'RUL27db1036:16a38f07d48:-75b1', 'treasury.facts.BillItem', 'treasury.facts.BillItem', 'BILLITEM', 1, NULL, NULL, NULL, NULL, NULL, 0);
INSERT INTO `sys_rule_condition` VALUES ('RC-1b89c680:16a38f14701:-7f42', 'RUL27db1036:16a38f07d48:-75c2', 'obo.facts.OboIntegerInfo', 'obo.facts.OboIntegerInfo', NULL, 1, NULL, NULL, NULL, NULL, NULL, 0);
INSERT INTO `sys_rule_condition` VALUES ('RC-1b89c680:16a38f14701:-7f44', 'RUL27db1036:16a38f07d48:-75c2', 'treasury.facts.BillItem', 'treasury.facts.BillItem', 'BILLITEM', 1, NULL, NULL, NULL, NULL, NULL, 0);
INSERT INTO `sys_rule_condition` VALUES ('RC-1b89c680:16a38f14701:-7f54', 'RUL27db1036:16a38f07d48:-75e4', 'obo.facts.OboIntegerInfo', 'obo.facts.OboIntegerInfo', NULL, 1, NULL, NULL, NULL, NULL, NULL, 0);
INSERT INTO `sys_rule_condition` VALUES ('RC-1b89c680:16a38f14701:-7f56', 'RUL27db1036:16a38f07d48:-75e4', 'treasury.facts.BillItem', 'treasury.facts.BillItem', 'BILLITEM', 1, NULL, NULL, NULL, NULL, NULL, 0);
INSERT INTO `sys_rule_condition` VALUES ('RC-1b89c680:16a38f14701:-7f5d', 'RUL27db1036:16a38f07d48:-75f5', 'obo.facts.OboIntegerInfo', 'obo.facts.OboIntegerInfo', NULL, 1, NULL, NULL, NULL, NULL, NULL, 0);
INSERT INTO `sys_rule_condition` VALUES ('RC-1b89c680:16a38f14701:-7f5f', 'RUL27db1036:16a38f07d48:-75f5', 'treasury.facts.BillItem', 'treasury.facts.BillItem', 'BILLITEM', 1, NULL, NULL, NULL, NULL, NULL, 0);
INSERT INTO `sys_rule_condition` VALUES ('RC-1b89c680:16a38f14701:-7f66', 'RUL27db1036:16a38f07d48:-7606', 'obo.facts.OboIntegerInfo', 'obo.facts.OboIntegerInfo', NULL, 1, NULL, NULL, NULL, NULL, NULL, 0);
INSERT INTO `sys_rule_condition` VALUES ('RC-1b89c680:16a38f14701:-7f68', 'RUL27db1036:16a38f07d48:-7606', 'treasury.facts.BillItem', 'treasury.facts.BillItem', 'BILLITEM', 1, NULL, NULL, NULL, NULL, NULL, 0);
INSERT INTO `sys_rule_condition` VALUES ('RC-1b89c680:16a38f14701:-7f6f', 'RUL27db1036:16a38f07d48:-7617', 'obo.facts.OboIntegerInfo', 'obo.facts.OboIntegerInfo', NULL, 1, NULL, NULL, NULL, NULL, NULL, 0);
INSERT INTO `sys_rule_condition` VALUES ('RC-1b89c680:16a38f14701:-7f71', 'RUL27db1036:16a38f07d48:-7617', 'treasury.facts.BillItem', 'treasury.facts.BillItem', 'BILLITEM', 1, NULL, NULL, NULL, NULL, NULL, 0);
INSERT INTO `sys_rule_condition` VALUES ('RC-1b89c680:16a38f14701:-7fb7', 'RUL27db1036:16a38f07d48:-7952', 'treasury.facts.BillItem', 'treasury.facts.BillItem', 'BILLITEM', 1, NULL, NULL, NULL, NULL, NULL, 0);
INSERT INTO `sys_rule_condition` VALUES ('RC-1b89c680:16a38f14701:-7fba', 'RUL27db1036:16a38f07d48:-7952', 'obo.facts.OboIntegerInfo', 'obo.facts.OboIntegerInfo', NULL, 1, NULL, NULL, NULL, NULL, NULL, 0);
INSERT INTO `sys_rule_condition` VALUES ('RC-3394437b:16a4396e5cb:-7a73', 'RUL-4267ff2c:16a444aba70:-6950', 'treasury.facts.BillItem', 'treasury.facts.BillItem', 'BILLITEM', 1, NULL, NULL, NULL, NULL, NULL, 0);
INSERT INTO `sys_rule_condition` VALUES ('RC-3394437b:16a4396e5cb:-7a76', 'RUL-4267ff2c:16a444aba70:-6950', 'obo.facts.OboDecimalInfo', 'obo.facts.OboDecimalInfo', NULL, 0, NULL, NULL, NULL, NULL, NULL, 0);
INSERT INTO `sys_rule_condition` VALUES ('RC-3394437b:16a4396e5cb:-7a94', 'RUL-4267ff2c:16a444aba70:-6a5e', 'obo.facts.OboDecimalInfo', 'obo.facts.OboDecimalInfo', NULL, 0, NULL, NULL, NULL, NULL, NULL, 0);
INSERT INTO `sys_rule_condition` VALUES ('RC-3394437b:16a4396e5cb:-7a96', 'RUL-4267ff2c:16a444aba70:-6a5e', 'treasury.facts.BillItem', 'treasury.facts.BillItem', 'BILLITEM', 1, NULL, NULL, NULL, NULL, NULL, 0);
INSERT INTO `sys_rule_condition` VALUES ('RC-3394437b:16a4396e5cb:-7ad5', 'RUL-4267ff2c:16a444aba70:-6f9a', 'treasury.facts.BillItem', 'treasury.facts.BillItem', 'BILLITEM', 2, NULL, NULL, NULL, NULL, NULL, 0);
INSERT INTO `sys_rule_condition` VALUES ('RC-3394437b:16a4396e5cb:-7af5', 'RUL-4267ff2c:16a444aba70:-7247', 'treasury.facts.BillItem', 'treasury.facts.BillItem', 'BILLITEM', 2, NULL, NULL, NULL, NULL, NULL, 0);
INSERT INTO `sys_rule_condition` VALUES ('RC-3394437b:16a4396e5cb:-7b29', 'RUL-4267ff2c:16a444aba70:-744a', 'obo.facts.OboDecimalInfo', 'obo.facts.OboDecimalInfo', NULL, 2, NULL, NULL, NULL, NULL, NULL, 0);
INSERT INTO `sys_rule_condition` VALUES ('RC-3394437b:16a4396e5cb:-7b2b', 'RUL-4267ff2c:16a444aba70:-744a', 'treasury.facts.BillItem', 'treasury.facts.BillItem', 'BILLITEM', 2, NULL, NULL, NULL, NULL, NULL, 0);
INSERT INTO `sys_rule_condition` VALUES ('RC-3394437b:16a4396e5cb:-7b36', 'RUL-4267ff2c:16a444aba70:-7493', 'obo.facts.OboDecimalInfo', 'obo.facts.OboDecimalInfo', NULL, 2, NULL, NULL, NULL, NULL, NULL, 0);
INSERT INTO `sys_rule_condition` VALUES ('RC-3394437b:16a4396e5cb:-7b38', 'RUL-4267ff2c:16a444aba70:-7493', 'treasury.facts.BillItem', 'treasury.facts.BillItem', 'BILLITEM', 2, NULL, NULL, NULL, NULL, NULL, 0);
INSERT INTO `sys_rule_condition` VALUES ('RC-3394437b:16a4396e5cb:-7bd6', 'RUL-4267ff2c:16a444aba70:-7b89', 'treasury.facts.BillItem', 'treasury.facts.BillItem', 'BILLITEM', 2, NULL, NULL, NULL, NULL, NULL, 0);
INSERT INTO `sys_rule_condition` VALUES ('RC-3394437b:16a4396e5cb:-7bd9', 'RUL-4267ff2c:16a444aba70:-7b89', 'obo.facts.OboDecimalInfo', 'obo.facts.OboDecimalInfo', NULL, 2, NULL, NULL, NULL, NULL, NULL, 0);
INSERT INTO `sys_rule_condition` VALUES ('RC-3394437b:16a4396e5cb:-7c10', 'RUL-4267ff2c:16a444aba70:-7d9d', 'obo.facts.OboDecimalInfo', 'obo.facts.OboDecimalInfo', NULL, 2, NULL, NULL, NULL, NULL, NULL, 0);
INSERT INTO `sys_rule_condition` VALUES ('RC-3394437b:16a4396e5cb:-7c14', 'RUL-4267ff2c:16a444aba70:-7d9d', 'treasury.facts.BillItem', 'treasury.facts.BillItem', 'BILLITEM', 2, NULL, NULL, NULL, NULL, NULL, 0);
INSERT INTO `sys_rule_condition` VALUES ('RC-3394437b:16a4396e5cb:-7c89', 'RUL-7385ffbe:16a438b05b7:-5b9d', 'treasury.facts.BillItem', 'treasury.facts.BillItem', 'BILLITEM', 2, NULL, NULL, NULL, NULL, NULL, 0);
INSERT INTO `sys_rule_condition` VALUES ('RC-3394437b:16a4396e5cb:-7c8b', 'RUL-7385ffbe:16a438b05b7:-5b9d', 'obo.facts.OccupancyType', 'obo.facts.OccupancyType', NULL, 1, NULL, NULL, NULL, NULL, NULL, 0);
INSERT INTO `sys_rule_condition` VALUES ('RC-3394437b:16a4396e5cb:-7c8e', 'RUL-7385ffbe:16a438b05b7:-5b9d', 'obo.facts.OboDecimalInfo', 'obo.facts.OboDecimalInfo', NULL, 2, NULL, NULL, NULL, NULL, NULL, 0);
INSERT INTO `sys_rule_condition` VALUES ('RC-3394437b:16a4396e5cb:-7cac', 'RUL-7385ffbe:16a438b05b7:-5cab', 'obo.facts.OboDecimalInfo', 'obo.facts.OboDecimalInfo', NULL, 2, NULL, NULL, NULL, NULL, NULL, 0);
INSERT INTO `sys_rule_condition` VALUES ('RC-3394437b:16a4396e5cb:-7cae', 'RUL-7385ffbe:16a438b05b7:-5cab', 'obo.facts.OccupancyType', 'obo.facts.OccupancyType', NULL, 1, NULL, NULL, NULL, NULL, NULL, 0);
INSERT INTO `sys_rule_condition` VALUES ('RC-3394437b:16a4396e5cb:-7cb0', 'RUL-7385ffbe:16a438b05b7:-5cab', 'treasury.facts.BillItem', 'treasury.facts.BillItem', 'BILLITEM', 2, NULL, NULL, NULL, NULL, NULL, 0);
INSERT INTO `sys_rule_condition` VALUES ('RC-3394437b:16a4396e5cb:-7e9c', 'RUL-7385ffbe:16a438b05b7:-6f3a', 'obo.facts.OboDecimalInfo', 'obo.facts.OboDecimalInfo', NULL, 2, NULL, NULL, NULL, NULL, NULL, 0);
INSERT INTO `sys_rule_condition` VALUES ('RC-3394437b:16a4396e5cb:-7e9e', 'RUL-7385ffbe:16a438b05b7:-6f3a', 'obo.facts.OccupancyType', 'obo.facts.OccupancyType', NULL, 1, NULL, NULL, NULL, NULL, NULL, 0);
INSERT INTO `sys_rule_condition` VALUES ('RC-3394437b:16a4396e5cb:-7ea0', 'RUL-7385ffbe:16a438b05b7:-6f3a', 'treasury.facts.BillItem', 'treasury.facts.BillItem', 'BILLITEM', 2, NULL, NULL, NULL, NULL, NULL, 0);
INSERT INTO `sys_rule_condition` VALUES ('RC-3394437b:16a4396e5cb:-7eac', 'RUL-7385ffbe:16a438b05b7:-6f77', 'obo.facts.OboDecimalInfo', 'obo.facts.OboDecimalInfo', NULL, 2, NULL, NULL, NULL, NULL, NULL, 0);
INSERT INTO `sys_rule_condition` VALUES ('RC-3394437b:16a4396e5cb:-7eae', 'RUL-7385ffbe:16a438b05b7:-6f77', 'obo.facts.OccupancyType', 'obo.facts.OccupancyType', NULL, 1, NULL, NULL, NULL, NULL, NULL, 0);
INSERT INTO `sys_rule_condition` VALUES ('RC-3394437b:16a4396e5cb:-7eb0', 'RUL-7385ffbe:16a438b05b7:-6f77', 'treasury.facts.BillItem', 'treasury.facts.BillItem', 'BILLITEM', 2, NULL, NULL, NULL, NULL, NULL, 0);
INSERT INTO `sys_rule_condition` VALUES ('RC-3394437b:16a4396e5cb:-7ebb', 'RUL-7385ffbe:16a438b05b7:-6fb0', 'treasury.facts.BillItem', 'treasury.facts.BillItem', 'BILLITEM', 2, NULL, NULL, NULL, NULL, NULL, 0);
INSERT INTO `sys_rule_condition` VALUES ('RC-3394437b:16a4396e5cb:-7ebd', 'RUL-7385ffbe:16a438b05b7:-6fb0', 'obo.facts.OccupancyType', 'obo.facts.OccupancyType', NULL, 1, NULL, NULL, NULL, NULL, NULL, 0);
INSERT INTO `sys_rule_condition` VALUES ('RC-3394437b:16a4396e5cb:-7ec0', 'RUL-7385ffbe:16a438b05b7:-6fb0', 'obo.facts.OboDecimalInfo', 'obo.facts.OboDecimalInfo', NULL, 2, NULL, NULL, NULL, NULL, NULL, 0);
INSERT INTO `sys_rule_condition` VALUES ('RC-3394437b:16a4396e5cb:-7ecd', 'RUL-7385ffbe:16a438b05b7:-6feb', 'treasury.facts.BillItem', 'treasury.facts.BillItem', 'BILLITEM', 2, NULL, NULL, NULL, NULL, NULL, 0);
INSERT INTO `sys_rule_condition` VALUES ('RC-3394437b:16a4396e5cb:-7ecf', 'RUL-7385ffbe:16a438b05b7:-6feb', 'obo.facts.OccupancyType', 'obo.facts.OccupancyType', NULL, 1, NULL, NULL, NULL, NULL, NULL, 0);
INSERT INTO `sys_rule_condition` VALUES ('RC-3394437b:16a4396e5cb:-7ed2', 'RUL-7385ffbe:16a438b05b7:-6feb', 'obo.facts.OboDecimalInfo', 'obo.facts.OboDecimalInfo', NULL, 2, NULL, NULL, NULL, NULL, NULL, 0);
INSERT INTO `sys_rule_condition` VALUES ('RC-3394437b:16a4396e5cb:-7ed7', 'RUL-7385ffbe:16a438b05b7:-6ffc', 'treasury.facts.BillItem', 'treasury.facts.BillItem', 'BILLITEM', 2, NULL, NULL, NULL, NULL, NULL, 0);
INSERT INTO `sys_rule_condition` VALUES ('RC-3394437b:16a4396e5cb:-7ed9', 'RUL-7385ffbe:16a438b05b7:-6ffc', 'obo.facts.OccupancyType', 'obo.facts.OccupancyType', NULL, 1, NULL, NULL, NULL, NULL, NULL, 0);
INSERT INTO `sys_rule_condition` VALUES ('RC-3394437b:16a4396e5cb:-7edc', 'RUL-7385ffbe:16a438b05b7:-6ffc', 'obo.facts.OboDecimalInfo', 'obo.facts.OboDecimalInfo', NULL, 2, NULL, NULL, NULL, NULL, NULL, 0);
INSERT INTO `sys_rule_condition` VALUES ('RC-3394437b:16a4396e5cb:-7ef6', 'RUL-7385ffbe:16a438b05b7:-7085', 'obo.facts.OboDecimalInfo', 'obo.facts.OboDecimalInfo', NULL, 2, NULL, NULL, NULL, NULL, NULL, 0);
INSERT INTO `sys_rule_condition` VALUES ('RC-3394437b:16a4396e5cb:-7ef8', 'RUL-7385ffbe:16a438b05b7:-7085', 'obo.facts.OccupancyType', 'obo.facts.OccupancyType', NULL, 1, NULL, NULL, NULL, NULL, NULL, 0);
INSERT INTO `sys_rule_condition` VALUES ('RC-3394437b:16a4396e5cb:-7efa', 'RUL-7385ffbe:16a438b05b7:-7085', 'treasury.facts.BillItem', 'treasury.facts.BillItem', 'BILLITEM', 2, NULL, NULL, NULL, NULL, NULL, 0);
INSERT INTO `sys_rule_condition` VALUES ('RC-37d558f5:16a4fd0d79e:-7f6b', 'RUL-29595738:16a4fbe79ee:-79fe', 'obo.facts.BuildingApplication', 'obo.facts.BuildingApplication', NULL, 0, NULL, NULL, NULL, NULL, NULL, 0);
INSERT INTO `sys_rule_condition` VALUES ('RC-37d558f5:16a4fd0d79e:-7f6d', 'RUL-29595738:16a4fbe79ee:-79fe', 'obo.facts.OccupancyType', 'obo.facts.OccupancyType', NULL, 1, NULL, NULL, NULL, NULL, NULL, 0);
INSERT INTO `sys_rule_condition` VALUES ('RC-37d558f5:16a4fd0d79e:-7fa5', 'RUL-29595738:16a4fbe79ee:-7bd1', 'obo.facts.OccupancyType', 'obo.facts.OccupancyType', NULL, 1, NULL, NULL, NULL, NULL, NULL, 0);
INSERT INTO `sys_rule_condition` VALUES ('RC-37d558f5:16a4fd0d79e:-7fa7', 'RUL-29595738:16a4fbe79ee:-7bd1', 'obo.facts.BuildingApplication', 'obo.facts.BuildingApplication', NULL, 0, NULL, NULL, NULL, NULL, NULL, 0);
INSERT INTO `sys_rule_condition` VALUES ('RC-37d558f5:16a4fd0d79e:-7fba', 'RUL-29595738:16a4fbe79ee:-7d01', 'obo.facts.BuildingApplication', 'obo.facts.BuildingApplication', NULL, 0, NULL, NULL, NULL, NULL, NULL, 0);
INSERT INTO `sys_rule_condition` VALUES ('RC-37d558f5:16a4fd0d79e:-7fbc', 'RUL-29595738:16a4fbe79ee:-7d01', 'obo.facts.OccupancyType', 'obo.facts.OccupancyType', NULL, 1, NULL, NULL, NULL, NULL, NULL, 0);
INSERT INTO `sys_rule_condition` VALUES ('RC-37d558f5:16a4fd0d79e:-7fd9', 'RUL-29595738:16a4fbe79ee:-7de3', 'obo.facts.OccupancyType', 'obo.facts.OccupancyType', NULL, 1, NULL, NULL, NULL, NULL, NULL, 0);
INSERT INTO `sys_rule_condition` VALUES ('RC-37d558f5:16a4fd0d79e:-7fdb', 'RUL-29595738:16a4fbe79ee:-7de3', 'obo.facts.BuildingApplication', 'obo.facts.BuildingApplication', NULL, 0, NULL, NULL, NULL, NULL, NULL, 0);
INSERT INTO `sys_rule_condition` VALUES ('RC-37d558f5:16a4fd0d79e:-7ff6', 'RUL-29595738:16a4fbe79ee:-7ef1', 'obo.facts.BuildingApplication', 'obo.facts.BuildingApplication', NULL, 0, NULL, NULL, NULL, NULL, NULL, 0);
INSERT INTO `sys_rule_condition` VALUES ('RC-37d558f5:16a4fd0d79e:-7ff8', 'RUL-29595738:16a4fbe79ee:-7ef1', 'obo.facts.OccupancyType', 'obo.facts.OccupancyType', NULL, 1, NULL, NULL, NULL, NULL, NULL, 0);
INSERT INTO `sys_rule_condition` VALUES ('RC-39c9f5f6:16a4e3b1db2:-7fa0', 'RUL-301ccfbb:16a4e3ad539:-7c37', 'treasury.facts.BillItem', 'treasury.facts.BillItem', 'BILLITEM', 1, NULL, NULL, NULL, NULL, NULL, 0);
INSERT INTO `sys_rule_condition` VALUES ('RC-39c9f5f6:16a4e3b1db2:-7fa3', 'RUL-301ccfbb:16a4e3ad539:-7c37', 'obo.facts.OboDecimalInfo', 'obo.facts.OboDecimalInfo', NULL, 0, NULL, NULL, NULL, NULL, NULL, 0);
INSERT INTO `sys_rule_condition` VALUES ('RC-41519066:15b76f8cd83:-7fe2', 'RUL2671fb3e:15b76f0ce63:-73e5', 'treasury.facts.BillItem', 'treasury.facts.BillItem', 'BILLITEM', 0, NULL, NULL, NULL, NULL, NULL, 0);
INSERT INTO `sys_rule_condition` VALUES ('RC-41519066:15b76f8cd83:-7fe8', 'RUL2671fb3e:15b76f0ce63:-74ce', 'treasury.facts.BillItem', 'treasury.facts.BillItem', 'BILLITEM', 0, NULL, NULL, NULL, NULL, NULL, 0);
INSERT INTO `sys_rule_condition` VALUES ('RC-41519066:15b76f8cd83:-7feb', 'RUL2671fb3e:15b76f0ce63:-74ce', 'obo.facts.OboDecimalInfo', 'obo.facts.OboDecimalInfo', NULL, 1, NULL, NULL, NULL, NULL, NULL, 0);
INSERT INTO `sys_rule_condition` VALUES ('RC-41519066:15b76f8cd83:-7ff1', 'RUL2671fb3e:15b76f0ce63:-76ce', 'treasury.facts.BillItem', 'treasury.facts.BillItem', 'BILLITEM', 0, NULL, NULL, NULL, NULL, NULL, 0);
INSERT INTO `sys_rule_condition` VALUES ('RC-4dbf9d19:15bf4e01a24:-7fc5', 'RUL-181817d3:15bf4e3b890:-7862', 'treasury.facts.BillItem', 'treasury.facts.BillItem', 'BILLITEM', 2, NULL, NULL, NULL, NULL, NULL, 0);
INSERT INTO `sys_rule_condition` VALUES ('RC-4dbf9d19:15bf4e01a24:-7fc8', 'RUL-181817d3:15bf4e3b890:-7862', 'obo.facts.OboDecimalInfo', 'obo.facts.OboDecimalInfo', NULL, 3, NULL, NULL, NULL, NULL, NULL, 0);
INSERT INTO `sys_rule_condition` VALUES ('RC-4dbf9d19:15bf4e01a24:-7fca', 'RUL-181817d3:15bf4e3b890:-7862', 'obo.facts.BuildingUse', 'RULFACT-75b995c:15b18c6b9a6:-7be0', 'BU', 0, NULL, NULL, NULL, NULL, NULL, 0);
INSERT INTO `sys_rule_condition` VALUES ('RC-4dbf9d19:15bf4e01a24:-7fcc', 'RUL-181817d3:15bf4e3b890:-7862', 'obo.facts.OboApplication', 'RULFACT-75b995c:15b18c6b9a6:-7cdf', 'APP', 1, NULL, NULL, NULL, NULL, NULL, 0);
INSERT INTO `sys_rule_condition` VALUES ('RC-4dbf9d19:15bf4e01a24:-7fd2', 'RUL-181817d3:15bf4e3b890:-7873', 'treasury.facts.BillItem', 'treasury.facts.BillItem', 'BILLITEM', 2, NULL, NULL, NULL, NULL, NULL, 0);
INSERT INTO `sys_rule_condition` VALUES ('RC-4dbf9d19:15bf4e01a24:-7fd5', 'RUL-181817d3:15bf4e3b890:-7873', 'obo.facts.OboDecimalInfo', 'obo.facts.OboDecimalInfo', NULL, 3, NULL, NULL, NULL, NULL, NULL, 0);
INSERT INTO `sys_rule_condition` VALUES ('RC-4dbf9d19:15bf4e01a24:-7fd7', 'RUL-181817d3:15bf4e3b890:-7873', 'obo.facts.BuildingUse', 'RULFACT-75b995c:15b18c6b9a6:-7be0', 'BU', 0, NULL, NULL, NULL, NULL, NULL, 0);
INSERT INTO `sys_rule_condition` VALUES ('RC-4dbf9d19:15bf4e01a24:-7fd9', 'RUL-181817d3:15bf4e3b890:-7873', 'obo.facts.OboApplication', 'RULFACT-75b995c:15b18c6b9a6:-7cdf', 'APP', 1, NULL, NULL, NULL, NULL, NULL, 0);
INSERT INTO `sys_rule_condition` VALUES ('RC-4dbf9d19:15bf4e01a24:-7fdf', 'RUL-181817d3:15bf4e3b890:-7abf', 'treasury.facts.BillItem', 'treasury.facts.BillItem', 'BILLITEM', 2, NULL, NULL, NULL, NULL, NULL, 0);
INSERT INTO `sys_rule_condition` VALUES ('RC-4dbf9d19:15bf4e01a24:-7fe2', 'RUL-181817d3:15bf4e3b890:-7abf', 'obo.facts.OboDecimalInfo', 'obo.facts.OboDecimalInfo', NULL, 3, NULL, NULL, NULL, NULL, NULL, 0);
INSERT INTO `sys_rule_condition` VALUES ('RC-4dbf9d19:15bf4e01a24:-7fe4', 'RUL-181817d3:15bf4e3b890:-7abf', 'obo.facts.OboApplication', 'RULFACT-75b995c:15b18c6b9a6:-7cdf', 'APP', 1, NULL, NULL, NULL, NULL, NULL, 0);
INSERT INTO `sys_rule_condition` VALUES ('RC-4dbf9d19:15bf4e01a24:-7fe6', 'RUL-181817d3:15bf4e3b890:-7abf', 'obo.facts.BuildingUse', 'RULFACT-75b995c:15b18c6b9a6:-7be0', 'BU', 0, NULL, NULL, NULL, NULL, NULL, 0);
INSERT INTO `sys_rule_condition` VALUES ('RC-4dbf9d19:15bf4e01a24:-7fec', 'RUL-181817d3:15bf4e3b890:-7ad0', 'treasury.facts.BillItem', 'treasury.facts.BillItem', 'BILLITEM', 2, NULL, NULL, NULL, NULL, NULL, 0);
INSERT INTO `sys_rule_condition` VALUES ('RC-4dbf9d19:15bf4e01a24:-7fef', 'RUL-181817d3:15bf4e3b890:-7ad0', 'obo.facts.OboDecimalInfo', 'obo.facts.OboDecimalInfo', NULL, 3, NULL, NULL, NULL, NULL, NULL, 0);
INSERT INTO `sys_rule_condition` VALUES ('RC-4dbf9d19:15bf4e01a24:-7ff1', 'RUL-181817d3:15bf4e3b890:-7ad0', 'obo.facts.OboApplication', 'RULFACT-75b995c:15b18c6b9a6:-7cdf', 'APP', 1, NULL, NULL, NULL, NULL, NULL, 0);
INSERT INTO `sys_rule_condition` VALUES ('RC-4dbf9d19:15bf4e01a24:-7ff3', 'RUL-181817d3:15bf4e3b890:-7ad0', 'obo.facts.BuildingUse', 'RULFACT-75b995c:15b18c6b9a6:-7be0', 'BU', 0, NULL, NULL, NULL, NULL, NULL, 0);
INSERT INTO `sys_rule_condition` VALUES ('RC-52beabf2:15b3c40641b:-7fc3', 'RUL-108b4192:15b3d234d5c:-698a', 'obo.facts.OboDecimalInfo', 'obo.facts.OboDecimalInfo', NULL, 1, NULL, NULL, NULL, NULL, NULL, 0);
INSERT INTO `sys_rule_condition` VALUES ('RC-52beabf2:15b3c40641b:-7fc5', 'RUL-108b4192:15b3d234d5c:-698a', 'treasury.facts.BillItem', 'treasury.facts.BillItem', 'BILLITEM', 0, NULL, NULL, NULL, NULL, NULL, 0);
INSERT INTO `sys_rule_condition` VALUES ('RC-52beabf2:15b3c40641b:-7fcb', 'RUL-108b4192:15b3d234d5c:-6ad6', 'treasury.facts.BillItem', 'treasury.facts.BillItem', 'BILLITEM', 0, NULL, NULL, NULL, NULL, NULL, 0);
INSERT INTO `sys_rule_condition` VALUES ('RC-52beabf2:15b3c40641b:-7fce', 'RUL-108b4192:15b3d234d5c:-6ad6', 'obo.facts.OboDecimalInfo', 'obo.facts.OboDecimalInfo', NULL, 1, NULL, NULL, NULL, NULL, NULL, 0);
INSERT INTO `sys_rule_condition` VALUES ('RC-52beabf2:15b3c40641b:-7fd4', 'RUL-108b4192:15b3d234d5c:-6c55', 'treasury.facts.BillItem', 'treasury.facts.BillItem', 'BILLITEM', 0, NULL, NULL, NULL, NULL, NULL, 0);
INSERT INTO `sys_rule_condition` VALUES ('RC-52beabf2:15b3c40641b:-7fd7', 'RUL-108b4192:15b3d234d5c:-6c55', 'obo.facts.OboDecimalInfo', 'obo.facts.OboDecimalInfo', NULL, 1, NULL, NULL, NULL, NULL, NULL, 0);
INSERT INTO `sys_rule_condition` VALUES ('RC-52beabf2:15b3c40641b:-7fde', 'RUL-108b4192:15b3d234d5c:-73c4', 'obo.facts.OboDecimalInfo', 'obo.facts.OboDecimalInfo', NULL, 1, NULL, NULL, NULL, NULL, NULL, 0);
INSERT INTO `sys_rule_condition` VALUES ('RC-52beabf2:15b3c40641b:-7fe0', 'RUL-108b4192:15b3d234d5c:-73c4', 'treasury.facts.BillItem', 'treasury.facts.BillItem', 'BILLITEM', 0, NULL, NULL, NULL, NULL, NULL, 0);
INSERT INTO `sys_rule_condition` VALUES ('RC-52beabf2:15b3c40641b:-7ff4', 'RUL6cc4d33e:15b3c1e2e72:-4e7a', 'treasury.facts.BillItem', 'treasury.facts.BillItem', 'BILLITEM', 1, NULL, NULL, NULL, NULL, NULL, 0);
INSERT INTO `sys_rule_condition` VALUES ('RC-53717d20:15b4db8478f:-7fba', 'RUL4cf13b0:15b4dbc7b17:-769d', 'treasury.facts.BillItem', 'treasury.facts.BillItem', 'BILLITEM', 1, NULL, NULL, NULL, NULL, NULL, 0);
INSERT INTO `sys_rule_condition` VALUES ('RC-53717d20:15b4db8478f:-7fcd', 'RUL4cf13b0:15b4dbc7b17:-78b3', 'obo.facts.OboIntegerInfo', 'obo.facts.OboIntegerInfo', NULL, 0, NULL, NULL, NULL, NULL, NULL, 0);
INSERT INTO `sys_rule_condition` VALUES ('RC-53717d20:15b4db8478f:-7fcf', 'RUL4cf13b0:15b4dbc7b17:-78b3', 'treasury.facts.BillItem', 'treasury.facts.BillItem', 'BILLITEM', 1, NULL, NULL, NULL, NULL, NULL, 0);
INSERT INTO `sys_rule_condition` VALUES ('RC-53717d20:15b4db8478f:-7fd6', 'RUL4cf13b0:15b4dbc7b17:-78c4', 'obo.facts.OboIntegerInfo', 'obo.facts.OboIntegerInfo', NULL, 0, NULL, NULL, NULL, NULL, NULL, 0);
INSERT INTO `sys_rule_condition` VALUES ('RC-53717d20:15b4db8478f:-7fd8', 'RUL4cf13b0:15b4dbc7b17:-78c4', 'treasury.facts.BillItem', 'treasury.facts.BillItem', 'BILLITEM', 1, NULL, NULL, NULL, NULL, NULL, 0);
INSERT INTO `sys_rule_condition` VALUES ('RC-53717d20:15b4db8478f:-7fdf', 'RUL4cf13b0:15b4dbc7b17:-7d2e', 'obo.facts.OboIntegerInfo', 'obo.facts.OboIntegerInfo', NULL, 0, NULL, NULL, NULL, NULL, NULL, 0);
INSERT INTO `sys_rule_condition` VALUES ('RC-53717d20:15b4db8478f:-7fe1', 'RUL4cf13b0:15b4dbc7b17:-7d2e', 'treasury.facts.BillItem', 'treasury.facts.BillItem', 'BILLITEM', 1, NULL, NULL, NULL, NULL, NULL, 0);
INSERT INTO `sys_rule_condition` VALUES ('RC-53717d20:15b4db8478f:-7fe7', 'RUL4cf13b0:15b4dbc7b17:-7e4b', 'treasury.facts.BillItem', 'treasury.facts.BillItem', 'BILLITEM', 1, NULL, NULL, NULL, NULL, NULL, 0);
INSERT INTO `sys_rule_condition` VALUES ('RC-53717d20:15b4db8478f:-7fea', 'RUL4cf13b0:15b4dbc7b17:-7e4b', 'obo.facts.OboIntegerInfo', 'obo.facts.OboIntegerInfo', NULL, 0, NULL, NULL, NULL, NULL, NULL, 0);
INSERT INTO `sys_rule_condition` VALUES ('RC-53717d20:15b4db8478f:-7ff0', 'RUL4cf13b0:15b4dbc7b17:-7e5c', 'treasury.facts.BillItem', 'treasury.facts.BillItem', 'BILLITEM', 1, NULL, NULL, NULL, NULL, NULL, 0);
INSERT INTO `sys_rule_condition` VALUES ('RC-53717d20:15b4db8478f:-7ff3', 'RUL4cf13b0:15b4dbc7b17:-7e5c', 'obo.facts.OboIntegerInfo', 'obo.facts.OboIntegerInfo', NULL, 0, NULL, NULL, NULL, NULL, NULL, 0);
INSERT INTO `sys_rule_condition` VALUES ('RC-59612f04:15b6c1c41a7:-7fc2', 'RUL6e008a5f:15b6c73a9f2:-71ec', 'treasury.facts.BillItem', 'treasury.facts.BillItem', 'BILLITEM', 0, NULL, NULL, NULL, NULL, NULL, 0);
INSERT INTO `sys_rule_condition` VALUES ('RC-59612f04:15b6c1c41a7:-7fc5', 'RUL6e008a5f:15b6c73a9f2:-71ec', 'obo.facts.OboDecimalInfo', 'obo.facts.OboDecimalInfo', 'INFO', 1, NULL, NULL, NULL, NULL, NULL, 0);
INSERT INTO `sys_rule_condition` VALUES ('RC-59612f04:15b6c1c41a7:-7fc7', 'RUL6e008a5f:15b6c73a9f2:-71ec', 'obo.facts.BuildingUse', 'RULFACT-75b995c:15b18c6b9a6:-7be0', 'BU', 2, NULL, NULL, NULL, NULL, NULL, 0);
INSERT INTO `sys_rule_condition` VALUES ('RC-59612f04:15b6c1c41a7:-7fcd', 'RUL6e008a5f:15b6c73a9f2:-721e', 'obo.facts.BuildingUse', 'RULFACT-75b995c:15b18c6b9a6:-7be0', 'BU', 2, NULL, NULL, NULL, NULL, NULL, 0);
INSERT INTO `sys_rule_condition` VALUES ('RC-59612f04:15b6c1c41a7:-7fd0', 'RUL6e008a5f:15b6c73a9f2:-721e', 'obo.facts.OboDecimalInfo', 'obo.facts.OboDecimalInfo', NULL, 1, NULL, NULL, NULL, NULL, NULL, 0);
INSERT INTO `sys_rule_condition` VALUES ('RC-59612f04:15b6c1c41a7:-7fd2', 'RUL6e008a5f:15b6c73a9f2:-721e', 'treasury.facts.BillItem', 'treasury.facts.BillItem', 'BILLITEM', 0, NULL, NULL, NULL, NULL, NULL, 0);
INSERT INTO `sys_rule_condition` VALUES ('RC-59612f04:15b6c1c41a7:-7fd8', 'RUL6e008a5f:15b6c73a9f2:-7250', 'treasury.facts.BillItem', 'treasury.facts.BillItem', 'BILLITEM', 0, NULL, NULL, NULL, NULL, NULL, 0);
INSERT INTO `sys_rule_condition` VALUES ('RC-59612f04:15b6c1c41a7:-7fdb', 'RUL6e008a5f:15b6c73a9f2:-7250', 'obo.facts.OboDecimalInfo', 'obo.facts.OboDecimalInfo', NULL, 1, NULL, NULL, NULL, NULL, NULL, 0);
INSERT INTO `sys_rule_condition` VALUES ('RC-59612f04:15b6c1c41a7:-7fdd', 'RUL6e008a5f:15b6c73a9f2:-7250', 'obo.facts.BuildingUse', 'RULFACT-75b995c:15b18c6b9a6:-7be0', 'BU', 2, NULL, NULL, NULL, NULL, NULL, 0);
INSERT INTO `sys_rule_condition` VALUES ('RC-59612f04:15b6c1c41a7:-7fe3', 'RUL6e008a5f:15b6c73a9f2:-7ba0', 'obo.facts.BuildingUse', 'RULFACT-75b995c:15b18c6b9a6:-7be0', 'BU', 2, NULL, NULL, NULL, NULL, NULL, 0);
INSERT INTO `sys_rule_condition` VALUES ('RC-59612f04:15b6c1c41a7:-7fe6', 'RUL6e008a5f:15b6c73a9f2:-7ba0', 'obo.facts.OboDecimalInfo', 'obo.facts.OboDecimalInfo', NULL, 1, NULL, NULL, NULL, NULL, NULL, 0);
INSERT INTO `sys_rule_condition` VALUES ('RC-59612f04:15b6c1c41a7:-7fe8', 'RUL6e008a5f:15b6c73a9f2:-7ba0', 'treasury.facts.BillItem', 'treasury.facts.BillItem', 'BILLITEM', 0, NULL, NULL, NULL, NULL, NULL, 0);
INSERT INTO `sys_rule_condition` VALUES ('RC-59612f04:15b6c1c41a7:-7fee', 'RUL6e008a5f:15b6c73a9f2:-7bdf', 'treasury.facts.BillItem', 'treasury.facts.BillItem', 'BILLITEM', 0, NULL, NULL, NULL, NULL, NULL, 0);
INSERT INTO `sys_rule_condition` VALUES ('RC-59612f04:15b6c1c41a7:-7ff1', 'RUL6e008a5f:15b6c73a9f2:-7bdf', 'obo.facts.OboDecimalInfo', 'obo.facts.OboDecimalInfo', NULL, 1, NULL, NULL, NULL, NULL, NULL, 0);
INSERT INTO `sys_rule_condition` VALUES ('RC-59612f04:15b6c1c41a7:-7ff3', 'RUL6e008a5f:15b6c73a9f2:-7bdf', 'obo.facts.BuildingUse', 'RULFACT-75b995c:15b18c6b9a6:-7be0', 'BU', 2, NULL, NULL, NULL, NULL, NULL, 0);
INSERT INTO `sys_rule_condition` VALUES ('RC-66680c7b:15b3c241e07:-7ff2', 'RUL6cc4d33e:15b3c1e2e72:-708f', 'treasury.facts.BillItem', 'treasury.facts.BillItem', 'BILLITEM', 1, NULL, NULL, NULL, NULL, NULL, 0);
INSERT INTO `sys_rule_condition` VALUES ('RC-694f0728:16e35852ae8:-7ed7', 'RUL-2a4f39d0:16e35fe5e74:-7bc2', 'obo.facts.BuildingPermitSection', 'obo.facts.BuildingPermitSection', NULL, 3, NULL, NULL, NULL, NULL, NULL, 0);
INSERT INTO `sys_rule_condition` VALUES ('RC-694f0728:16e35852ae8:-7edb', 'RUL-2a4f39d0:16e35fe5e74:-7bc2', 'obo.facts.BuildingApplication', 'obo.facts.BuildingApplication', NULL, 0, NULL, NULL, NULL, NULL, NULL, 0);
INSERT INTO `sys_rule_condition` VALUES ('RC-d96c4a7:15bf6365df9:-7fe3', 'RUL-181817d3:15bf4e3b890:-8e0', 'obo.facts.OboDecimalInfo', 'obo.facts.OboDecimalInfo', NULL, 2, NULL, NULL, NULL, NULL, NULL, 0);
INSERT INTO `sys_rule_condition` VALUES ('RC-d96c4a7:15bf6365df9:-7fe8', 'RUL-181817d3:15bf4e3b890:-8e0', 'treasury.facts.BillItem', 'treasury.facts.BillItem', 'BILLITEM', 0, NULL, NULL, NULL, NULL, NULL, 0);
INSERT INTO `sys_rule_condition` VALUES ('RC16c3fcb:16a3a19e4b9:-7a7b', 'RUL59515aa4:16a3a32fa5e:-3fb8', 'obo.facts.OboDecimalInfo', 'obo.facts.OboDecimalInfo', NULL, 2, NULL, NULL, NULL, NULL, NULL, 0);
INSERT INTO `sys_rule_condition` VALUES ('RC16c3fcb:16a3a19e4b9:-7a7d', 'RUL59515aa4:16a3a32fa5e:-3fb8', 'obo.facts.OccupancyType', 'obo.facts.OccupancyType', NULL, 1, NULL, NULL, NULL, NULL, NULL, 0);
INSERT INTO `sys_rule_condition` VALUES ('RC16c3fcb:16a3a19e4b9:-7a7f', 'RUL59515aa4:16a3a32fa5e:-3fb8', 'treasury.facts.BillItem', 'treasury.facts.BillItem', 'BILLITEM', 2, NULL, NULL, NULL, NULL, NULL, 0);
INSERT INTO `sys_rule_condition` VALUES ('RC16c3fcb:16a3a19e4b9:-7a87', 'RUL59515aa4:16a3a32fa5e:-3fec', 'obo.facts.OboDecimalInfo', 'obo.facts.OboDecimalInfo', NULL, 2, NULL, NULL, NULL, NULL, NULL, 0);
INSERT INTO `sys_rule_condition` VALUES ('RC16c3fcb:16a3a19e4b9:-7a89', 'RUL59515aa4:16a3a32fa5e:-3fec', 'obo.facts.OccupancyType', 'obo.facts.OccupancyType', NULL, 1, NULL, NULL, NULL, NULL, NULL, 0);
INSERT INTO `sys_rule_condition` VALUES ('RC16c3fcb:16a3a19e4b9:-7a8b', 'RUL59515aa4:16a3a32fa5e:-3fec', 'treasury.facts.BillItem', 'treasury.facts.BillItem', 'BILLITEM', 2, NULL, NULL, NULL, NULL, NULL, 0);
INSERT INTO `sys_rule_condition` VALUES ('RC16c3fcb:16a3a19e4b9:-7a94', 'RUL59515aa4:16a3a32fa5e:-4020', 'treasury.facts.BillItem', 'treasury.facts.BillItem', 'BILLITEM', 2, NULL, NULL, NULL, NULL, NULL, 0);
INSERT INTO `sys_rule_condition` VALUES ('RC16c3fcb:16a3a19e4b9:-7a96', 'RUL59515aa4:16a3a32fa5e:-4020', 'obo.facts.OccupancyType', 'obo.facts.OccupancyType', NULL, 1, NULL, NULL, NULL, NULL, NULL, 0);
INSERT INTO `sys_rule_condition` VALUES ('RC16c3fcb:16a3a19e4b9:-7a99', 'RUL59515aa4:16a3a32fa5e:-4020', 'obo.facts.OboDecimalInfo', 'obo.facts.OboDecimalInfo', NULL, 2, NULL, NULL, NULL, NULL, NULL, 0);
INSERT INTO `sys_rule_condition` VALUES ('RC16c3fcb:16a3a19e4b9:-7acc', 'RUL59515aa4:16a3a32fa5e:-41fd', 'treasury.facts.BillItem', 'treasury.facts.BillItem', 'BILLITEM', 2, NULL, NULL, NULL, NULL, NULL, 0);
INSERT INTO `sys_rule_condition` VALUES ('RC16c3fcb:16a3a19e4b9:-7ace', 'RUL59515aa4:16a3a32fa5e:-41fd', 'obo.facts.OccupancyType', 'obo.facts.OccupancyType', NULL, 1, NULL, NULL, NULL, NULL, NULL, 0);
INSERT INTO `sys_rule_condition` VALUES ('RC16c3fcb:16a3a19e4b9:-7ad1', 'RUL59515aa4:16a3a32fa5e:-41fd', 'obo.facts.OboDecimalInfo', 'obo.facts.OboDecimalInfo', NULL, 2, NULL, NULL, NULL, NULL, NULL, 0);
INSERT INTO `sys_rule_condition` VALUES ('RC16c3fcb:16a3a19e4b9:-7ad6', 'RUL59515aa4:16a3a32fa5e:-420e', 'treasury.facts.BillItem', 'treasury.facts.BillItem', 'BILLITEM', 2, NULL, NULL, NULL, NULL, NULL, 0);
INSERT INTO `sys_rule_condition` VALUES ('RC16c3fcb:16a3a19e4b9:-7ad8', 'RUL59515aa4:16a3a32fa5e:-420e', 'obo.facts.OccupancyType', 'obo.facts.OccupancyType', NULL, 1, NULL, NULL, NULL, NULL, NULL, 0);
INSERT INTO `sys_rule_condition` VALUES ('RC16c3fcb:16a3a19e4b9:-7adb', 'RUL59515aa4:16a3a32fa5e:-420e', 'obo.facts.OboDecimalInfo', 'obo.facts.OboDecimalInfo', NULL, 2, NULL, NULL, NULL, NULL, NULL, 0);
INSERT INTO `sys_rule_condition` VALUES ('RC16c3fcb:16a3a19e4b9:-7afd', 'RUL59515aa4:16a3a32fa5e:-43ab', 'obo.facts.OboDecimalInfo', 'obo.facts.OboDecimalInfo', NULL, 2, NULL, NULL, NULL, NULL, NULL, 0);
INSERT INTO `sys_rule_condition` VALUES ('RC16c3fcb:16a3a19e4b9:-7aff', 'RUL59515aa4:16a3a32fa5e:-43ab', 'obo.facts.OccupancyType', 'obo.facts.OccupancyType', NULL, 1, NULL, NULL, NULL, NULL, NULL, 0);
INSERT INTO `sys_rule_condition` VALUES ('RC16c3fcb:16a3a19e4b9:-7b01', 'RUL59515aa4:16a3a32fa5e:-43ab', 'treasury.facts.BillItem', 'treasury.facts.BillItem', 'BILLITEM', 2, NULL, NULL, NULL, NULL, NULL, 0);
INSERT INTO `sys_rule_condition` VALUES ('RC16c3fcb:16a3a19e4b9:-7b28', 'RUL59515aa4:16a3a32fa5e:-4513', 'obo.facts.OboDecimalInfo', 'obo.facts.OboDecimalInfo', NULL, 0, NULL, NULL, NULL, NULL, NULL, 0);
INSERT INTO `sys_rule_condition` VALUES ('RC16c3fcb:16a3a19e4b9:-7b2a', 'RUL59515aa4:16a3a32fa5e:-4513', 'treasury.facts.BillItem', 'treasury.facts.BillItem', 'BILLITEM', 1, NULL, NULL, NULL, NULL, NULL, 0);
INSERT INTO `sys_rule_condition` VALUES ('RC16c3fcb:16a3a19e4b9:-7f1f', 'RUL59515aa4:16a3a32fa5e:-7792', 'obo.facts.OccupancyType', 'obo.facts.OccupancyType', NULL, 1, NULL, NULL, NULL, NULL, NULL, 0);
INSERT INTO `sys_rule_condition` VALUES ('RC16c3fcb:16a3a19e4b9:-7f2b', 'RUL59515aa4:16a3a32fa5e:-77c6', 'obo.facts.OccupancyType', 'obo.facts.OccupancyType', NULL, 2, NULL, NULL, NULL, NULL, NULL, 0);
INSERT INTO `sys_rule_condition` VALUES ('RC16c3fcb:16a3a19e4b9:-7f36', 'RUL59515aa4:16a3a32fa5e:-77fa', 'obo.facts.OccupancyType', 'obo.facts.OccupancyType', NULL, 2, NULL, NULL, NULL, NULL, NULL, 0);
INSERT INTO `sys_rule_condition` VALUES ('RC16c3fcb:16a3a19e4b9:-7f41', 'RUL59515aa4:16a3a32fa5e:-782e', 'obo.facts.OccupancyType', 'obo.facts.OccupancyType', NULL, 2, NULL, NULL, NULL, NULL, NULL, 0);
INSERT INTO `sys_rule_condition` VALUES ('RC16c3fcb:16a3a19e4b9:-7f4f', 'RUL59515aa4:16a3a32fa5e:-7883', 'obo.facts.OccupancyType', 'obo.facts.OccupancyType', NULL, 2, NULL, NULL, NULL, NULL, NULL, 0);
INSERT INTO `sys_rule_condition` VALUES ('RC1cbabe6f:15bf507af61:-7fca', 'RUL-181817d3:15bf4e3b890:-29cc', 'obo.facts.OboDecimalInfo', 'obo.facts.OboDecimalInfo', NULL, 1, NULL, NULL, NULL, NULL, NULL, 0);
INSERT INTO `sys_rule_condition` VALUES ('RC1cbabe6f:15bf507af61:-7fcc', 'RUL-181817d3:15bf4e3b890:-29cc', 'treasury.facts.BillItem', 'treasury.facts.BillItem', 'BILLITEM', 0, NULL, NULL, NULL, NULL, NULL, 0);
INSERT INTO `sys_rule_condition` VALUES ('RC1cbabe6f:15bf507af61:-7fd2', 'RUL-181817d3:15bf4e3b890:-2b06', 'treasury.facts.BillItem', 'treasury.facts.BillItem', 'BILLITEM', 0, NULL, NULL, NULL, NULL, NULL, 0);
INSERT INTO `sys_rule_condition` VALUES ('RC1cbabe6f:15bf507af61:-7fd5', 'RUL-181817d3:15bf4e3b890:-2b06', 'obo.facts.OboDecimalInfo', 'obo.facts.OboDecimalInfo', NULL, 1, NULL, NULL, NULL, NULL, NULL, 0);
INSERT INTO `sys_rule_condition` VALUES ('RC1cbabe6f:15bf507af61:-7fdb', 'RUL-181817d3:15bf4e3b890:-3079', 'treasury.facts.BillItem', 'treasury.facts.BillItem', 'BILLITEM', 1, NULL, NULL, NULL, NULL, NULL, 0);
INSERT INTO `sys_rule_condition` VALUES ('RC1cbabe6f:15bf507af61:-7fde', 'RUL-181817d3:15bf4e3b890:-3079', 'obo.facts.OboDecimalInfo', 'obo.facts.OboDecimalInfo', NULL, 0, NULL, NULL, NULL, NULL, NULL, 0);
INSERT INTO `sys_rule_condition` VALUES ('RC1cbabe6f:15bf507af61:-7fe5', 'RUL-181817d3:15bf4e3b890:-3186', 'obo.facts.OboDecimalInfo', 'obo.facts.OboDecimalInfo', NULL, 0, NULL, NULL, NULL, NULL, NULL, 0);
INSERT INTO `sys_rule_condition` VALUES ('RC1cbabe6f:15bf507af61:-7fe7', 'RUL-181817d3:15bf4e3b890:-3186', 'treasury.facts.BillItem', 'treasury.facts.BillItem', 'BILLITEM', 1, NULL, NULL, NULL, NULL, NULL, 0);
INSERT INTO `sys_rule_condition` VALUES ('RC1cbabe6f:15bf507af61:-7fef', 'RUL-181817d3:15bf4e3b890:-415b', 'obo.facts.BuildingUse', 'RULFACT-75b995c:15b18c6b9a6:-7be0', 'BU', 2, NULL, NULL, NULL, NULL, NULL, 0);
INSERT INTO `sys_rule_condition` VALUES ('RC1cbabe6f:15bf507af61:-7ff2', 'RUL-181817d3:15bf4e3b890:-415b', 'obo.facts.OboDecimalInfo', 'obo.facts.OboDecimalInfo', NULL, 1, NULL, NULL, NULL, NULL, NULL, 0);
INSERT INTO `sys_rule_condition` VALUES ('RC1cbabe6f:15bf507af61:-7ff4', 'RUL-181817d3:15bf4e3b890:-415b', 'treasury.facts.BillItem', 'treasury.facts.BillItem', 'BILLITEM', 0, NULL, NULL, NULL, NULL, NULL, 0);
INSERT INTO `sys_rule_condition` VALUES ('RC28a83f44:15b74c946cb:-7f39', 'RUL-50300c99:15b7626649d:-5330', 'obo.facts.OboDecimalInfo', 'obo.facts.OboDecimalInfo', NULL, 1, NULL, NULL, NULL, NULL, NULL, 0);
INSERT INTO `sys_rule_condition` VALUES ('RC28a83f44:15b74c946cb:-7f3b', 'RUL-50300c99:15b7626649d:-5330', 'treasury.facts.BillItem', 'treasury.facts.BillItem', 'BILLITEM', 0, NULL, NULL, NULL, NULL, NULL, 0);
INSERT INTO `sys_rule_condition` VALUES ('RC28a83f44:15b74c946cb:-7f44', 'RUL-50300c99:15b7626649d:-56a6', 'treasury.facts.BillItem', 'treasury.facts.BillItem', 'BILLITEM', 0, NULL, NULL, NULL, NULL, NULL, 0);
INSERT INTO `sys_rule_condition` VALUES ('RC28a83f44:15b74c946cb:-7f4a', 'RUL-50300c99:15b7626649d:-5807', 'treasury.facts.BillItem', 'treasury.facts.BillItem', 'BILLITEM', 0, NULL, NULL, NULL, NULL, NULL, 0);
INSERT INTO `sys_rule_condition` VALUES ('RC28a83f44:15b74c946cb:-7f4d', 'RUL-50300c99:15b7626649d:-5807', 'obo.facts.OboDecimalInfo', 'obo.facts.OboDecimalInfo', NULL, 1, NULL, NULL, NULL, NULL, NULL, 0);
INSERT INTO `sys_rule_condition` VALUES ('RC28a83f44:15b74c946cb:-7f54', 'RUL-50300c99:15b7626649d:-5c39', 'obo.facts.OboDecimalInfo', 'obo.facts.OboDecimalInfo', NULL, 1, NULL, NULL, NULL, NULL, NULL, 0);
INSERT INTO `sys_rule_condition` VALUES ('RC28a83f44:15b74c946cb:-7f56', 'RUL-50300c99:15b7626649d:-5c39', 'treasury.facts.BillItem', 'treasury.facts.BillItem', 'BILLITEM', 0, NULL, NULL, NULL, NULL, NULL, 0);
INSERT INTO `sys_rule_condition` VALUES ('RC28a83f44:15b74c946cb:-7f5c', 'RUL-50300c99:15b7626649d:-66a4', 'treasury.facts.BillItem', 'treasury.facts.BillItem', 'BILLITEM', 0, NULL, NULL, NULL, NULL, NULL, 0);
INSERT INTO `sys_rule_condition` VALUES ('RC28a83f44:15b74c946cb:-7f5f', 'RUL-50300c99:15b7626649d:-66a4', 'obo.facts.OboDecimalInfo', 'obo.facts.OboDecimalInfo', NULL, 1, NULL, NULL, NULL, NULL, NULL, 0);
INSERT INTO `sys_rule_condition` VALUES ('RC28a83f44:15b74c946cb:-7f65', 'RUL-50300c99:15b7626649d:-66b5', 'treasury.facts.BillItem', 'treasury.facts.BillItem', 'BILLITEM', 0, NULL, NULL, NULL, NULL, NULL, 0);
INSERT INTO `sys_rule_condition` VALUES ('RC28a83f44:15b74c946cb:-7f68', 'RUL-50300c99:15b7626649d:-66b5', 'obo.facts.OboDecimalInfo', 'obo.facts.OboDecimalInfo', NULL, 1, NULL, NULL, NULL, NULL, NULL, 0);
INSERT INTO `sys_rule_condition` VALUES ('RC28a83f44:15b74c946cb:-7f6e', 'RUL-50300c99:15b7626649d:-66c6', 'treasury.facts.BillItem', 'treasury.facts.BillItem', 'BILLITEM', 0, NULL, NULL, NULL, NULL, NULL, 0);
INSERT INTO `sys_rule_condition` VALUES ('RC28a83f44:15b74c946cb:-7f71', 'RUL-50300c99:15b7626649d:-66c6', 'obo.facts.OboDecimalInfo', 'obo.facts.OboDecimalInfo', NULL, 1, NULL, NULL, NULL, NULL, NULL, 0);
INSERT INTO `sys_rule_condition` VALUES ('RC28a83f44:15b74c946cb:-7f77', 'RUL-50300c99:15b7626649d:-6710', 'treasury.facts.BillItem', 'treasury.facts.BillItem', 'BILLITEM', 0, NULL, NULL, NULL, NULL, NULL, 0);
INSERT INTO `sys_rule_condition` VALUES ('RC28a83f44:15b74c946cb:-7f8b', 'RUL-50300c99:15b7626649d:-6cee', 'obo.facts.BuildingUse', 'RULFACT-75b995c:15b18c6b9a6:-7be0', 'BU', 2, NULL, NULL, NULL, NULL, NULL, 0);
INSERT INTO `sys_rule_condition` VALUES ('RC28a83f44:15b74c946cb:-7f8e', 'RUL-50300c99:15b7626649d:-6cee', 'obo.facts.OboDecimalInfo', 'obo.facts.OboDecimalInfo', NULL, 1, NULL, NULL, NULL, NULL, NULL, 0);
INSERT INTO `sys_rule_condition` VALUES ('RC28a83f44:15b74c946cb:-7f90', 'RUL-50300c99:15b7626649d:-6cee', 'treasury.facts.BillItem', 'treasury.facts.BillItem', 'BILLITEM', 0, NULL, NULL, NULL, NULL, NULL, 0);
INSERT INTO `sys_rule_condition` VALUES ('RC28a83f44:15b74c946cb:-7f96', 'RUL-50300c99:15b7626649d:-6fe2', 'treasury.facts.BillItem', 'treasury.facts.BillItem', 'BILLITEM', 0, NULL, NULL, NULL, NULL, NULL, 0);
INSERT INTO `sys_rule_condition` VALUES ('RC28a83f44:15b74c946cb:-7f99', 'RUL-50300c99:15b7626649d:-6fe2', 'obo.facts.OboDecimalInfo', 'obo.facts.OboDecimalInfo', NULL, 1, NULL, NULL, NULL, NULL, NULL, 0);
INSERT INTO `sys_rule_condition` VALUES ('RC28a83f44:15b74c946cb:-7f9b', 'RUL-50300c99:15b7626649d:-6fe2', 'obo.facts.BuildingUse', 'RULFACT-75b995c:15b18c6b9a6:-7be0', 'BU', 2, NULL, NULL, NULL, NULL, NULL, 0);
INSERT INTO `sys_rule_condition` VALUES ('RC28a83f44:15b74c946cb:-7fa1', 'RUL-50300c99:15b7626649d:-7a5e', 'obo.facts.BuildingUse', 'RULFACT-75b995c:15b18c6b9a6:-7be0', 'BU', 0, NULL, NULL, NULL, NULL, NULL, 0);
INSERT INTO `sys_rule_condition` VALUES ('RC28a83f44:15b74c946cb:-7fa3', 'RUL-50300c99:15b7626649d:-7a5e', 'treasury.facts.BillItem', 'treasury.facts.BillItem', 'BILLITEM', 1, NULL, NULL, NULL, NULL, NULL, 0);
INSERT INTO `sys_rule_condition` VALUES ('RC28a83f44:15b74c946cb:-7fa6', 'RUL-50300c99:15b7626649d:-7a5e', 'obo.facts.OboIntegerInfo', 'obo.facts.OboIntegerInfo', NULL, 2, NULL, NULL, NULL, NULL, NULL, 0);
INSERT INTO `sys_rule_condition` VALUES ('RC28a83f44:15b74c946cb:-7fac', 'RUL-50300c99:15b7626649d:-7a6f', 'obo.facts.BuildingUse', 'RULFACT-75b995c:15b18c6b9a6:-7be0', 'BU', 0, NULL, NULL, NULL, NULL, NULL, 0);
INSERT INTO `sys_rule_condition` VALUES ('RC28a83f44:15b74c946cb:-7fae', 'RUL-50300c99:15b7626649d:-7a6f', 'treasury.facts.BillItem', 'treasury.facts.BillItem', 'BILLITEM', 1, NULL, NULL, NULL, NULL, NULL, 0);
INSERT INTO `sys_rule_condition` VALUES ('RC28a83f44:15b74c946cb:-7fb1', 'RUL-50300c99:15b7626649d:-7a6f', 'obo.facts.OboIntegerInfo', 'obo.facts.OboIntegerInfo', NULL, 2, NULL, NULL, NULL, NULL, NULL, 0);
INSERT INTO `sys_rule_condition` VALUES ('RC28a83f44:15b74c946cb:-7fc3', 'RUL3f65f585:15b74b1144b:-6ec2', 'obo.facts.BuildingUse', 'RULFACT-75b995c:15b18c6b9a6:-7be0', 'BU', 0, NULL, NULL, NULL, NULL, NULL, 0);
INSERT INTO `sys_rule_condition` VALUES ('RC28a83f44:15b74c946cb:-7fc5', 'RUL3f65f585:15b74b1144b:-6ec2', 'treasury.facts.BillItem', 'treasury.facts.BillItem', 'BILLITEM', 1, NULL, NULL, NULL, NULL, NULL, 0);
INSERT INTO `sys_rule_condition` VALUES ('RC28a83f44:15b74c946cb:-7fc8', 'RUL3f65f585:15b74b1144b:-6ec2', 'obo.facts.OboDecimalInfo', 'obo.facts.OboDecimalInfo', NULL, 2, NULL, NULL, NULL, NULL, NULL, 0);
INSERT INTO `sys_rule_condition` VALUES ('RC28a83f44:15b74c946cb:-7fcf', 'RUL3f65f585:15b74b1144b:-6efb', 'obo.facts.OboDecimalInfo', 'obo.facts.OboDecimalInfo', NULL, 2, NULL, NULL, NULL, NULL, NULL, 0);
INSERT INTO `sys_rule_condition` VALUES ('RC28a83f44:15b74c946cb:-7fd1', 'RUL3f65f585:15b74b1144b:-6efb', 'treasury.facts.BillItem', 'treasury.facts.BillItem', 'BILLITEM', 1, NULL, NULL, NULL, NULL, NULL, 0);
INSERT INTO `sys_rule_condition` VALUES ('RC28a83f44:15b74c946cb:-7fd3', 'RUL3f65f585:15b74b1144b:-6efb', 'obo.facts.BuildingUse', 'RULFACT-75b995c:15b18c6b9a6:-7be0', 'BU', 0, NULL, NULL, NULL, NULL, NULL, 0);
INSERT INTO `sys_rule_condition` VALUES ('RC28a83f44:15b74c946cb:-7fda', 'RUL3f65f585:15b74b1144b:-6f38', 'obo.facts.OboDecimalInfo', 'obo.facts.OboDecimalInfo', NULL, 2, NULL, NULL, NULL, NULL, NULL, 0);
INSERT INTO `sys_rule_condition` VALUES ('RC28a83f44:15b74c946cb:-7fdc', 'RUL3f65f585:15b74b1144b:-6f38', 'treasury.facts.BillItem', 'treasury.facts.BillItem', 'BILLITEM', 1, NULL, NULL, NULL, NULL, NULL, 0);
INSERT INTO `sys_rule_condition` VALUES ('RC28a83f44:15b74c946cb:-7fde', 'RUL3f65f585:15b74b1144b:-6f38', 'obo.facts.BuildingUse', 'RULFACT-75b995c:15b18c6b9a6:-7be0', 'BU', 0, NULL, NULL, NULL, NULL, NULL, 0);
INSERT INTO `sys_rule_condition` VALUES ('RC28a83f44:15b74c946cb:-7fe4', 'RUL3f65f585:15b74b1144b:-6f6a', 'obo.facts.BuildingUse', 'RULFACT-75b995c:15b18c6b9a6:-7be0', 'BU', 0, NULL, NULL, NULL, NULL, NULL, 0);
INSERT INTO `sys_rule_condition` VALUES ('RC28a83f44:15b74c946cb:-7fe6', 'RUL3f65f585:15b74b1144b:-6f6a', 'treasury.facts.BillItem', 'treasury.facts.BillItem', 'BILLITEM', 1, NULL, NULL, NULL, NULL, NULL, 0);
INSERT INTO `sys_rule_condition` VALUES ('RC28a83f44:15b74c946cb:-7fe9', 'RUL3f65f585:15b74b1144b:-6f6a', 'obo.facts.OboDecimalInfo', 'obo.facts.OboDecimalInfo', NULL, 2, NULL, NULL, NULL, NULL, NULL, 0);
INSERT INTO `sys_rule_condition` VALUES ('RC28a83f44:15b74c946cb:-7fef', 'RUL3f65f585:15b74b1144b:-6fbc', 'obo.facts.BuildingUse', 'RULFACT-75b995c:15b18c6b9a6:-7be0', 'BU', 0, NULL, NULL, NULL, NULL, NULL, 0);
INSERT INTO `sys_rule_condition` VALUES ('RC28a83f44:15b74c946cb:-7ff1', 'RUL3f65f585:15b74b1144b:-6fbc', 'treasury.facts.BillItem', 'treasury.facts.BillItem', 'BILLITEM', 1, NULL, NULL, NULL, NULL, NULL, 0);
INSERT INTO `sys_rule_condition` VALUES ('RC28a83f44:15b74c946cb:-7ff4', 'RUL3f65f585:15b74b1144b:-6fbc', 'obo.facts.OboDecimalInfo', 'obo.facts.OboDecimalInfo', NULL, 2, NULL, NULL, NULL, NULL, NULL, 0);
INSERT INTO `sys_rule_condition` VALUES ('RC33115abb:15b366b9fbd:-7f56', 'RUL10bc2a9b:15b3805d39e:-6ef4', 'treasury.facts.BillItem', 'treasury.facts.BillItem', 'BILLITEM', 1, NULL, NULL, NULL, NULL, NULL, 0);
INSERT INTO `sys_rule_condition` VALUES ('RC33115abb:15b366b9fbd:-7f5e', 'RUL10bc2a9b:15b3805d39e:-6f05', 'treasury.facts.BillItem', 'treasury.facts.BillItem', 'BILLITEM', 1, NULL, NULL, NULL, NULL, NULL, 0);
INSERT INTO `sys_rule_condition` VALUES ('RC33115abb:15b366b9fbd:-7f68', 'RUL10bc2a9b:15b3805d39e:-6f74', 'treasury.facts.BillItem', 'treasury.facts.BillItem', 'BILLITEM', 1, NULL, NULL, NULL, NULL, NULL, 0);
INSERT INTO `sys_rule_condition` VALUES ('RC33115abb:15b366b9fbd:-7f88', 'RUL10bc2a9b:15b3805d39e:-7cd0', 'treasury.facts.BillItem', 'treasury.facts.BillItem', 'BILLITEM', 1, NULL, NULL, NULL, NULL, NULL, 0);
INSERT INTO `sys_rule_condition` VALUES ('RC33115abb:15b366b9fbd:-7f90', 'RUL10bc2a9b:15b3805d39e:-7ce1', 'treasury.facts.BillItem', 'treasury.facts.BillItem', 'BILLITEM', 1, NULL, NULL, NULL, NULL, NULL, 0);
INSERT INTO `sys_rule_condition` VALUES ('RC33115abb:15b366b9fbd:-7f99', 'RUL-5a2a6f0f:15b37b47575:-72c2', 'treasury.facts.BillItem', 'treasury.facts.BillItem', 'BILLITEM', 1, NULL, NULL, NULL, NULL, NULL, 0);
INSERT INTO `sys_rule_condition` VALUES ('RC33115abb:15b366b9fbd:-7fa1', 'RUL-5a2a6f0f:15b37b47575:-72d3', 'treasury.facts.BillItem', 'treasury.facts.BillItem', 'BILLITEM', 1, NULL, NULL, NULL, NULL, NULL, 0);
INSERT INTO `sys_rule_condition` VALUES ('RC33115abb:15b366b9fbd:-7fa9', 'RUL-5a2a6f0f:15b37b47575:-72e4', 'treasury.facts.BillItem', 'treasury.facts.BillItem', 'BILLITEM', 1, NULL, NULL, NULL, NULL, NULL, 0);
INSERT INTO `sys_rule_condition` VALUES ('RC33115abb:15b366b9fbd:-7fb1', 'RUL-5a2a6f0f:15b37b47575:-72f5', 'treasury.facts.BillItem', 'treasury.facts.BillItem', 'BILLITEM', 1, NULL, NULL, NULL, NULL, NULL, 0);
INSERT INTO `sys_rule_condition` VALUES ('RC33115abb:15b366b9fbd:-7fb9', 'RUL-5a2a6f0f:15b37b47575:-7306', 'treasury.facts.BillItem', 'treasury.facts.BillItem', 'BILLITEM', 1, NULL, NULL, NULL, NULL, NULL, 0);
INSERT INTO `sys_rule_condition` VALUES ('RC33115abb:15b366b9fbd:-7fc1', 'RUL-5a2a6f0f:15b37b47575:-7317', 'treasury.facts.BillItem', 'treasury.facts.BillItem', 'BILLITEM', 1, NULL, NULL, NULL, NULL, NULL, 0);
INSERT INTO `sys_rule_condition` VALUES ('RC33115abb:15b366b9fbd:-7fca', 'RUL544e84a6:15b372b5faf:-782f', 'treasury.facts.BillItem', 'treasury.facts.BillItem', 'BILLITEM', 1, NULL, NULL, NULL, NULL, NULL, 0);
INSERT INTO `sys_rule_condition` VALUES ('RC33115abb:15b366b9fbd:-7fd2', 'RUL544e84a6:15b372b5faf:-7959', 'treasury.facts.BillItem', 'treasury.facts.BillItem', 'BILLITEM', 1, NULL, NULL, NULL, NULL, NULL, 0);
INSERT INTO `sys_rule_condition` VALUES ('RC33115abb:15b366b9fbd:-7fda', 'RUL544e84a6:15b372b5faf:-7c53', 'treasury.facts.BillItem', 'treasury.facts.BillItem', 'BILLITEM', 1, NULL, NULL, NULL, NULL, NULL, 0);
INSERT INTO `sys_rule_condition` VALUES ('RC33115abb:15b366b9fbd:-7fe2', 'RUL544e84a6:15b372b5faf:-7d4b', 'treasury.facts.BillItem', 'treasury.facts.BillItem', 'BILLITEM', 1, NULL, NULL, NULL, NULL, NULL, 0);
INSERT INTO `sys_rule_condition` VALUES ('RC525da928:16a4d03cbc9:-7f8c', 'RUL-7c07cdf9:16a4d035b31:-79a9', 'obo.facts.AncillaryPermit', 'obo.facts.AncillaryPermit', NULL, 0, NULL, NULL, NULL, NULL, NULL, 0);
INSERT INTO `sys_rule_condition` VALUES ('RC6ad88b42:15bf25a2e71:-7fe1', 'RUL-2fbca757:15bf25c4add:-7b95', 'obo.facts.OboApplication', 'RULFACT-75b995c:15b18c6b9a6:-7cdf', 'APP', 1, NULL, NULL, NULL, NULL, NULL, 0);
INSERT INTO `sys_rule_condition` VALUES ('RC6ad88b42:15bf25a2e71:-7fe3', 'RUL-2fbca757:15bf25c4add:-7b95', 'obo.facts.BuildingUse', 'RULFACT-75b995c:15b18c6b9a6:-7be0', 'BU', 0, NULL, NULL, NULL, NULL, NULL, 0);
INSERT INTO `sys_rule_condition` VALUES ('RC6ad88b42:15bf25a2e71:-7fe9', 'RUL-2fbca757:15bf25c4add:-7bbe', 'obo.facts.OboApplication', 'RULFACT-75b995c:15b18c6b9a6:-7cdf', 'APP', 1, NULL, NULL, NULL, NULL, NULL, 0);
INSERT INTO `sys_rule_condition` VALUES ('RC6ad88b42:15bf25a2e71:-7feb', 'RUL-2fbca757:15bf25c4add:-7bbe', 'obo.facts.BuildingUse', 'RULFACT-75b995c:15b18c6b9a6:-7be0', 'BU', 0, NULL, NULL, NULL, NULL, NULL, 0);
INSERT INTO `sys_rule_condition` VALUES ('RC73b3316:15bf60d669e:-7f8f', 'RUL-181817d3:15bf4e3b890:-af9', 'obo.facts.OboDecimalInfo', 'obo.facts.OboDecimalInfo', NULL, 2, NULL, NULL, NULL, NULL, NULL, 0);
INSERT INTO `sys_rule_condition` VALUES ('RC73b3316:15bf60d669e:-7f94', 'RUL-181817d3:15bf4e3b890:-af9', 'treasury.facts.BillItem', 'treasury.facts.BillItem', 'BILLITEM', 0, NULL, NULL, NULL, NULL, NULL, 0);
INSERT INTO `sys_rule_condition` VALUES ('RC73b3316:15bf60d669e:-7f9a', 'RUL-181817d3:15bf4e3b890:-b2e', 'treasury.facts.BillItem', 'treasury.facts.BillItem', 'BILLITEM', 0, NULL, NULL, NULL, NULL, NULL, 0);
INSERT INTO `sys_rule_condition` VALUES ('RC73b3316:15bf60d669e:-7fa0', 'RUL-181817d3:15bf4e3b890:-b2e', 'obo.facts.OboDecimalInfo', 'obo.facts.OboDecimalInfo', NULL, 2, NULL, NULL, NULL, NULL, NULL, 0);
INSERT INTO `sys_rule_condition` VALUES ('RC73b3316:15bf60d669e:-7fbf', 'RUL-181817d3:15bf4e3b890:-d87', 'obo.facts.OboDecimalInfo', 'obo.facts.OboDecimalInfo', NULL, 2, NULL, NULL, NULL, NULL, NULL, 0);
INSERT INTO `sys_rule_condition` VALUES ('RC73b3316:15bf60d669e:-7fc4', 'RUL-181817d3:15bf4e3b890:-d87', 'treasury.facts.BillItem', 'treasury.facts.BillItem', 'BILLITEM', 0, NULL, NULL, NULL, NULL, NULL, 0);
INSERT INTO `sys_rule_condition` VALUES ('RC73b3316:15bf60d669e:-7fd6', 'RUL-181817d3:15bf4e3b890:-10f2', 'treasury.facts.BillItem', 'treasury.facts.BillItem', 'BILLITEM', 0, NULL, NULL, NULL, NULL, NULL, 0);
INSERT INTO `sys_rule_condition` VALUES ('RC73b3316:15bf60d669e:-7fdc', 'RUL-181817d3:15bf4e3b890:-10f2', 'obo.facts.OboDecimalInfo', 'obo.facts.OboDecimalInfo', NULL, 2, NULL, NULL, NULL, NULL, NULL, 0);
INSERT INTO `sys_rule_condition` VALUES ('RC73b3316:15bf60d669e:-7fe2', 'RUL-181817d3:15bf4e3b890:-1103', 'treasury.facts.BillItem', 'treasury.facts.BillItem', 'BILLITEM', 0, NULL, NULL, NULL, NULL, NULL, 0);
INSERT INTO `sys_rule_condition` VALUES ('RC73b3316:15bf60d669e:-7fe8', 'RUL-181817d3:15bf4e3b890:-1103', 'obo.facts.OboDecimalInfo', 'obo.facts.OboDecimalInfo', NULL, 2, NULL, NULL, NULL, NULL, NULL, 0);
INSERT INTO `sys_rule_condition` VALUES ('RC73b3316:15bf60d669e:-7fee', 'RUL-181817d3:15bf4e3b890:-1114', 'treasury.facts.BillItem', 'treasury.facts.BillItem', 'BILLITEM', 0, NULL, NULL, NULL, NULL, NULL, 0);
INSERT INTO `sys_rule_condition` VALUES ('RC73b3316:15bf60d669e:-7ff4', 'RUL-181817d3:15bf4e3b890:-1114', 'obo.facts.OboDecimalInfo', 'obo.facts.OboDecimalInfo', NULL, 2, NULL, NULL, NULL, NULL, NULL, 0);
INSERT INTO `sys_rule_condition` VALUES ('RC7a7a989e:15b22fce173:-7fc2', 'RUL-41499999:15b23048395:-77db', 'treasury.facts.BillItem', 'treasury.facts.BillItem', 'BILLITEM', 2, NULL, NULL, NULL, NULL, NULL, 0);
INSERT INTO `sys_rule_condition` VALUES ('RC7a7a989e:15b22fce173:-7fcc', 'RUL-41499999:15b23048395:-77ec', 'treasury.facts.BillItem', 'treasury.facts.BillItem', 'BILLITEM', 2, NULL, NULL, NULL, NULL, NULL, 0);
INSERT INTO `sys_rule_condition` VALUES ('RC7a7a989e:15b22fce173:-7fd6', 'RUL-41499999:15b23048395:-77fd', 'treasury.facts.BillItem', 'treasury.facts.BillItem', 'BILLITEM', 2, NULL, NULL, NULL, NULL, NULL, 0);
INSERT INTO `sys_rule_condition` VALUES ('RC7a7a989e:15b22fce173:-7ff2', 'RUL-41499999:15b23048395:-7d1e', 'treasury.facts.BillItem', 'treasury.facts.BillItem', 'BILLITEM', 1, NULL, NULL, NULL, NULL, NULL, 0);
INSERT INTO `sys_rule_condition` VALUES ('RCOND-108b4192:15b3d234d5c:-6e4b', 'RUL-108b4192:15b3d234d5c:-6fd2', 'obo.facts.OboDecimalInfo', 'obo.facts.OboDecimalInfo', NULL, 1, NULL, NULL, NULL, NULL, NULL, 0);
INSERT INTO `sys_rule_condition` VALUES ('RCOND-108b4192:15b3d234d5c:-6f02', 'RUL-108b4192:15b3d234d5c:-6fd2', 'treasury.facts.BillItem', 'treasury.facts.BillItem', 'BILLITEM', 0, NULL, NULL, NULL, NULL, NULL, 0);
INSERT INTO `sys_rule_condition` VALUES ('RCOND-108b4192:15b3d234d5c:-7181', 'RUL-108b4192:15b3d234d5c:-72b4', 'obo.facts.OboDecimalInfo', 'obo.facts.OboDecimalInfo', NULL, 1, NULL, NULL, NULL, NULL, NULL, 0);
INSERT INTO `sys_rule_condition` VALUES ('RCOND-108b4192:15b3d234d5c:-71fc', 'RUL-108b4192:15b3d234d5c:-72b4', 'treasury.facts.BillItem', 'treasury.facts.BillItem', 'BILLITEM', 0, NULL, NULL, NULL, NULL, NULL, 0);
INSERT INTO `sys_rule_condition` VALUES ('RCOND-108b4192:15b3d234d5c:-78f2', 'RUL-108b4192:15b3d234d5c:-79d6', 'obo.facts.OboIntegerInfo', 'obo.facts.OboIntegerInfo', NULL, 1, NULL, NULL, NULL, NULL, NULL, 0);
INSERT INTO `sys_rule_condition` VALUES ('RCOND-108b4192:15b3d234d5c:-7989', 'RUL-108b4192:15b3d234d5c:-79d6', 'treasury.facts.BillItem', 'treasury.facts.BillItem', 'BILLITEM', 0, NULL, NULL, NULL, NULL, NULL, 0);
INSERT INTO `sys_rule_condition` VALUES ('RCOND-108b4192:15b3d234d5c:-7b31', 'RUL-108b4192:15b3d234d5c:-7bfd', 'obo.facts.OboIntegerInfo', 'obo.facts.OboIntegerInfo', NULL, 1, NULL, NULL, NULL, NULL, NULL, 0);
INSERT INTO `sys_rule_condition` VALUES ('RCOND-108b4192:15b3d234d5c:-7bb0', 'RUL-108b4192:15b3d234d5c:-7bfd', 'treasury.facts.BillItem', 'treasury.facts.BillItem', 'BILLITEM', 0, NULL, NULL, NULL, NULL, NULL, 0);
INSERT INTO `sys_rule_condition` VALUES ('RCOND-130f43a2:15b805032ec:-7b75', 'RUL-130f43a2:15b805032ec:-7bc7', 'obo.facts.OboApplication', 'RULFACT-75b995c:15b18c6b9a6:-7cdf', 'APP', 0, NULL, NULL, NULL, NULL, NULL, 0);
INSERT INTO `sys_rule_condition` VALUES ('RCOND-181817d3:15bf4e3b890:-12b7', 'RUL-181817d3:15bf4e3b890:-14ca', 'obo.facts.OboDecimalInfo', 'obo.facts.OboDecimalInfo', NULL, 2, NULL, NULL, NULL, NULL, NULL, 0);
INSERT INTO `sys_rule_condition` VALUES ('RCOND-181817d3:15bf4e3b890:-147b', 'RUL-181817d3:15bf4e3b890:-14ca', 'treasury.facts.BillItem', 'treasury.facts.BillItem', 'BILLITEM', 0, NULL, NULL, NULL, NULL, NULL, 0);
INSERT INTO `sys_rule_condition` VALUES ('RCOND-181817d3:15bf4e3b890:-191e', 'RUL-181817d3:15bf4e3b890:-1a11', 'obo.facts.OboDecimalInfo', 'obo.facts.OboDecimalInfo', NULL, 1, NULL, NULL, NULL, NULL, NULL, 0);
INSERT INTO `sys_rule_condition` VALUES ('RCOND-181817d3:15bf4e3b890:-19c4', 'RUL-181817d3:15bf4e3b890:-1a11', 'treasury.facts.BillItem', 'treasury.facts.BillItem', 'BILLITEM', 0, NULL, NULL, NULL, NULL, NULL, 0);
INSERT INTO `sys_rule_condition` VALUES ('RCOND-181817d3:15bf4e3b890:-1bde', 'RUL-181817d3:15bf4e3b890:-1cec', 'treasury.facts.BillItem', 'treasury.facts.BillItem', 'BILLITEM', 1, NULL, NULL, NULL, NULL, NULL, 0);
INSERT INTO `sys_rule_condition` VALUES ('RCOND-181817d3:15bf4e3b890:-1c99', 'RUL-181817d3:15bf4e3b890:-1cec', 'obo.facts.OboDecimalInfo', 'obo.facts.OboDecimalInfo', NULL, 0, NULL, NULL, NULL, NULL, NULL, 0);
INSERT INTO `sys_rule_condition` VALUES ('RCOND-181817d3:15bf4e3b890:-2016', 'RUL-181817d3:15bf4e3b890:-21c5', 'obo.facts.OboDecimalInfo', 'obo.facts.OboDecimalInfo', NULL, 2, NULL, NULL, NULL, NULL, NULL, 0);
INSERT INTO `sys_rule_condition` VALUES ('RCOND-181817d3:15bf4e3b890:-20cb', 'RUL-181817d3:15bf4e3b890:-21c5', 'obo.facts.OboIntegerInfo', 'obo.facts.OboIntegerInfo', NULL, 1, NULL, NULL, NULL, NULL, NULL, 0);
INSERT INTO `sys_rule_condition` VALUES ('RCOND-181817d3:15bf4e3b890:-2178', 'RUL-181817d3:15bf4e3b890:-21c5', 'treasury.facts.BillItem', 'treasury.facts.BillItem', 'BILLITEM', 0, NULL, NULL, NULL, NULL, NULL, 0);
INSERT INTO `sys_rule_condition` VALUES ('RCOND-181817d3:15bf4e3b890:-2348', 'RUL-181817d3:15bf4e3b890:-2433', 'obo.facts.OboDecimalInfo', 'obo.facts.OboDecimalInfo', NULL, 0, NULL, NULL, NULL, NULL, NULL, 0);
INSERT INTO `sys_rule_condition` VALUES ('RCOND-181817d3:15bf4e3b890:-2692', 'RUL-181817d3:15bf4e3b890:-27e7', 'obo.facts.OboDecimalInfo', 'obo.facts.OboDecimalInfo', NULL, 1, NULL, NULL, NULL, NULL, NULL, 0);
INSERT INTO `sys_rule_condition` VALUES ('RCOND-181817d3:15bf4e3b890:-272c', 'RUL-181817d3:15bf4e3b890:-27e7', 'treasury.facts.BillItem', 'treasury.facts.BillItem', 'BILLITEM', 0, NULL, NULL, NULL, NULL, NULL, 0);
INSERT INTO `sys_rule_condition` VALUES ('RCOND-181817d3:15bf4e3b890:-2c28', 'RUL-181817d3:15bf4e3b890:-2d08', 'obo.facts.OboDecimalInfo', 'obo.facts.OboDecimalInfo', NULL, 1, NULL, NULL, NULL, NULL, NULL, 0);
INSERT INTO `sys_rule_condition` VALUES ('RCOND-181817d3:15bf4e3b890:-2cb9', 'RUL-181817d3:15bf4e3b890:-2d08', 'treasury.facts.BillItem', 'treasury.facts.BillItem', 'BILLITEM', 0, NULL, NULL, NULL, NULL, NULL, 0);
INSERT INTO `sys_rule_condition` VALUES ('RCOND-181817d3:15bf4e3b890:-3260', 'RUL-181817d3:15bf4e3b890:-3397', 'treasury.facts.BillItem', 'treasury.facts.BillItem', 'BILLITEM', 1, NULL, NULL, NULL, NULL, NULL, 0);
INSERT INTO `sys_rule_condition` VALUES ('RCOND-181817d3:15bf4e3b890:-3344', 'RUL-181817d3:15bf4e3b890:-3397', 'obo.facts.OboDecimalInfo', 'obo.facts.OboDecimalInfo', NULL, 0, NULL, NULL, NULL, NULL, NULL, 0);
INSERT INTO `sys_rule_condition` VALUES ('RCOND-181817d3:15bf4e3b890:-38e9', 'RUL-181817d3:15bf4e3b890:-3cc8', 'obo.facts.OboDecimalInfo', 'obo.facts.OboDecimalInfo', NULL, 1, NULL, NULL, NULL, NULL, NULL, 0);
INSERT INTO `sys_rule_condition` VALUES ('RCOND-181817d3:15bf4e3b890:-3a97', 'RUL-181817d3:15bf4e3b890:-3cc8', 'treasury.facts.BillItem', 'treasury.facts.BillItem', 'BILLITEM', 0, NULL, NULL, NULL, NULL, NULL, 0);
INSERT INTO `sys_rule_condition` VALUES ('RCOND-181817d3:15bf4e3b890:-6499', 'RUL-50300c99:15b7626649d:-77a6', 'obo.facts.BuildingUse', 'RULFACT-75b995c:15b18c6b9a6:-7be0', 'BU', 2, NULL, NULL, NULL, NULL, NULL, 0);
INSERT INTO `sys_rule_condition` VALUES ('RCOND-2fbca757:15bf25c4add:-6723', 'RUL-2fbca757:15bf25c4add:-7bbe', 'obo.facts.OboDecimalInfo', 'obo.facts.OboDecimalInfo', NULL, 3, NULL, NULL, NULL, NULL, NULL, 0);
INSERT INTO `sys_rule_condition` VALUES ('RCOND-2fbca757:15bf25c4add:-6932', 'RUL-2fbca757:15bf25c4add:-7b95', 'obo.facts.OboDecimalInfo', 'obo.facts.OboDecimalInfo', NULL, 3, NULL, NULL, NULL, NULL, NULL, 0);
INSERT INTO `sys_rule_condition` VALUES ('RCOND-2fbca757:15bf25c4add:-7625', 'RUL-2fbca757:15bf25c4add:-7b95', 'treasury.facts.BillItem', 'treasury.facts.BillItem', 'BILLITEM', 2, NULL, NULL, NULL, NULL, NULL, 0);
INSERT INTO `sys_rule_condition` VALUES ('RCOND-2fbca757:15bf25c4add:-770f', 'RUL-2fbca757:15bf25c4add:-7bbe', 'treasury.facts.BillItem', 'treasury.facts.BillItem', 'BILLITEM', 2, NULL, NULL, NULL, NULL, NULL, 0);
INSERT INTO `sys_rule_condition` VALUES ('RCOND-3e1b1387:169e65ec32c:-7db0', 'RUL-75b995c:15b18c6b9a6:-73a0', 'obo.facts.OccupancyType', 'obo.facts.OccupancyType', NULL, 2, NULL, NULL, NULL, NULL, NULL, 0);
INSERT INTO `sys_rule_condition` VALUES ('RCOND-41499999:15b23048395:-7df2', 'RUL-41499999:15b23048395:-7ed8', 'treasury.facts.BillItem', 'treasury.facts.BillItem', 'BILLITEM', 1, NULL, NULL, NULL, NULL, NULL, 0);
INSERT INTO `sys_rule_condition` VALUES ('RCOND-4267ff2c:16a444aba70:-592c', 'RUL59515aa4:16a3a32fa5e:-6790', 'obo.facts.BuildingApplication', 'obo.facts.BuildingApplication', NULL, 1, NULL, NULL, NULL, NULL, NULL, 0);
INSERT INTO `sys_rule_condition` VALUES ('RCOND-4267ff2c:16a444aba70:-6bde', 'RUL-4267ff2c:16a444aba70:-6d3b', 'treasury.facts.BillItem', 'treasury.facts.BillItem', 'BILLITEM', 1, NULL, NULL, NULL, NULL, NULL, 0);
INSERT INTO `sys_rule_condition` VALUES ('RCOND-4267ff2c:16a444aba70:-6cd2', 'RUL-4267ff2c:16a444aba70:-6d3b', 'obo.facts.OboDecimalInfo', 'obo.facts.OboDecimalInfo', NULL, 0, NULL, NULL, NULL, NULL, NULL, 0);
INSERT INTO `sys_rule_condition` VALUES ('RCOND-4267ff2c:16a444aba70:-6eb7', 'RUL-4267ff2c:16a444aba70:-6f9a', 'obo.facts.OboDecimalInfo', 'obo.facts.OboDecimalInfo', NULL, 2, NULL, NULL, NULL, NULL, NULL, 0);
INSERT INTO `sys_rule_condition` VALUES ('RCOND-4267ff2c:16a444aba70:-7151', 'RUL-4267ff2c:16a444aba70:-7247', 'obo.facts.OboIntegerInfo', 'obo.facts.OboIntegerInfo', NULL, 1, NULL, NULL, NULL, NULL, NULL, 0);
INSERT INTO `sys_rule_condition` VALUES ('RCOND-497dd1bf:15b6a2553bf:-7763', 'RUL-497dd1bf:15b6a2553bf:-783f', 'obo.facts.OboDecimalInfo', 'obo.facts.OboDecimalInfo', NULL, 1, NULL, NULL, NULL, NULL, NULL, 0);
INSERT INTO `sys_rule_condition` VALUES ('RCOND-497dd1bf:15b6a2553bf:-77f2', 'RUL-497dd1bf:15b6a2553bf:-783f', 'treasury.facts.BillItem', 'treasury.facts.BillItem', 'BILLITEM', 0, NULL, NULL, NULL, NULL, NULL, 0);
INSERT INTO `sys_rule_condition` VALUES ('RCOND-497dd1bf:15b6a2553bf:-794e', 'RUL51c2b1c4:15b69a42d57:-7855', 'obo.facts.OboApplication', 'RULFACT-75b995c:15b18c6b9a6:-7cdf', 'APP', 2, NULL, NULL, NULL, NULL, NULL, 0);
INSERT INTO `sys_rule_condition` VALUES ('RCOND-50300c99:15b7626649d:-460b', 'RUL-50300c99:15b7626649d:-4a94', 'treasury.facts.BillItem', 'treasury.facts.BillItem', 'BILLITEM', 1, NULL, NULL, NULL, NULL, NULL, 0);
INSERT INTO `sys_rule_condition` VALUES ('RCOND-50300c99:15b7626649d:-4ca4', 'RUL-50300c99:15b7626649d:-4d02', 'obo.facts.OboIntegerInfo', 'obo.facts.OboIntegerInfo', NULL, 0, NULL, NULL, NULL, NULL, NULL, 0);
INSERT INTO `sys_rule_condition` VALUES ('RCOND-50300c99:15b7626649d:-51c5', 'RUL-50300c99:15b7626649d:-5330', 'obo.facts.BuildingUse', 'RULFACT-75b995c:15b18c6b9a6:-7be0', 'BU', 2, NULL, NULL, NULL, NULL, NULL, 0);
INSERT INTO `sys_rule_condition` VALUES ('RCOND-50300c99:15b7626649d:-55e9', 'RUL-50300c99:15b7626649d:-56a6', 'obo.facts.OboIntegerInfo', 'obo.facts.OboIntegerInfo', NULL, 2, NULL, NULL, NULL, NULL, NULL, 0);
INSERT INTO `sys_rule_condition` VALUES ('RCOND-50300c99:15b7626649d:-592b', 'RUL-50300c99:15b7626649d:-5a02', 'obo.facts.OboDecimalInfo', 'obo.facts.OboDecimalInfo', NULL, 1, NULL, NULL, NULL, NULL, NULL, 0);
INSERT INTO `sys_rule_condition` VALUES ('RCOND-50300c99:15b7626649d:-59b5', 'RUL-50300c99:15b7626649d:-5a02', 'treasury.facts.BillItem', 'treasury.facts.BillItem', 'BILLITEM', 0, NULL, NULL, NULL, NULL, NULL, 0);
INSERT INTO `sys_rule_condition` VALUES ('RCOND-50300c99:15b7626649d:-6283', 'RUL-50300c99:15b7626649d:-6710', 'obo.facts.OboDecimalInfo', 'obo.facts.OboDecimalInfo', NULL, 1, NULL, NULL, NULL, NULL, NULL, 0);
INSERT INTO `sys_rule_condition` VALUES ('RCOND-50300c99:15b7626649d:-70ec', 'RUL-50300c99:15b7626649d:-7440', 'obo.facts.BuildingUse', 'RULFACT-75b995c:15b18c6b9a6:-7be0', 'BU', 2, NULL, NULL, NULL, NULL, NULL, 0);
INSERT INTO `sys_rule_condition` VALUES ('RCOND-50300c99:15b7626649d:-7355', 'RUL-50300c99:15b7626649d:-7440', 'obo.facts.OboDecimalInfo', 'obo.facts.OboDecimalInfo', NULL, 1, NULL, NULL, NULL, NULL, NULL, 0);
INSERT INTO `sys_rule_condition` VALUES ('RCOND-50300c99:15b7626649d:-73ec', 'RUL-50300c99:15b7626649d:-7440', 'treasury.facts.BillItem', 'treasury.facts.BillItem', 'BILLITEM', 0, NULL, NULL, NULL, NULL, NULL, 0);
INSERT INTO `sys_rule_condition` VALUES ('RCOND-50300c99:15b7626649d:-7649', 'RUL-50300c99:15b7626649d:-77a6', 'obo.facts.OboDecimalInfo', 'obo.facts.OboDecimalInfo', NULL, 1, NULL, NULL, NULL, NULL, NULL, 0);
INSERT INTO `sys_rule_condition` VALUES ('RCOND-50300c99:15b7626649d:-7759', 'RUL-50300c99:15b7626649d:-77a6', 'treasury.facts.BillItem', 'treasury.facts.BillItem', 'BILLITEM', 0, NULL, NULL, NULL, NULL, NULL, 0);
INSERT INTO `sys_rule_condition` VALUES ('RCOND-50300c99:15b7626649d:-7b79', 'RUL-50300c99:15b7626649d:-7ebc', 'obo.facts.OboIntegerInfo', 'obo.facts.OboIntegerInfo', NULL, 2, NULL, NULL, NULL, NULL, NULL, 0);
INSERT INTO `sys_rule_condition` VALUES ('RCOND-50300c99:15b7626649d:-7d8d', 'RUL-50300c99:15b7626649d:-7ebc', 'treasury.facts.BillItem', 'treasury.facts.BillItem', 'BILLITEM', 1, NULL, NULL, NULL, NULL, NULL, 0);
INSERT INTO `sys_rule_condition` VALUES ('RCOND-50300c99:15b7626649d:-7e29', 'RUL-50300c99:15b7626649d:-7ebc', 'obo.facts.BuildingUse', 'RULFACT-75b995c:15b18c6b9a6:-7be0', 'BU', 0, NULL, NULL, NULL, NULL, NULL, 0);
INSERT INTO `sys_rule_condition` VALUES ('RCOND-5187b96a:16c2cb56fb8:-5d8c', 'RUL55d9e7c7:16a3522d159:-7417', 'obo.facts.BuildingApplication', 'obo.facts.BuildingApplication', NULL, 3, NULL, NULL, NULL, NULL, NULL, 0);
INSERT INTO `sys_rule_condition` VALUES ('RCOND-5b80e99d:16e35dd32fa:-7c93', 'RUL3b31d1e8:16a5826cfa5:-72a3', 'obo.facts.BuildingPermitSection', 'obo.facts.BuildingPermitSection', NULL, 1, NULL, NULL, NULL, NULL, NULL, 0);
INSERT INTO `sys_rule_condition` VALUES ('RCOND-685b3759:16a2fd8270e:-7120', 'RUL-46ef70e6:15b192ccb94:-7783', 'obo.facts.BuildingApplication', 'obo.facts.BuildingApplication', NULL, 2, NULL, NULL, NULL, NULL, NULL, 0);
INSERT INTO `sys_rule_condition` VALUES ('RCOND-685b3759:16a2fd8270e:-7281', 'RUL-46ef70e6:15b192ccb94:-7783', 'obo.facts.OccupancyType', 'obo.facts.OccupancyType', NULL, 2, NULL, NULL, NULL, NULL, NULL, 0);
INSERT INTO `sys_rule_condition` VALUES ('RCOND-685b3759:16a2fd8270e:-7411', 'RUL-46ef70e6:15b192ccb94:-755f', 'obo.facts.BuildingApplication', 'obo.facts.BuildingApplication', NULL, 2, NULL, NULL, NULL, NULL, NULL, 0);
INSERT INTO `sys_rule_condition` VALUES ('RCOND-685b3759:16a2fd8270e:-74bd', 'RUL-46ef70e6:15b192ccb94:-755f', 'obo.facts.OccupancyType', 'obo.facts.OccupancyType', NULL, 2, NULL, NULL, NULL, NULL, NULL, 0);
INSERT INTO `sys_rule_condition` VALUES ('RCOND-685b3759:16a2fd8270e:-76bd', 'RUL-181817d3:15bf4e3b890:-75db', 'obo.facts.BuildingApplication', 'obo.facts.BuildingApplication', NULL, 2, NULL, NULL, NULL, NULL, NULL, 0);
INSERT INTO `sys_rule_condition` VALUES ('RCOND-685b3759:16a2fd8270e:-7757', 'RUL-181817d3:15bf4e3b890:-75db', 'obo.facts.OccupancyType', 'obo.facts.OccupancyType', NULL, 2, NULL, NULL, NULL, NULL, NULL, 0);
INSERT INTO `sys_rule_condition` VALUES ('RCOND-685b3759:16a2fd8270e:-796b', 'RUL-181817d3:15bf4e3b890:-73e2', 'obo.facts.BuildingApplication', 'obo.facts.BuildingApplication', NULL, 2, NULL, NULL, NULL, NULL, NULL, 0);
INSERT INTO `sys_rule_condition` VALUES ('RCOND-685b3759:16a2fd8270e:-79f9', 'RUL-181817d3:15bf4e3b890:-73e2', 'obo.facts.OccupancyType', 'obo.facts.OccupancyType', NULL, 2, NULL, NULL, NULL, NULL, NULL, 0);
INSERT INTO `sys_rule_condition` VALUES ('RCOND-70eb32d:16c2d244c23:-79ec', 'RUL-70eb32d:16c2d244c23:-7a5e', 'obo.facts.BuildingApplication', 'obo.facts.BuildingApplication', NULL, 0, NULL, NULL, NULL, NULL, NULL, 0);
INSERT INTO `sys_rule_condition` VALUES ('RCOND-7385ffbe:16a438b05b7:-5e9b', 'RUL-7385ffbe:16a438b05b7:-5fc5', 'obo.facts.OboDecimalInfo', 'obo.facts.OboDecimalInfo', NULL, 1, NULL, NULL, NULL, NULL, NULL, 0);
INSERT INTO `sys_rule_condition` VALUES ('RCOND-7385ffbe:16a438b05b7:-5f5a', 'RUL-7385ffbe:16a438b05b7:-5fc5', 'treasury.facts.BillItem', 'treasury.facts.BillItem', 'BILLITEM', 0, NULL, NULL, NULL, NULL, NULL, 0);
INSERT INTO `sys_rule_condition` VALUES ('RCOND-7385ffbe:16a438b05b7:-7352', 'RUL-7385ffbe:16a438b05b7:-7482', 'obo.facts.OboDecimalInfo', 'obo.facts.OboDecimalInfo', NULL, 1, NULL, NULL, NULL, NULL, NULL, 0);
INSERT INTO `sys_rule_condition` VALUES ('RCOND-7385ffbe:16a438b05b7:-741b', 'RUL-7385ffbe:16a438b05b7:-7482', 'treasury.facts.BillItem', 'treasury.facts.BillItem', 'BILLITEM', 0, NULL, NULL, NULL, NULL, NULL, 0);
INSERT INTO `sys_rule_condition` VALUES ('RCOND-7385ffbe:16a438b05b7:-7b9a', 'RUL-7385ffbe:16a438b05b7:-7cab', 'obo.facts.OccupancyType', 'obo.facts.OccupancyType', NULL, 1, NULL, NULL, NULL, NULL, NULL, 0);
INSERT INTO `sys_rule_condition` VALUES ('RCOND-7385ffbe:16a438b05b7:-7c4e', 'RUL-7385ffbe:16a438b05b7:-7cab', 'obo.facts.BuildingApplication', 'obo.facts.BuildingApplication', NULL, 0, NULL, NULL, NULL, NULL, NULL, 0);
INSERT INTO `sys_rule_condition` VALUES ('RCOND-7c07cdf9:16a4d035b31:-73dc', 'RUL-181817d3:15bf4e3b890:-357d', 'obo.facts.AncillaryPermit', 'obo.facts.AncillaryPermit', NULL, 2, NULL, NULL, NULL, NULL, NULL, 0);
INSERT INTO `sys_rule_condition` VALUES ('RCOND-7c07cdf9:16a4d035b31:-76b9', 'RUL-181817d3:15bf4e3b890:-357d', 'obo.facts.OboIntegerInfo', 'obo.facts.OboIntegerInfo', NULL, 2, NULL, NULL, NULL, NULL, NULL, 0);
INSERT INTO `sys_rule_condition` VALUES ('RCOND-7c07cdf9:16a4d035b31:-781e', 'RUL-181817d3:15bf4e3b890:-357d', 'treasury.facts.BillItem', 'treasury.facts.BillItem', 'BILLITEM', 1, NULL, NULL, NULL, NULL, NULL, 0);
INSERT INTO `sys_rule_condition` VALUES ('RCOND10c3c60a:15bf15917a1:-6830', 'RUL3f65f585:15b74b1144b:-61c9', 'obo.facts.BuildingUse', 'RULFACT-75b995c:15b18c6b9a6:-7be0', 'BU', 2, NULL, NULL, NULL, NULL, NULL, 0);
INSERT INTO `sys_rule_condition` VALUES ('RCOND10c3c60a:15bf15917a1:-69ff', 'RUL3f65f585:15b74b1144b:-6396', 'obo.facts.BuildingUse', 'RULFACT-75b995c:15b18c6b9a6:-7be0', 'BU', 2, NULL, NULL, NULL, NULL, NULL, 0);
INSERT INTO `sys_rule_condition` VALUES ('RCOND16880e27:16e36452698:-7aae', 'RUL55d9e7c7:16a3522d159:-71db', 'obo.facts.BuildingApplication', 'obo.facts.BuildingApplication', NULL, 1, NULL, NULL, NULL, NULL, NULL, 0);
INSERT INTO `sys_rule_condition` VALUES ('RCOND16880e27:16e36452698:-7c60', 'RUL3b31d1e8:16a5826cfa5:-72a3', 'obo.facts.BuildingApplication', 'obo.facts.BuildingApplication', NULL, 1, NULL, NULL, NULL, NULL, NULL, 0);
INSERT INTO `sys_rule_condition` VALUES ('RCOND1fc2e40d:169eb7a6037:-5f53', 'RUL-46ef70e6:15b192ccb94:-78f4', 'obo.facts.BuildingApplication', 'obo.facts.BuildingApplication', NULL, 2, NULL, NULL, NULL, NULL, NULL, 0);
INSERT INTO `sys_rule_condition` VALUES ('RCOND1fc2e40d:169eb7a6037:-5fd7', 'RUL-46ef70e6:15b192ccb94:-78f4', 'obo.facts.OccupancyType', 'obo.facts.OccupancyType', NULL, 1, NULL, NULL, NULL, NULL, NULL, 0);
INSERT INTO `sys_rule_condition` VALUES ('RCOND1fc2e40d:169eb7a6037:-6474', 'RUL-75b995c:15b18c6b9a6:-6dbc', 'obo.facts.BuildingApplication', 'obo.facts.BuildingApplication', NULL, 2, NULL, NULL, NULL, NULL, NULL, 0);
INSERT INTO `sys_rule_condition` VALUES ('RCOND1fc2e40d:169eb7a6037:-6502', 'RUL-75b995c:15b18c6b9a6:-6dbc', 'obo.facts.OccupancyType', 'obo.facts.OccupancyType', NULL, 2, NULL, NULL, NULL, NULL, NULL, 0);
INSERT INTO `sys_rule_condition` VALUES ('RCOND1fc2e40d:169eb7a6037:-695a', 'RUL1fc2e40d:169eb7a6037:-69b0', 'obo.facts.BuildingApplication', 'obo.facts.BuildingApplication', NULL, 0, NULL, NULL, NULL, NULL, NULL, 0);
INSERT INTO `sys_rule_condition` VALUES ('RCOND1fc2e40d:169eb7a6037:-6c54', 'RUL-41499999:15b23048395:-77db', 'obo.facts.OccupancyType', 'obo.facts.OccupancyType', NULL, 2, NULL, NULL, NULL, NULL, NULL, 0);
INSERT INTO `sys_rule_condition` VALUES ('RCOND1fc2e40d:169eb7a6037:-6ddd', 'RUL-41499999:15b23048395:-77ec', 'obo.facts.OccupancyType', 'obo.facts.OccupancyType', NULL, 2, NULL, NULL, NULL, NULL, NULL, 0);
INSERT INTO `sys_rule_condition` VALUES ('RCOND1fc2e40d:169eb7a6037:-6fbc', 'RUL-41499999:15b23048395:-77fd', 'obo.facts.OccupancyType', 'obo.facts.OccupancyType', NULL, 2, NULL, NULL, NULL, NULL, NULL, 0);
INSERT INTO `sys_rule_condition` VALUES ('RCOND2017e4e8:16e5e7415f5:-7a19', 'RUL-70eb32d:16c2d244c23:-7a5e', 'obo.facts.RpuCount', 'obo.facts.RpuCount', NULL, 1, NULL, NULL, NULL, NULL, NULL, 0);
INSERT INTO `sys_rule_condition` VALUES ('RCOND2671fb3e:15b76f0ce63:-7388', 'RUL2671fb3e:15b76f0ce63:-73e5', 'obo.facts.OboDecimalInfo', 'obo.facts.OboDecimalInfo', NULL, 2, NULL, NULL, NULL, NULL, NULL, 0);
INSERT INTO `sys_rule_condition` VALUES ('RCOND2671fb3e:15b76f0ce63:-761d', 'RUL2671fb3e:15b76f0ce63:-76ce', 'obo.facts.OboDecimalInfo', 'obo.facts.OboDecimalInfo', NULL, 2, NULL, NULL, NULL, NULL, NULL, 0);
INSERT INTO `sys_rule_condition` VALUES ('RCOND2671fb3e:15b76f0ce63:-77f8', 'RUL2671fb3e:15b76f0ce63:-78d2', 'obo.facts.OboDecimalInfo', 'obo.facts.OboDecimalInfo', NULL, 1, NULL, NULL, NULL, NULL, NULL, 0);
INSERT INTO `sys_rule_condition` VALUES ('RCOND2671fb3e:15b76f0ce63:-7884', 'RUL2671fb3e:15b76f0ce63:-78d2', 'treasury.facts.BillItem', 'treasury.facts.BillItem', 'BILLITEM', 0, NULL, NULL, NULL, NULL, NULL, 0);
INSERT INTO `sys_rule_condition` VALUES ('RCOND2bdcadbe:16c2d9fc74a:-5c0a', 'RUL67dafb9:15b5100218a:-7ea4', 'obo.facts.BuildingApplication', 'obo.facts.BuildingApplication', NULL, 2, NULL, NULL, NULL, NULL, NULL, 0);
INSERT INTO `sys_rule_condition` VALUES ('RCOND2bdcadbe:16c2d9fc74a:-5cb4', 'RUL67dafb9:15b5100218a:-7ea4', 'obo.facts.OccupancyType', 'obo.facts.OccupancyType', NULL, 2, NULL, NULL, NULL, NULL, NULL, 0);
INSERT INTO `sys_rule_condition` VALUES ('RCOND2bdcadbe:16c2d9fc74a:-5e00', 'RUL67dafb9:15b5100218a:-7bef', 'obo.facts.BuildingApplication', 'obo.facts.BuildingApplication', NULL, 2, NULL, NULL, NULL, NULL, NULL, 0);
INSERT INTO `sys_rule_condition` VALUES ('RCOND2bdcadbe:16c2d9fc74a:-5f2c', 'RUL67dafb9:15b5100218a:-7bef', 'obo.facts.OccupancyType', 'obo.facts.OccupancyType', NULL, 2, NULL, NULL, NULL, NULL, NULL, 0);
INSERT INTO `sys_rule_condition` VALUES ('RCOND2bdcadbe:16c2d9fc74a:-6078', 'RUL67dafb9:15b5100218a:-7bde', 'obo.facts.BuildingApplication', 'obo.facts.BuildingApplication', NULL, 2, NULL, NULL, NULL, NULL, NULL, 0);
INSERT INTO `sys_rule_condition` VALUES ('RCOND2bdcadbe:16c2d9fc74a:-6145', 'RUL67dafb9:15b5100218a:-7bde', 'obo.facts.OccupancyType', 'obo.facts.OccupancyType', NULL, 2, NULL, NULL, NULL, NULL, NULL, 0);
INSERT INTO `sys_rule_condition` VALUES ('RCOND2bdcadbe:16c2d9fc74a:-63f6', 'RUL67dafb9:15b5100218a:-7bcd', 'obo.facts.BuildingApplication', 'obo.facts.BuildingApplication', NULL, 2, NULL, NULL, NULL, NULL, NULL, 0);
INSERT INTO `sys_rule_condition` VALUES ('RCOND2bdcadbe:16c2d9fc74a:-6498', 'RUL67dafb9:15b5100218a:-7bcd', 'obo.facts.OccupancyType', 'obo.facts.OccupancyType', NULL, 2, NULL, NULL, NULL, NULL, NULL, 0);
INSERT INTO `sys_rule_condition` VALUES ('RCOND2bdcadbe:16c2d9fc74a:-6590', 'RUL67dafb9:15b5100218a:-7bbc', 'obo.facts.OccupancyType', 'obo.facts.OccupancyType', NULL, 2, NULL, NULL, NULL, NULL, NULL, 0);
INSERT INTO `sys_rule_condition` VALUES ('RCOND2bdcadbe:16c2d9fc74a:-669d', 'RUL67dafb9:15b5100218a:-7bbc', 'obo.facts.BuildingApplication', 'obo.facts.BuildingApplication', NULL, 2, NULL, NULL, NULL, NULL, NULL, 0);
INSERT INTO `sys_rule_condition` VALUES ('RCOND36ece640:15b3cf0a031:-76c3', 'RUL36ece640:15b3cf0a031:-779a', 'obo.facts.OboDecimalInfo', 'obo.facts.OboDecimalInfo', NULL, 1, NULL, NULL, NULL, NULL, NULL, 0);
INSERT INTO `sys_rule_condition` VALUES ('RCOND36ece640:15b3cf0a031:-774c', 'RUL36ece640:15b3cf0a031:-779a', 'treasury.facts.BillItem', 'treasury.facts.BillItem', 'BILLITEM', 0, NULL, NULL, NULL, NULL, NULL, 0);
INSERT INTO `sys_rule_condition` VALUES ('RCOND36ece640:15b3cf0a031:-7a90', 'RUL10bc2a9b:15b3805d39e:-6ef4', 'obo.facts.OboIntegerInfo', 'obo.facts.OboIntegerInfo', NULL, 2, NULL, NULL, NULL, NULL, NULL, 0);
INSERT INTO `sys_rule_condition` VALUES ('RCOND36ece640:15b3cf0a031:-7b97', 'RUL10bc2a9b:15b3805d39e:-6f05', 'obo.facts.OboDecimalInfo', 'obo.facts.OboDecimalInfo', NULL, 2, NULL, NULL, NULL, NULL, NULL, 0);
INSERT INTO `sys_rule_condition` VALUES ('RCOND36ece640:15b3cf0a031:-7cd8', 'RUL10bc2a9b:15b3805d39e:-6f74', 'obo.facts.OboIntegerInfo', 'obo.facts.OboIntegerInfo', NULL, 2, NULL, NULL, NULL, NULL, NULL, 0);
INSERT INTO `sys_rule_condition` VALUES ('RCOND3b31d1e8:16a5826cfa5:-7c8d', 'RUL-75b995c:15b18c6b9a6:-7087', 'obo.facts.BuildingApplication', 'obo.facts.BuildingApplication', 'APP', 3, NULL, NULL, NULL, NULL, NULL, 0);
INSERT INTO `sys_rule_condition` VALUES ('RCOND3b31d1e8:16a5826cfa5:-7d02', 'RUL-75b995c:15b18c6b9a6:-7087', 'obo.facts.OccupancyType', 'obo.facts.OccupancyType', NULL, 2, NULL, NULL, NULL, NULL, NULL, 0);
INSERT INTO `sys_rule_condition` VALUES ('RCOND3b3fed41:16bdd640b5c:-7351', 'RUL3b3fed41:16bdd640b5c:-74d3', 'obo.facts.OccupancyType', 'obo.facts.OccupancyType', NULL, 1, NULL, NULL, NULL, NULL, NULL, 0);
INSERT INTO `sys_rule_condition` VALUES ('RCOND3b3fed41:16bdd640b5c:-74b1', 'RUL3b3fed41:16bdd640b5c:-74d3', 'obo.facts.BuildingApplication', 'obo.facts.BuildingApplication', 'APP', 0, NULL, NULL, NULL, NULL, NULL, 0);
INSERT INTO `sys_rule_condition` VALUES ('RCOND3f65f585:15b74b1144b:-5d0d', 'RUL3f65f585:15b74b1144b:-5fa3', 'obo.facts.BuildingUse', 'RULFACT-75b995c:15b18c6b9a6:-7be0', 'BU', 2, NULL, NULL, NULL, NULL, NULL, 0);
INSERT INTO `sys_rule_condition` VALUES ('RCOND3f65f585:15b74b1144b:-5e11', 'RUL3f65f585:15b74b1144b:-5fa3', 'obo.facts.OboDecimalInfo', 'obo.facts.OboDecimalInfo', NULL, 1, NULL, NULL, NULL, NULL, NULL, 0);
INSERT INTO `sys_rule_condition` VALUES ('RCOND3f65f585:15b74b1144b:-5f56', 'RUL3f65f585:15b74b1144b:-5fa3', 'treasury.facts.BillItem', 'treasury.facts.BillItem', 'BILLITEM', 0, NULL, NULL, NULL, NULL, NULL, 0);
INSERT INTO `sys_rule_condition` VALUES ('RCOND3f65f585:15b74b1144b:-609b', 'RUL3f65f585:15b74b1144b:-61c9', 'obo.facts.OboDecimalInfo', 'obo.facts.OboDecimalInfo', NULL, 1, NULL, NULL, NULL, NULL, NULL, 0);
INSERT INTO `sys_rule_condition` VALUES ('RCOND3f65f585:15b74b1144b:-6129', 'RUL3f65f585:15b74b1144b:-61c9', 'treasury.facts.BillItem', 'treasury.facts.BillItem', 'BILLITEM', 0, NULL, NULL, NULL, NULL, NULL, 0);
INSERT INTO `sys_rule_condition` VALUES ('RCOND3f65f585:15b74b1144b:-62bf', 'RUL3f65f585:15b74b1144b:-6396', 'obo.facts.OboDecimalInfo', 'obo.facts.OboDecimalInfo', NULL, 1, NULL, NULL, NULL, NULL, NULL, 0);
INSERT INTO `sys_rule_condition` VALUES ('RCOND3f65f585:15b74b1144b:-6349', 'RUL3f65f585:15b74b1144b:-6396', 'treasury.facts.BillItem', 'treasury.facts.BillItem', 'BILLITEM', 0, NULL, NULL, NULL, NULL, NULL, 0);
INSERT INTO `sys_rule_condition` VALUES ('RCOND3f65f585:15b74b1144b:-64dd', 'RUL3f65f585:15b74b1144b:-65b4', 'obo.facts.OboDecimalInfo', 'obo.facts.OboDecimalInfo', NULL, 1, NULL, NULL, NULL, NULL, NULL, 0);
INSERT INTO `sys_rule_condition` VALUES ('RCOND3f65f585:15b74b1144b:-6567', 'RUL3f65f585:15b74b1144b:-65b4', 'treasury.facts.BillItem', 'treasury.facts.BillItem', 'BILLITEM', 0, NULL, NULL, NULL, NULL, NULL, 0);
INSERT INTO `sys_rule_condition` VALUES ('RCOND3f65f585:15b74b1144b:-71c9', 'RUL3f65f585:15b74b1144b:-73aa', 'obo.facts.OboDecimalInfo', 'obo.facts.OboDecimalInfo', NULL, 2, NULL, NULL, NULL, NULL, NULL, 0);
INSERT INTO `sys_rule_condition` VALUES ('RCOND3f65f585:15b74b1144b:-7253', 'RUL3f65f585:15b74b1144b:-73aa', 'treasury.facts.BillItem', 'treasury.facts.BillItem', 'BILLITEM', 1, NULL, NULL, NULL, NULL, NULL, 0);
INSERT INTO `sys_rule_condition` VALUES ('RCOND3f65f585:15b74b1144b:-7369', 'RUL3f65f585:15b74b1144b:-73aa', 'obo.facts.BuildingUse', 'RULFACT-75b995c:15b18c6b9a6:-7be0', 'BU', 0, NULL, NULL, NULL, NULL, NULL, 0);
INSERT INTO `sys_rule_condition` VALUES ('RCOND3f65f585:15b74b1144b:-756f', 'RUL3f65f585:15b74b1144b:-7647', 'obo.facts.OboDecimalInfo', 'obo.facts.OboDecimalInfo', NULL, 1, NULL, NULL, NULL, NULL, NULL, 0);
INSERT INTO `sys_rule_condition` VALUES ('RCOND3f65f585:15b74b1144b:-75fa', 'RUL3f65f585:15b74b1144b:-7647', 'treasury.facts.BillItem', 'treasury.facts.BillItem', 'BILLITEM', 0, NULL, NULL, NULL, NULL, NULL, 0);
INSERT INTO `sys_rule_condition` VALUES ('RCOND48d65dac:169e67264db:-7ec5', 'RUL-75b995c:15b18c6b9a6:-73a0', 'obo.facts.BuildingApplication', 'obo.facts.BuildingApplication', 'APP', 2, NULL, NULL, NULL, NULL, NULL, 0);
INSERT INTO `sys_rule_condition` VALUES ('RCOND4cf13b0:15b4dbc7b17:-75c5', 'RUL4cf13b0:15b4dbc7b17:-769d', 'obo.facts.OboDecimalInfo', 'obo.facts.OboDecimalInfo', NULL, 1, NULL, NULL, NULL, NULL, NULL, 0);
INSERT INTO `sys_rule_condition` VALUES ('RCOND4e513a84:15b291a0165:-7eba', 'RUL4e513a84:15b291a0165:-7eee', 'treasury.facts.BillItem', 'treasury.facts.BillItem', 'BILLITEM', 0, NULL, NULL, NULL, NULL, NULL, 0);
INSERT INTO `sys_rule_condition` VALUES ('RCOND51c2b1c4:15b69a42d57:-7630', 'RUL51c2b1c4:15b69a42d57:-7855', 'obo.facts.OboDecimalInfo', 'obo.facts.OboDecimalInfo', NULL, 1, NULL, NULL, NULL, NULL, NULL, 0);
INSERT INTO `sys_rule_condition` VALUES ('RCOND51c2b1c4:15b69a42d57:-779f', 'RUL51c2b1c4:15b69a42d57:-7855', 'treasury.facts.BillItem', 'treasury.facts.BillItem', 'BILLITEM', 0, NULL, NULL, NULL, NULL, NULL, 0);
INSERT INTO `sys_rule_condition` VALUES ('RCOND544e84a6:15b372b5faf:-7e18', 'RUL-26004fad:15b36e43946:-7e78', 'treasury.facts.BillItem', 'treasury.facts.BillItem', 'BILLITEM', 1, NULL, NULL, NULL, NULL, NULL, 0);
INSERT INTO `sys_rule_condition` VALUES ('RCOND55d9e7c7:16a3522d159:-6f32', 'RUL55d9e7c7:16a3522d159:-7417', 'treasury.facts.BillItem', 'treasury.facts.BillItem', 'FIREFEE', 1, NULL, NULL, NULL, NULL, NULL, 0);
INSERT INTO `sys_rule_condition` VALUES ('RCOND59515aa4:16a3a32fa5e:-4696', 'RUL59515aa4:16a3a32fa5e:-6790', 'treasury.facts.BillItem', 'treasury.facts.BillItem', 'BILLITEM', 1, NULL, NULL, NULL, NULL, NULL, 0);
INSERT INTO `sys_rule_condition` VALUES ('RCOND59515aa4:16a3a32fa5e:-5578', 'RUL51c2b1c4:15b69a42d57:-7e9a', 'obo.facts.AncillaryPermit', 'obo.facts.AncillaryPermit', NULL, 0, NULL, NULL, NULL, NULL, NULL, 0);
INSERT INTO `sys_rule_condition` VALUES ('RCOND59515aa4:16a3a32fa5e:-5f34', 'RUL59515aa4:16a3a32fa5e:-7883', 'treasury.facts.BillItem', 'treasury.facts.BillItem', 'BILLITEM', 2, NULL, NULL, NULL, NULL, NULL, 0);
INSERT INTO `sys_rule_condition` VALUES ('RCOND59515aa4:16a3a32fa5e:-6012', 'RUL59515aa4:16a3a32fa5e:-782e', 'treasury.facts.BillItem', 'treasury.facts.BillItem', 'BILLITEM', 2, NULL, NULL, NULL, NULL, NULL, 0);
INSERT INTO `sys_rule_condition` VALUES ('RCOND59515aa4:16a3a32fa5e:-60f0', 'RUL59515aa4:16a3a32fa5e:-77fa', 'treasury.facts.BillItem', 'treasury.facts.BillItem', 'BILLITEM', 2, NULL, NULL, NULL, NULL, NULL, 0);
INSERT INTO `sys_rule_condition` VALUES ('RCOND59515aa4:16a3a32fa5e:-61ce', 'RUL59515aa4:16a3a32fa5e:-77c6', 'treasury.facts.BillItem', 'treasury.facts.BillItem', 'BILLITEM', 2, NULL, NULL, NULL, NULL, NULL, 0);
INSERT INTO `sys_rule_condition` VALUES ('RCOND59515aa4:16a3a32fa5e:-62ac', 'RUL59515aa4:16a3a32fa5e:-7792', 'treasury.facts.BillItem', 'treasury.facts.BillItem', 'BILLITEM', 2, NULL, NULL, NULL, NULL, NULL, 0);
INSERT INTO `sys_rule_condition` VALUES ('RCOND59515aa4:16a3a32fa5e:-63aa', 'RUL59515aa4:16a3a32fa5e:-775e', 'treasury.facts.BillItem', 'treasury.facts.BillItem', 'BILLITEM', 2, NULL, NULL, NULL, NULL, NULL, 0);
INSERT INTO `sys_rule_condition` VALUES ('RCOND59515aa4:16a3a32fa5e:-6d02', 'RUL59515aa4:16a3a32fa5e:-7883', 'obo.facts.OboDecimalInfo', 'obo.facts.OboDecimalInfo', NULL, 2, NULL, NULL, NULL, NULL, NULL, 0);
INSERT INTO `sys_rule_condition` VALUES ('RCOND59515aa4:16a3a32fa5e:-6e68', 'RUL59515aa4:16a3a32fa5e:-782e', 'obo.facts.OboDecimalInfo', 'obo.facts.OboDecimalInfo', NULL, 2, NULL, NULL, NULL, NULL, NULL, 0);
INSERT INTO `sys_rule_condition` VALUES ('RCOND59515aa4:16a3a32fa5e:-6fcb', 'RUL59515aa4:16a3a32fa5e:-77fa', 'obo.facts.OboDecimalInfo', 'obo.facts.OboDecimalInfo', NULL, 2, NULL, NULL, NULL, NULL, NULL, 0);
INSERT INTO `sys_rule_condition` VALUES ('RCOND59515aa4:16a3a32fa5e:-71bc', 'RUL59515aa4:16a3a32fa5e:-77c6', 'obo.facts.OboDecimalInfo', 'obo.facts.OboDecimalInfo', NULL, 2, NULL, NULL, NULL, NULL, NULL, 0);
INSERT INTO `sys_rule_condition` VALUES ('RCOND59515aa4:16a3a32fa5e:-735a', 'RUL59515aa4:16a3a32fa5e:-7792', 'obo.facts.OboDecimalInfo', 'obo.facts.OboDecimalInfo', NULL, 2, NULL, NULL, NULL, NULL, NULL, 0);
INSERT INTO `sys_rule_condition` VALUES ('RCOND59515aa4:16a3a32fa5e:-7412', 'RUL59515aa4:16a3a32fa5e:-775e', 'obo.facts.OccupancyType', 'obo.facts.OccupancyType', NULL, 1, NULL, NULL, NULL, NULL, NULL, 0);
INSERT INTO `sys_rule_condition` VALUES ('RCOND59515aa4:16a3a32fa5e:-7555', 'RUL59515aa4:16a3a32fa5e:-775e', 'obo.facts.OboDecimalInfo', 'obo.facts.OboDecimalInfo', NULL, 2, NULL, NULL, NULL, NULL, NULL, 0);
INSERT INTO `sys_rule_condition` VALUES ('RCOND67f85531:15b22c52b19:-78f7', 'RUL67f85531:15b22c52b19:-7925', 'treasury.facts.BillItem', 'treasury.facts.BillItem', 'BILLITEM', 0, NULL, NULL, NULL, NULL, NULL, 0);
INSERT INTO `sys_rule_condition` VALUES ('RCOND6cc4d33e:15b3c1e2e72:-4bda', 'RUL4e513a84:15b291a0165:-7eee', 'obo.facts.OboDecimalInfo', 'obo.facts.OboDecimalInfo', NULL, 2, NULL, NULL, NULL, NULL, NULL, 0);
INSERT INTO `sys_rule_condition` VALUES ('RCOND6cc4d33e:15b3c1e2e72:-4d55', 'RUL6cc4d33e:15b3c1e2e72:-4e7a', 'obo.facts.OboIntegerInfo', 'obo.facts.OboIntegerInfo', NULL, 2, NULL, NULL, NULL, NULL, NULL, 0);
INSERT INTO `sys_rule_condition` VALUES ('RCOND6cc4d33e:15b3c1e2e72:-4fa2', 'RUL10bc2a9b:15b3805d39e:-7cd0', 'obo.facts.OboIntegerInfo', 'obo.facts.OboIntegerInfo', NULL, 2, NULL, NULL, NULL, NULL, NULL, 0);
INSERT INTO `sys_rule_condition` VALUES ('RCOND6cc4d33e:15b3c1e2e72:-50f9', 'RUL10bc2a9b:15b3805d39e:-7ce1', 'obo.facts.OboIntegerInfo', 'obo.facts.OboIntegerInfo', NULL, 2, NULL, NULL, NULL, NULL, NULL, 0);
INSERT INTO `sys_rule_condition` VALUES ('RCOND6cc4d33e:15b3c1e2e72:-523d', 'RUL-5a2a6f0f:15b37b47575:-72c2', 'obo.facts.OboDecimalInfo', 'obo.facts.OboDecimalInfo', NULL, 2, NULL, NULL, NULL, NULL, NULL, 0);
INSERT INTO `sys_rule_condition` VALUES ('RCOND6cc4d33e:15b3c1e2e72:-5338', 'RUL-5a2a6f0f:15b37b47575:-72d3', 'obo.facts.OboDecimalInfo', 'obo.facts.OboDecimalInfo', NULL, 2, NULL, NULL, NULL, NULL, NULL, 0);
INSERT INTO `sys_rule_condition` VALUES ('RCOND6cc4d33e:15b3c1e2e72:-54dc', 'RUL-5a2a6f0f:15b37b47575:-72e4', 'obo.facts.OboDecimalInfo', 'obo.facts.OboDecimalInfo', NULL, 2, NULL, NULL, NULL, NULL, NULL, 0);
INSERT INTO `sys_rule_condition` VALUES ('RCOND6cc4d33e:15b3c1e2e72:-55e0', 'RUL-5a2a6f0f:15b37b47575:-72f5', 'obo.facts.OboDecimalInfo', 'obo.facts.OboDecimalInfo', NULL, 2, NULL, NULL, NULL, NULL, NULL, 0);
INSERT INTO `sys_rule_condition` VALUES ('RCOND6cc4d33e:15b3c1e2e72:-578f', 'RUL-5a2a6f0f:15b37b47575:-7306', 'obo.facts.OboDecimalInfo', 'obo.facts.OboDecimalInfo', NULL, 2, NULL, NULL, NULL, NULL, NULL, 0);
INSERT INTO `sys_rule_condition` VALUES ('RCOND6cc4d33e:15b3c1e2e72:-589d', 'RUL-5a2a6f0f:15b37b47575:-7317', 'obo.facts.OboDecimalInfo', 'obo.facts.OboDecimalInfo', NULL, 2, NULL, NULL, NULL, NULL, NULL, 0);
INSERT INTO `sys_rule_condition` VALUES ('RCOND6cc4d33e:15b3c1e2e72:-5a98', 'RUL544e84a6:15b372b5faf:-782f', 'obo.facts.OboDecimalInfo', 'obo.facts.OboDecimalInfo', NULL, 2, NULL, NULL, NULL, NULL, NULL, 0);
INSERT INTO `sys_rule_condition` VALUES ('RCOND6cc4d33e:15b3c1e2e72:-5c17', 'RUL544e84a6:15b372b5faf:-7959', 'obo.facts.OboIntegerInfo', 'obo.facts.OboIntegerInfo', NULL, 2, NULL, NULL, NULL, NULL, NULL, 0);
INSERT INTO `sys_rule_condition` VALUES ('RCOND6cc4d33e:15b3c1e2e72:-5dca', 'RUL544e84a6:15b372b5faf:-7c53', 'obo.facts.OboDecimalInfo', 'obo.facts.OboDecimalInfo', NULL, 2, NULL, NULL, NULL, NULL, NULL, 0);
INSERT INTO `sys_rule_condition` VALUES ('RCOND6cc4d33e:15b3c1e2e72:-5f4e', 'RUL544e84a6:15b372b5faf:-7d4b', 'obo.facts.OboDecimalInfo', 'obo.facts.OboDecimalInfo', NULL, 2, NULL, NULL, NULL, NULL, NULL, 0);
INSERT INTO `sys_rule_condition` VALUES ('RCOND6cc4d33e:15b3c1e2e72:-6581', 'RUL-26004fad:15b36e43946:-7e78', 'obo.facts.OboDecimalInfo', 'obo.facts.OboDecimalInfo', NULL, 2, NULL, NULL, NULL, NULL, NULL, 0);
INSERT INTO `sys_rule_condition` VALUES ('RCOND6cc4d33e:15b3c1e2e72:-702e', 'RUL6cc4d33e:15b3c1e2e72:-708f', 'obo.facts.OboDecimalInfo', 'obo.facts.OboDecimalInfo', NULL, 2, NULL, NULL, NULL, NULL, NULL, 0);
INSERT INTO `sys_rule_condition` VALUES ('RCOND6cc4d33e:15b3c1e2e72:-7200', 'RUL6a083481:15b1d42e454:-7e47', 'obo.facts.OboDecimalInfo', 'obo.facts.OboDecimalInfo', NULL, 2, NULL, NULL, NULL, NULL, NULL, 0);
INSERT INTO `sys_rule_condition` VALUES ('RCOND6cc4d33e:15b3c1e2e72:-7315', 'RUL-41499999:15b23048395:-7ed8', 'obo.facts.OboIntegerInfo', 'obo.facts.OboIntegerInfo', NULL, 1, NULL, NULL, NULL, NULL, NULL, 0);
INSERT INTO `sys_rule_condition` VALUES ('RCOND6cc4d33e:15b3c1e2e72:-7432', 'RUL-41499999:15b23048395:-7d1e', 'obo.facts.OboIntegerInfo', 'obo.facts.OboIntegerInfo', NULL, 1, NULL, NULL, NULL, NULL, NULL, 0);
INSERT INTO `sys_rule_condition` VALUES ('RCOND6cc4d33e:15b3c1e2e72:-754c', 'RUL-41499999:15b23048395:-77fd', 'obo.facts.OboIntegerInfo', 'obo.facts.OboIntegerInfo', NULL, 2, NULL, NULL, NULL, NULL, NULL, 0);
INSERT INTO `sys_rule_condition` VALUES ('RCOND6cc4d33e:15b3c1e2e72:-7666', 'RUL-41499999:15b23048395:-77db', 'obo.facts.OboIntegerInfo', 'obo.facts.OboIntegerInfo', NULL, 2, NULL, NULL, NULL, NULL, NULL, 0);
INSERT INTO `sys_rule_condition` VALUES ('RCOND6cc4d33e:15b3c1e2e72:-7ab0', 'RUL-41499999:15b23048395:-77ec', 'obo.facts.OboIntegerInfo', 'obo.facts.OboIntegerInfo', NULL, 2, NULL, NULL, NULL, NULL, NULL, 0);
INSERT INTO `sys_rule_condition` VALUES ('RCOND6e008a5f:15b6c73a9f2:-7cd4', 'RUL6e008a5f:15b6c73a9f2:-7e6e', 'obo.facts.BuildingUse', 'RULFACT-75b995c:15b18c6b9a6:-7be0', 'BU', 2, NULL, NULL, NULL, NULL, NULL, 0);
INSERT INTO `sys_rule_condition` VALUES ('RCOND6e008a5f:15b6c73a9f2:-7d8d', 'RUL6e008a5f:15b6c73a9f2:-7e6e', 'obo.facts.OboDecimalInfo', 'obo.facts.OboDecimalInfo', NULL, 1, NULL, NULL, NULL, NULL, NULL, 0);
INSERT INTO `sys_rule_condition` VALUES ('RCOND6e008a5f:15b6c73a9f2:-7e16', 'RUL6e008a5f:15b6c73a9f2:-7e6e', 'treasury.facts.BillItem', 'treasury.facts.BillItem', 'BILLITEM', 0, NULL, NULL, NULL, NULL, NULL, 0);
INSERT INTO `sys_rule_condition` VALUES ('RCOND75928924:15b1d4d1c53:-7328', 'RUL6a083481:15b1d42e454:-7e47', 'treasury.facts.BillItem', 'treasury.facts.BillItem', 'BILLITEM', 1, NULL, NULL, NULL, NULL, NULL, 0);
INSERT INTO `sys_rule_condition` VALUES ('RCOND78d81fce:16e0d2ac78d:-71e5', 'RUL-7385ffbe:16a438b05b7:-7cab', 'obo.facts.BuildingPermitSection', 'obo.facts.BuildingPermitSection', NULL, 3, NULL, NULL, NULL, NULL, NULL, 0);
INSERT INTO `sys_rule_condition` VALUES ('RCOND78d81fce:16e0d2ac78d:-72dd', 'RUL-29595738:16a4fbe79ee:-7ef1', 'obo.facts.BuildingPermitSection', 'obo.facts.BuildingPermitSection', NULL, 3, NULL, NULL, NULL, NULL, NULL, 0);
INSERT INTO `sys_rule_condition` VALUES ('RCOND78d81fce:16e0d2ac78d:-73ca', 'RUL-29595738:16a4fbe79ee:-7de3', 'obo.facts.BuildingPermitSection', 'obo.facts.BuildingPermitSection', NULL, 3, NULL, NULL, NULL, NULL, NULL, 0);
INSERT INTO `sys_rule_condition` VALUES ('RCOND78d81fce:16e0d2ac78d:-74b7', 'RUL-29595738:16a4fbe79ee:-7d01', 'obo.facts.BuildingPermitSection', 'obo.facts.BuildingPermitSection', NULL, 3, NULL, NULL, NULL, NULL, NULL, 0);
INSERT INTO `sys_rule_condition` VALUES ('RCOND78d81fce:16e0d2ac78d:-75a4', 'RUL-29595738:16a4fbe79ee:-7bd1', 'obo.facts.BuildingPermitSection', 'obo.facts.BuildingPermitSection', NULL, 3, NULL, NULL, NULL, NULL, NULL, 0);
INSERT INTO `sys_rule_condition` VALUES ('RCOND78d81fce:16e0d2ac78d:-7691', 'RUL-29595738:16a4fbe79ee:-79fe', 'obo.facts.BuildingPermitSection', 'obo.facts.BuildingPermitSection', NULL, 3, NULL, NULL, NULL, NULL, NULL, 0);
INSERT INTO `sys_rule_condition` VALUES ('RCOND78d81fce:16e0d2ac78d:-789b', 'RUL55d9e7c7:16a3522d159:-71db', 'obo.facts.BuildingPermitSection', 'obo.facts.BuildingPermitSection', NULL, 1, NULL, NULL, NULL, NULL, NULL, 0);
INSERT INTO `sys_rule_condition` VALUES ('RCOND78d81fce:16e0d2ac78d:-7992', 'RUL75928924:15b1d4d1c53:-7929', 'obo.facts.BuildingPermitSection', 'obo.facts.BuildingPermitSection', NULL, 1, NULL, NULL, NULL, NULL, NULL, 0);
INSERT INTO `sys_rule_condition` VALUES ('RCOND78d81fce:16e0d2ac78d:-7a85', 'RUL55d9e7c7:16a3522d159:-7c8e', 'obo.facts.BuildingPermitSection', 'obo.facts.BuildingPermitSection', NULL, 1, NULL, NULL, NULL, NULL, NULL, 0);
INSERT INTO `sys_rule_condition` VALUES ('RCOND78d81fce:16e0d2ac78d:-7b72', 'RUL38a7c1c3:15b23504df7:-7667', 'obo.facts.BuildingPermitSection', 'obo.facts.BuildingPermitSection', NULL, 1, NULL, NULL, NULL, NULL, NULL, 0);
INSERT INTO `sys_rule_condition` VALUES ('RCOND78d81fce:16e0d2ac78d:-7c75', 'RUL-108b4192:15b3d234d5c:-67b1', 'obo.facts.BuildingPermitSection', 'obo.facts.BuildingPermitSection', NULL, 1, NULL, NULL, NULL, NULL, NULL, 0);
COMMIT;

-- ----------------------------
-- Table structure for sys_rule_condition_constraint
-- ----------------------------
DROP TABLE IF EXISTS `sys_rule_condition_constraint`;
CREATE TABLE `sys_rule_condition_constraint` (
  `objid` varchar(50) NOT NULL,
  `parentid` varchar(50) DEFAULT NULL,
  `field_objid` varchar(100) DEFAULT NULL,
  `fieldname` varchar(50) DEFAULT NULL,
  `varname` varchar(50) DEFAULT NULL,
  `operator_caption` varchar(50) DEFAULT NULL,
  `operator_symbol` varchar(50) DEFAULT NULL,
  `usevar` int(11) DEFAULT NULL,
  `var_objid` varchar(50) DEFAULT NULL,
  `var_name` varchar(50) DEFAULT NULL,
  `decimalvalue` decimal(16,2) DEFAULT NULL,
  `intvalue` int(11) DEFAULT NULL,
  `stringvalue` varchar(255) DEFAULT NULL,
  `listvalue` longtext,
  `datevalue` date DEFAULT NULL,
  `pos` int(11) DEFAULT NULL,
  PRIMARY KEY (`objid`),
  KEY `parentid` (`parentid`),
  KEY `var_objid` (`var_objid`),
  KEY `sys_rule_condition_constraint_fact_field` (`field_objid`),
  CONSTRAINT `sys_rule_condition_constraint_fact_field` FOREIGN KEY (`field_objid`) REFERENCES `sys_rule_fact_field` (`objid`),
  CONSTRAINT `sys_rule_condition_constraint_ibfk_1` FOREIGN KEY (`parentid`) REFERENCES `sys_rule_condition` (`objid`),
  CONSTRAINT `sys_rule_condition_constraint_ibfk_2` FOREIGN KEY (`var_objid`) REFERENCES `sys_rule_condition_var` (`objid`)
) ENGINE=InnoDB DEFAULT CHARSET=utf8;

-- ----------------------------
-- Records of sys_rule_condition_constraint
-- ----------------------------
BEGIN;
INSERT INTO `sys_rule_condition_constraint` VALUES ('RCC-10cfc191:15b48bf8d6b:-7fee', 'RC-10cfc191:15b48bf8d6b:-7ff0', 'obo.facts.OboIntegerInfo.name', 'name', NULL, 'is any of the ff.', 'matches', NULL, NULL, NULL, NULL, NULL, NULL, '[[key:\"WATER_CLOSET\",value:\"WATER CLOSET\"],[key:\"LAVATORY\",value:\"LAVATORY\"],[key:\"SLOP_SINK\",value:\"SLOP SINK\"],[key:\"BATH_TUB\",value:\"BATH TUB\"],[key:\"GREASE_TRAP\",value:\"GREASE TRAP\"],[key:\"GARAGE_TRAP\",value:\"GARAGE TRAP\"],[key:\"GAS_FIRED_WATER_HEATER\",value:\"GAS FIRED WATER HEATER\"]]', NULL, 0);
INSERT INTO `sys_rule_condition_constraint` VALUES ('RCC-10cfc191:15b48bf8d6b:-7fef', 'RC-10cfc191:15b48bf8d6b:-7ff0', 'obo.facts.OboIntegerInfo.value', 'value', 'UNIT', NULL, NULL, NULL, NULL, NULL, NULL, NULL, NULL, NULL, NULL, 1);
INSERT INTO `sys_rule_condition_constraint` VALUES ('RCC-1b89c680:16a38f14701:-7e8f', 'RC-1b89c680:16a38f14701:-7e90', 'treasury.facts.BillItem.billcode', 'billcode', NULL, 'is any of the ff.', 'matches', NULL, NULL, NULL, NULL, NULL, NULL, '[[key:\"ELECTRONIC_FEE\",value:\"ELECTRONIC FEE\"]]', NULL, 0);
INSERT INTO `sys_rule_condition_constraint` VALUES ('RCC-1b89c680:16a38f14701:-7e91', 'RC-1b89c680:16a38f14701:-7e93', 'obo.facts.OboIntegerInfo.name', 'name', NULL, 'is any of the ff.', 'matches', NULL, NULL, NULL, NULL, NULL, NULL, '[[key:\"OTHER_ELECTRONIC_EQUIPMENT\",value:\"OTHER TYPES OR ELECTRONICS OR ELECTRONICALLY-CONTROLLED EQUIPMENT\"]]', NULL, 1);
INSERT INTO `sys_rule_condition_constraint` VALUES ('RCC-1b89c680:16a38f14701:-7e92', 'RC-1b89c680:16a38f14701:-7e93', 'obo.facts.OboIntegerInfo.value', 'value', 'UNIT', NULL, NULL, NULL, NULL, NULL, NULL, NULL, NULL, NULL, NULL, 1);
INSERT INTO `sys_rule_condition_constraint` VALUES ('RCC-1b89c680:16a38f14701:-7f38', 'RC-1b89c680:16a38f14701:-7f39', 'obo.facts.OboIntegerInfo.value', 'value', 'UNIT', NULL, NULL, NULL, NULL, NULL, NULL, NULL, NULL, NULL, NULL, 1);
INSERT INTO `sys_rule_condition_constraint` VALUES ('RCC-1b89c680:16a38f14701:-7f3a', 'RC-1b89c680:16a38f14701:-7f3b', 'treasury.facts.BillItem.billcode', 'billcode', NULL, 'is any of the ff.', 'matches', NULL, NULL, NULL, NULL, NULL, NULL, '[[key:\"ELECTRONIC_FEE\",value:\"ELECTRONIC FEE\"]]', NULL, 0);
INSERT INTO `sys_rule_condition_constraint` VALUES ('RCC-1b89c680:16a38f14701:-7f41', 'RC-1b89c680:16a38f14701:-7f42', 'obo.facts.OboIntegerInfo.value', 'value', 'STRUC', NULL, NULL, NULL, NULL, NULL, NULL, NULL, NULL, NULL, NULL, 1);
INSERT INTO `sys_rule_condition_constraint` VALUES ('RCC-1b89c680:16a38f14701:-7f43', 'RC-1b89c680:16a38f14701:-7f44', 'treasury.facts.BillItem.billcode', 'billcode', NULL, 'is any of the ff.', 'matches', NULL, NULL, NULL, NULL, NULL, NULL, '[[key:\"ELECTRONIC_FEE\",value:\"ELECTRONIC FEE\"]]', NULL, 0);
INSERT INTO `sys_rule_condition_constraint` VALUES ('RCC-1b89c680:16a38f14701:-7f52', 'RC-1b89c680:16a38f14701:-7f54', 'obo.facts.OboIntegerInfo.category', 'category', NULL, 'equal to', '==', NULL, NULL, NULL, NULL, NULL, 'E', NULL, NULL, 1);
INSERT INTO `sys_rule_condition_constraint` VALUES ('RCC-1b89c680:16a38f14701:-7f53', 'RC-1b89c680:16a38f14701:-7f54', 'obo.facts.OboIntegerInfo.value', 'value', 'TERM', NULL, NULL, NULL, NULL, NULL, NULL, NULL, NULL, NULL, NULL, 1);
INSERT INTO `sys_rule_condition_constraint` VALUES ('RCC-1b89c680:16a38f14701:-7f55', 'RC-1b89c680:16a38f14701:-7f56', 'treasury.facts.BillItem.billcode', 'billcode', NULL, 'is any of the ff.', 'matches', NULL, NULL, NULL, NULL, NULL, NULL, '[[key:\"ELECTRONIC_FEE\",value:\"ELECTRONIC FEE\"]]', NULL, 0);
INSERT INTO `sys_rule_condition_constraint` VALUES ('RCC-1b89c680:16a38f14701:-7f5b', 'RC-1b89c680:16a38f14701:-7f5d', 'obo.facts.OboIntegerInfo.category', 'category', NULL, 'equal to', '==', NULL, NULL, NULL, NULL, NULL, 'D', NULL, NULL, 1);
INSERT INTO `sys_rule_condition_constraint` VALUES ('RCC-1b89c680:16a38f14701:-7f5c', 'RC-1b89c680:16a38f14701:-7f5d', 'obo.facts.OboIntegerInfo.value', 'value', 'OUTLET', NULL, NULL, NULL, NULL, NULL, NULL, NULL, NULL, NULL, NULL, 1);
INSERT INTO `sys_rule_condition_constraint` VALUES ('RCC-1b89c680:16a38f14701:-7f5e', 'RC-1b89c680:16a38f14701:-7f5f', 'treasury.facts.BillItem.billcode', 'billcode', NULL, 'is any of the ff.', 'matches', NULL, NULL, NULL, NULL, NULL, NULL, '[[key:\"ELECTRONIC_FEE\",value:\"ELECTRONIC FEE\"]]', NULL, 0);
INSERT INTO `sys_rule_condition_constraint` VALUES ('RCC-1b89c680:16a38f14701:-7f64', 'RC-1b89c680:16a38f14701:-7f66', 'obo.facts.OboIntegerInfo.category', 'category', NULL, 'equal to', '==', NULL, NULL, NULL, NULL, NULL, 'C', NULL, NULL, 1);
INSERT INTO `sys_rule_condition_constraint` VALUES ('RCC-1b89c680:16a38f14701:-7f65', 'RC-1b89c680:16a38f14701:-7f66', 'obo.facts.OboIntegerInfo.value', 'value', 'UNIT', NULL, NULL, NULL, NULL, NULL, NULL, NULL, NULL, NULL, NULL, 1);
INSERT INTO `sys_rule_condition_constraint` VALUES ('RCC-1b89c680:16a38f14701:-7f67', 'RC-1b89c680:16a38f14701:-7f68', 'treasury.facts.BillItem.billcode', 'billcode', NULL, 'is any of the ff.', 'matches', NULL, NULL, NULL, NULL, NULL, NULL, '[[key:\"ELECTRONIC_FEE\",value:\"ELECTRONIC FEE\"]]', NULL, 0);
INSERT INTO `sys_rule_condition_constraint` VALUES ('RCC-1b89c680:16a38f14701:-7f6d', 'RC-1b89c680:16a38f14701:-7f6f', 'obo.facts.OboIntegerInfo.category', 'category', NULL, 'matches', 'matches', NULL, NULL, NULL, NULL, NULL, 'B|F', NULL, NULL, 1);
INSERT INTO `sys_rule_condition_constraint` VALUES ('RCC-1b89c680:16a38f14701:-7f6e', 'RC-1b89c680:16a38f14701:-7f6f', 'obo.facts.OboIntegerInfo.value', 'value', 'LOC', NULL, NULL, NULL, NULL, NULL, NULL, NULL, NULL, NULL, NULL, 1);
INSERT INTO `sys_rule_condition_constraint` VALUES ('RCC-1b89c680:16a38f14701:-7f70', 'RC-1b89c680:16a38f14701:-7f71', 'treasury.facts.BillItem.billcode', 'billcode', NULL, 'is any of the ff.', 'matches', NULL, NULL, NULL, NULL, NULL, NULL, '[[key:\"ELECTRONIC_FEE\",value:\"ELECTRONIC FEE\"]]', NULL, 0);
INSERT INTO `sys_rule_condition_constraint` VALUES ('RCC-1b89c680:16a38f14701:-7fb6', 'RC-1b89c680:16a38f14701:-7fb7', 'treasury.facts.BillItem.billcode', 'billcode', NULL, 'is any of the ff.', 'matches', NULL, NULL, NULL, NULL, NULL, NULL, '[[key:\"ELECTRONIC_FEE\",value:\"ELECTRONIC FEE\"]]', NULL, 0);
INSERT INTO `sys_rule_condition_constraint` VALUES ('RCC-1b89c680:16a38f14701:-7fb9', 'RC-1b89c680:16a38f14701:-7fba', 'obo.facts.OboIntegerInfo.value', 'value', 'PORT', NULL, NULL, NULL, NULL, NULL, NULL, NULL, NULL, NULL, NULL, 1);
INSERT INTO `sys_rule_condition_constraint` VALUES ('RCC-3394437b:16a4396e5cb:-7a72', 'RC-3394437b:16a4396e5cb:-7a73', 'treasury.facts.BillItem.billcode', 'billcode', NULL, 'is any of the ff.', 'matches', NULL, NULL, NULL, NULL, NULL, NULL, '[[key:\"ACCESSORY_STRUCTURE_FEE\",value:\"ACCESSORY STRUCTURE FEE\"]]', NULL, 0);
INSERT INTO `sys_rule_condition_constraint` VALUES ('RCC-3394437b:16a4396e5cb:-7a74', 'RC-3394437b:16a4396e5cb:-7a76', 'obo.facts.OboDecimalInfo.value', 'value', 'SQM', NULL, NULL, NULL, NULL, NULL, NULL, NULL, NULL, NULL, NULL, 1);
INSERT INTO `sys_rule_condition_constraint` VALUES ('RCC-3394437b:16a4396e5cb:-7a75', 'RC-3394437b:16a4396e5cb:-7a76', 'obo.facts.OboDecimalInfo.name', 'name', NULL, 'is any of the ff.', 'matches', NULL, NULL, NULL, NULL, NULL, NULL, '[[key:\"COLUMBARIUM\",value:\"COLUMBARIUM\"]]', NULL, 0);
INSERT INTO `sys_rule_condition_constraint` VALUES ('RCC-3394437b:16a4396e5cb:-7a92', 'RC-3394437b:16a4396e5cb:-7a94', 'obo.facts.OboDecimalInfo.name', 'name', NULL, 'is any of the ff.', 'matches', NULL, NULL, NULL, NULL, NULL, NULL, '[[key:\"TOTALLY_ENCLOSED_MAUSOLEUM\",value:\"TOTALLY ENCLOSED MAUSOLEUM\"]]', NULL, 0);
INSERT INTO `sys_rule_condition_constraint` VALUES ('RCC-3394437b:16a4396e5cb:-7a93', 'RC-3394437b:16a4396e5cb:-7a94', 'obo.facts.OboDecimalInfo.value', 'value', 'SQM', NULL, NULL, NULL, NULL, NULL, NULL, NULL, NULL, NULL, NULL, 1);
INSERT INTO `sys_rule_condition_constraint` VALUES ('RCC-3394437b:16a4396e5cb:-7a95', 'RC-3394437b:16a4396e5cb:-7a96', 'treasury.facts.BillItem.billcode', 'billcode', NULL, 'is any of the ff.', 'matches', NULL, NULL, NULL, NULL, NULL, NULL, '[[key:\"ACCESSORY_STRUCTURE_FEE\",value:\"ACCESSORY STRUCTURE FEE\"]]', NULL, 0);
INSERT INTO `sys_rule_condition_constraint` VALUES ('RCC-3394437b:16a4396e5cb:-7ad4', 'RC-3394437b:16a4396e5cb:-7ad5', 'treasury.facts.BillItem.billcode', 'billcode', NULL, 'is any of the ff.', 'matches', NULL, NULL, NULL, NULL, NULL, NULL, '[[key:\"ACCESSORY_STRUCTURE_FEE\",value:\"ACCESSORY STRUCTURE FEE\"]]', NULL, 0);
INSERT INTO `sys_rule_condition_constraint` VALUES ('RCC-3394437b:16a4396e5cb:-7af4', 'RC-3394437b:16a4396e5cb:-7af5', 'treasury.facts.BillItem.billcode', 'billcode', NULL, 'is any of the ff.', 'matches', NULL, NULL, NULL, NULL, NULL, NULL, '[[key:\"ACCESSORY_STRUCTURE_FEE\",value:\"ACCESSORY STRUCTURE FEE\"]]', NULL, 0);
INSERT INTO `sys_rule_condition_constraint` VALUES ('RCC-3394437b:16a4396e5cb:-7b27', 'RC-3394437b:16a4396e5cb:-7b29', 'obo.facts.OboDecimalInfo.name', 'name', NULL, 'is any of the ff.', 'matches', NULL, NULL, NULL, NULL, NULL, NULL, '[[key:\"CONCRETE_OR_STEEL_TANK\",value:\"REINFORCED CONCRETE OR STEEL TANK\"]]', NULL, 0);
INSERT INTO `sys_rule_condition_constraint` VALUES ('RCC-3394437b:16a4396e5cb:-7b2a', 'RC-3394437b:16a4396e5cb:-7b2b', 'treasury.facts.BillItem.billcode', 'billcode', NULL, 'is any of the ff.', 'matches', NULL, NULL, NULL, NULL, NULL, NULL, '[[key:\"ACCESSORY_STRUCTURE_FEE\",value:\"ACCESSORY STRUCTURE FEE\"]]', NULL, 0);
INSERT INTO `sys_rule_condition_constraint` VALUES ('RCC-3394437b:16a4396e5cb:-7b34', 'RC-3394437b:16a4396e5cb:-7b36', 'obo.facts.OboDecimalInfo.name', 'name', NULL, 'is any of the ff.', 'matches', NULL, NULL, NULL, NULL, NULL, NULL, '[[key:\"CONCRETE_OR_STEEL_TANK_UNDERGROUND\",value:\"CONCRETE OR STEEL TANK (UNDERGROUND)\"]]', NULL, 0);
INSERT INTO `sys_rule_condition_constraint` VALUES ('RCC-3394437b:16a4396e5cb:-7b37', 'RC-3394437b:16a4396e5cb:-7b38', 'treasury.facts.BillItem.billcode', 'billcode', NULL, 'is any of the ff.', 'matches', NULL, NULL, NULL, NULL, NULL, NULL, '[[key:\"ACCESSORY_STRUCTURE_FEE\",value:\"ACCESSORY STRUCTURE FEE\"]]', NULL, 0);
INSERT INTO `sys_rule_condition_constraint` VALUES ('RCC-3394437b:16a4396e5cb:-7bd5', 'RC-3394437b:16a4396e5cb:-7bd6', 'treasury.facts.BillItem.billcode', 'billcode', NULL, 'is any of the ff.', 'matches', NULL, NULL, NULL, NULL, NULL, NULL, '[[key:\"ACCESSORY_STRUCTURE_FEE\",value:\"ACCESSORY STRUCTURE FEE\"]]', NULL, 0);
INSERT INTO `sys_rule_condition_constraint` VALUES ('RCC-3394437b:16a4396e5cb:-7bd7', 'RC-3394437b:16a4396e5cb:-7bd9', 'obo.facts.OboDecimalInfo.value', 'value', 'CUM', NULL, NULL, NULL, NULL, NULL, NULL, NULL, NULL, NULL, NULL, 1);
INSERT INTO `sys_rule_condition_constraint` VALUES ('RCC-3394437b:16a4396e5cb:-7bd8', 'RC-3394437b:16a4396e5cb:-7bd9', 'obo.facts.OboDecimalInfo.name', 'name', NULL, 'is any of the ff.', 'matches', NULL, NULL, NULL, NULL, NULL, NULL, '[[key:\"KILN_FURNACE\",value:\"INDUSTRIAL KILN/FURNACE\"]]', NULL, 0);
INSERT INTO `sys_rule_condition_constraint` VALUES ('RCC-3394437b:16a4396e5cb:-7c0e', 'RC-3394437b:16a4396e5cb:-7c10', 'obo.facts.OboDecimalInfo.name', 'name', NULL, 'is any of the ff.', 'matches', NULL, NULL, NULL, NULL, NULL, NULL, '[[key:\"FIXED_OVEN\",value:\"COMMERCIAL/INDUSTRIAL FIXED OVEN\"]]', NULL, 0);
INSERT INTO `sys_rule_condition_constraint` VALUES ('RCC-3394437b:16a4396e5cb:-7c0f', 'RC-3394437b:16a4396e5cb:-7c10', 'obo.facts.OboDecimalInfo.value', 'value', 'SQM', NULL, NULL, NULL, NULL, NULL, NULL, NULL, NULL, NULL, NULL, 1);
INSERT INTO `sys_rule_condition_constraint` VALUES ('RCC-3394437b:16a4396e5cb:-7c13', 'RC-3394437b:16a4396e5cb:-7c14', 'treasury.facts.BillItem.billcode', 'billcode', NULL, 'is any of the ff.', 'matches', NULL, NULL, NULL, NULL, NULL, NULL, '[[key:\"ACCESSORY_STRUCTURE_FEE\",value:\"ACCESSORY STRUCTURE FEE\"]]', NULL, 0);
INSERT INTO `sys_rule_condition_constraint` VALUES ('RCC-3394437b:16a4396e5cb:-7c88', 'RC-3394437b:16a4396e5cb:-7c89', 'treasury.facts.BillItem.billcode', 'billcode', NULL, 'is any of the ff.', 'matches', NULL, NULL, NULL, NULL, NULL, NULL, '[[key:\"ACCESSORY_STRUCTURE_FEE\",value:\"ACCESSORY STRUCTURE FEE\"]]', NULL, 0);
INSERT INTO `sys_rule_condition_constraint` VALUES ('RCC-3394437b:16a4396e5cb:-7c8a', 'RC-3394437b:16a4396e5cb:-7c8b', 'obo.facts.OccupancyType.group', 'group', NULL, 'is any of the ff.', 'matches', NULL, NULL, NULL, NULL, NULL, NULL, '[[key:\"B\",value:\"B\"],[key:\"E\",value:\"E\"],[key:\"F\",value:\"F\"],[key:\"G\",value:\"G\"]]', NULL, 0);
INSERT INTO `sys_rule_condition_constraint` VALUES ('RCC-3394437b:16a4396e5cb:-7c8c', 'RC-3394437b:16a4396e5cb:-7c8e', 'obo.facts.OboDecimalInfo.value', 'value', 'HEIGHT', NULL, NULL, NULL, NULL, NULL, NULL, NULL, NULL, NULL, NULL, 1);
INSERT INTO `sys_rule_condition_constraint` VALUES ('RCC-3394437b:16a4396e5cb:-7c8d', 'RC-3394437b:16a4396e5cb:-7c8e', 'obo.facts.OboDecimalInfo.name', 'name', NULL, 'is any of the ff.', 'matches', NULL, NULL, NULL, NULL, NULL, NULL, '[[key:\"CHIMNEY\",value:\"CHIMNEY\"]]', NULL, 0);
INSERT INTO `sys_rule_condition_constraint` VALUES ('RCC-3394437b:16a4396e5cb:-7caa', 'RC-3394437b:16a4396e5cb:-7cac', 'obo.facts.OboDecimalInfo.name', 'name', NULL, 'is any of the ff.', 'matches', NULL, NULL, NULL, NULL, NULL, NULL, '[[key:\"SMOKESTACK\",value:\"SMOKESTACK\"]]', NULL, 0);
INSERT INTO `sys_rule_condition_constraint` VALUES ('RCC-3394437b:16a4396e5cb:-7cab', 'RC-3394437b:16a4396e5cb:-7cac', 'obo.facts.OboDecimalInfo.value', 'value', 'HEIGHT', NULL, NULL, NULL, NULL, NULL, NULL, NULL, NULL, NULL, NULL, 1);
INSERT INTO `sys_rule_condition_constraint` VALUES ('RCC-3394437b:16a4396e5cb:-7cad', 'RC-3394437b:16a4396e5cb:-7cae', 'obo.facts.OccupancyType.group', 'group', NULL, 'is any of the ff.', 'matches', NULL, NULL, NULL, NULL, NULL, NULL, '[[key:\"B\",value:\"B\"],[key:\"E\",value:\"E\"],[key:\"F\",value:\"F\"],[key:\"G\",value:\"G\"]]', NULL, 0);
INSERT INTO `sys_rule_condition_constraint` VALUES ('RCC-3394437b:16a4396e5cb:-7caf', 'RC-3394437b:16a4396e5cb:-7cb0', 'treasury.facts.BillItem.billcode', 'billcode', NULL, 'is any of the ff.', 'matches', NULL, NULL, NULL, NULL, NULL, NULL, '[[key:\"ACCESSORY_STRUCTURE_FEE\",value:\"ACCESSORY STRUCTURE FEE\"]]', NULL, 0);
INSERT INTO `sys_rule_condition_constraint` VALUES ('RCC-3394437b:16a4396e5cb:-7e9a', 'RC-3394437b:16a4396e5cb:-7e9c', 'obo.facts.OboDecimalInfo.name', 'name', NULL, 'is any of the ff.', 'matches', NULL, NULL, NULL, NULL, NULL, NULL, '[[key:\"TOWER_AND_OTHER_STRUCTURE_TRILON_GUYED\",value:\"TOWER AND OTHER STRUCTURE (TRILON GUYED)\"]]', NULL, 0);
INSERT INTO `sys_rule_condition_constraint` VALUES ('RCC-3394437b:16a4396e5cb:-7e9b', 'RC-3394437b:16a4396e5cb:-7e9c', 'obo.facts.OboDecimalInfo.value', 'value', 'HEIGHT', NULL, NULL, NULL, NULL, NULL, NULL, NULL, NULL, NULL, NULL, 1);
INSERT INTO `sys_rule_condition_constraint` VALUES ('RCC-3394437b:16a4396e5cb:-7e9d', 'RC-3394437b:16a4396e5cb:-7e9e', 'obo.facts.OccupancyType.group', 'group', NULL, 'is any of the ff.', 'matches', NULL, NULL, NULL, NULL, NULL, NULL, '[[key:\"C\",value:\"C\"],[key:\"D\",value:\"D\"],[key:\"H\",value:\"H\"],[key:\"I\",value:\"I\"]]', NULL, 0);
INSERT INTO `sys_rule_condition_constraint` VALUES ('RCC-3394437b:16a4396e5cb:-7e9f', 'RC-3394437b:16a4396e5cb:-7ea0', 'treasury.facts.BillItem.billcode', 'billcode', NULL, 'is any of the ff.', 'matches', NULL, NULL, NULL, NULL, NULL, NULL, '[[key:\"ACCESSORY_STRUCTURE_FEE\",value:\"ACCESSORY STRUCTURE FEE\"]]', NULL, 0);
INSERT INTO `sys_rule_condition_constraint` VALUES ('RCC-3394437b:16a4396e5cb:-7eaa', 'RC-3394437b:16a4396e5cb:-7eac', 'obo.facts.OboDecimalInfo.name', 'name', NULL, 'is any of the ff.', 'matches', NULL, NULL, NULL, NULL, NULL, NULL, '[[key:\"TOWER_AND_OTHER_STRUCTURE_TRILON_GUYED\",value:\"TOWER AND OTHER STRUCTURE (TRILON GUYED)\"]]', NULL, 0);
INSERT INTO `sys_rule_condition_constraint` VALUES ('RCC-3394437b:16a4396e5cb:-7eab', 'RC-3394437b:16a4396e5cb:-7eac', 'obo.facts.OboDecimalInfo.value', 'value', 'HEIGHT', NULL, NULL, NULL, NULL, NULL, NULL, NULL, NULL, NULL, NULL, 1);
INSERT INTO `sys_rule_condition_constraint` VALUES ('RCC-3394437b:16a4396e5cb:-7ead', 'RC-3394437b:16a4396e5cb:-7eae', 'obo.facts.OccupancyType.group', 'group', NULL, 'is any of the ff.', 'matches', NULL, NULL, NULL, NULL, NULL, NULL, '[[key:\"A\",value:\"A\"]]', NULL, 0);
INSERT INTO `sys_rule_condition_constraint` VALUES ('RCC-3394437b:16a4396e5cb:-7eaf', 'RC-3394437b:16a4396e5cb:-7eb0', 'treasury.facts.BillItem.billcode', 'billcode', NULL, 'is any of the ff.', 'matches', NULL, NULL, NULL, NULL, NULL, NULL, '[[key:\"ACCESSORY_STRUCTURE_FEE\",value:\"ACCESSORY STRUCTURE FEE\"]]', NULL, 0);
INSERT INTO `sys_rule_condition_constraint` VALUES ('RCC-3394437b:16a4396e5cb:-7eba', 'RC-3394437b:16a4396e5cb:-7ebb', 'treasury.facts.BillItem.billcode', 'billcode', NULL, 'is any of the ff.', 'matches', NULL, NULL, NULL, NULL, NULL, NULL, '[[key:\"ACCESSORY_STRUCTURE_FEE\",value:\"ACCESSORY STRUCTURE FEE\"]]', NULL, 0);
INSERT INTO `sys_rule_condition_constraint` VALUES ('RCC-3394437b:16a4396e5cb:-7ebc', 'RC-3394437b:16a4396e5cb:-7ebd', 'obo.facts.OccupancyType.group', 'group', NULL, 'is any of the ff.', 'matches', NULL, NULL, NULL, NULL, NULL, NULL, '[[key:\"B\",value:\"B\"],[key:\"E\",value:\"E\"],[key:\"F\",value:\"F\"],[key:\"G\",value:\"G\"]]', NULL, 0);
INSERT INTO `sys_rule_condition_constraint` VALUES ('RCC-3394437b:16a4396e5cb:-7ebe', 'RC-3394437b:16a4396e5cb:-7ec0', 'obo.facts.OboDecimalInfo.value', 'value', 'HEIGHT', NULL, NULL, NULL, NULL, NULL, NULL, NULL, NULL, NULL, NULL, 1);
INSERT INTO `sys_rule_condition_constraint` VALUES ('RCC-3394437b:16a4396e5cb:-7ebf', 'RC-3394437b:16a4396e5cb:-7ec0', 'obo.facts.OboDecimalInfo.name', 'name', NULL, 'is any of the ff.', 'matches', NULL, NULL, NULL, NULL, NULL, NULL, '[[key:\"TOWER_AND_OTHER_STRUCTURE_TRILON_GUYED\",value:\"TOWER AND OTHER STRUCTURE (TRILON GUYED)\"]]', NULL, 0);
INSERT INTO `sys_rule_condition_constraint` VALUES ('RCC-3394437b:16a4396e5cb:-7ecc', 'RC-3394437b:16a4396e5cb:-7ecd', 'treasury.facts.BillItem.billcode', 'billcode', NULL, 'is any of the ff.', 'matches', NULL, NULL, NULL, NULL, NULL, NULL, '[[key:\"ACCESSORY_STRUCTURE_FEE\",value:\"ACCESSORY STRUCTURE FEE\"]]', NULL, 0);
INSERT INTO `sys_rule_condition_constraint` VALUES ('RCC-3394437b:16a4396e5cb:-7ece', 'RC-3394437b:16a4396e5cb:-7ecf', 'obo.facts.OccupancyType.group', 'group', NULL, 'is any of the ff.', 'matches', NULL, NULL, NULL, NULL, NULL, NULL, '[[key:\"C\",value:\"C\"],[key:\"D\",value:\"D\"],[key:\"H\",value:\"H\"],[key:\"I\",value:\"I\"]]', NULL, 0);
INSERT INTO `sys_rule_condition_constraint` VALUES ('RCC-3394437b:16a4396e5cb:-7ed0', 'RC-3394437b:16a4396e5cb:-7ed2', 'obo.facts.OboDecimalInfo.value', 'value', 'HEIGHT', NULL, NULL, NULL, NULL, NULL, NULL, NULL, NULL, NULL, NULL, 1);
INSERT INTO `sys_rule_condition_constraint` VALUES ('RCC-3394437b:16a4396e5cb:-7ed1', 'RC-3394437b:16a4396e5cb:-7ed2', 'obo.facts.OboDecimalInfo.name', 'name', NULL, 'is any of the ff.', 'matches', NULL, NULL, NULL, NULL, NULL, NULL, '[[key:\"TOWER_AND_OTHER_STRUCTURE_SELF_SUPPORTING\",value:\"TOWER AND OTHER STRUCTURES (SELF-SUPPORTING)\"]]', NULL, 0);
INSERT INTO `sys_rule_condition_constraint` VALUES ('RCC-3394437b:16a4396e5cb:-7ed6', 'RC-3394437b:16a4396e5cb:-7ed7', 'treasury.facts.BillItem.billcode', 'billcode', NULL, 'is any of the ff.', 'matches', NULL, NULL, NULL, NULL, NULL, NULL, '[[key:\"ACCESSORY_STRUCTURE_FEE\",value:\"ACCESSORY STRUCTURE FEE\"]]', NULL, 0);
INSERT INTO `sys_rule_condition_constraint` VALUES ('RCC-3394437b:16a4396e5cb:-7ed8', 'RC-3394437b:16a4396e5cb:-7ed9', 'obo.facts.OccupancyType.group', 'group', NULL, 'is any of the ff.', 'matches', NULL, NULL, NULL, NULL, NULL, NULL, '[[key:\"A\",value:\"A\"]]', NULL, 0);
INSERT INTO `sys_rule_condition_constraint` VALUES ('RCC-3394437b:16a4396e5cb:-7eda', 'RC-3394437b:16a4396e5cb:-7edc', 'obo.facts.OboDecimalInfo.value', 'value', 'HEIGHT', NULL, NULL, NULL, NULL, NULL, NULL, NULL, NULL, NULL, NULL, 1);
INSERT INTO `sys_rule_condition_constraint` VALUES ('RCC-3394437b:16a4396e5cb:-7edb', 'RC-3394437b:16a4396e5cb:-7edc', 'obo.facts.OboDecimalInfo.name', 'name', NULL, 'is any of the ff.', 'matches', NULL, NULL, NULL, NULL, NULL, NULL, '[[key:\"TOWER_AND_OTHER_STRUCTURE_SELF_SUPPORTING\",value:\"TOWER AND OTHER STRUCTURES (SELF-SUPPORTING)\"]]', NULL, 0);
INSERT INTO `sys_rule_condition_constraint` VALUES ('RCC-3394437b:16a4396e5cb:-7ef4', 'RC-3394437b:16a4396e5cb:-7ef6', 'obo.facts.OboDecimalInfo.name', 'name', NULL, 'is any of the ff.', 'matches', NULL, NULL, NULL, NULL, NULL, NULL, '[[key:\"TOWER_AND_OTHER_STRUCTURE_SELF_SUPPORTING\",value:\"TOWER AND OTHER STRUCTURES (SELF-SUPPORTING)\"]]', NULL, 0);
INSERT INTO `sys_rule_condition_constraint` VALUES ('RCC-3394437b:16a4396e5cb:-7ef5', 'RC-3394437b:16a4396e5cb:-7ef6', 'obo.facts.OboDecimalInfo.value', 'value', 'HEIGHT', NULL, NULL, NULL, NULL, NULL, NULL, NULL, NULL, NULL, NULL, 1);
INSERT INTO `sys_rule_condition_constraint` VALUES ('RCC-3394437b:16a4396e5cb:-7ef7', 'RC-3394437b:16a4396e5cb:-7ef8', 'obo.facts.OccupancyType.group', 'group', NULL, 'is any of the ff.', 'matches', NULL, NULL, NULL, NULL, NULL, NULL, '[[key:\"B\",value:\"B\"],[key:\"E\",value:\"E\"],[key:\"F\",value:\"F\"],[key:\"G\",value:\"G\"]]', NULL, 0);
INSERT INTO `sys_rule_condition_constraint` VALUES ('RCC-3394437b:16a4396e5cb:-7ef9', 'RC-3394437b:16a4396e5cb:-7efa', 'treasury.facts.BillItem.billcode', 'billcode', NULL, 'is any of the ff.', 'matches', NULL, NULL, NULL, NULL, NULL, NULL, '[[key:\"ACCESSORY_STRUCTURE_FEE\",value:\"ACCESSORY STRUCTURE FEE\"]]', NULL, 0);
INSERT INTO `sys_rule_condition_constraint` VALUES ('RCC-37d558f5:16a4fd0d79e:-7fa4', 'RC-37d558f5:16a4fd0d79e:-7fa5', 'obo.facts.OccupancyType.group', 'group', NULL, 'is any of the ff.', 'matches', NULL, NULL, NULL, NULL, NULL, NULL, '[[key:\"E\",value:\"E\"],[key:\"F\",value:\"F\"],[key:\"G\",value:\"G\"]]', NULL, 1);
INSERT INTO `sys_rule_condition_constraint` VALUES ('RCC-39c9f5f6:16a4e3b1db2:-7fa1', 'RC-39c9f5f6:16a4e3b1db2:-7fa3', 'obo.facts.OboDecimalInfo.value', 'value', 'CUM', NULL, NULL, NULL, NULL, NULL, NULL, NULL, NULL, NULL, NULL, 1);
INSERT INTO `sys_rule_condition_constraint` VALUES ('RCC-39c9f5f6:16a4e3b1db2:-7fa2', 'RC-39c9f5f6:16a4e3b1db2:-7fa3', 'obo.facts.OboDecimalInfo.name', 'name', NULL, 'is any of the ff.', 'matches', NULL, NULL, NULL, NULL, NULL, NULL, '[[key:\"EXCAVATION\",value:\"EXCAVATION\"]]', NULL, 0);
INSERT INTO `sys_rule_condition_constraint` VALUES ('RCC-41519066:15b76f8cd83:-7fe1', 'RC-41519066:15b76f8cd83:-7fe2', 'treasury.facts.BillItem.txntype', 'txntype', NULL, 'is any of the ff.', 'matches', NULL, NULL, NULL, NULL, NULL, NULL, '[[key:\"MECHANICAL_INSPECTION\",value:\"MECHANICAL INSPECTION FEE\"]]', NULL, 0);
INSERT INTO `sys_rule_condition_constraint` VALUES ('RCC-41519066:15b76f8cd83:-7fe7', 'RC-41519066:15b76f8cd83:-7fe8', 'treasury.facts.BillItem.txntype', 'txntype', NULL, 'is any of the ff.', 'matches', NULL, NULL, NULL, NULL, NULL, NULL, '[[key:\"MECHANICAL_INSPECTION\",value:\"MECHANICAL INSPECTION FEE\"]]', NULL, 0);
INSERT INTO `sys_rule_condition_constraint` VALUES ('RCC-41519066:15b76f8cd83:-7fe9', 'RC-41519066:15b76f8cd83:-7feb', 'obo.facts.OboDecimalInfo.name', 'name', NULL, 'is any of the ff.', 'matches', NULL, NULL, NULL, NULL, NULL, NULL, '[[key:\"REFRIGERATION_COLD_STORAGE\",value:\"REFRIGERATION COLD STORAGE (TONS)\"],[key:\"ICE_PLANT\",value:\"ICE PLANTS (TONS)\"]]', NULL, 0);
INSERT INTO `sys_rule_condition_constraint` VALUES ('RCC-41519066:15b76f8cd83:-7fea', 'RC-41519066:15b76f8cd83:-7feb', 'obo.facts.OboDecimalInfo.value', 'value', 'TON', NULL, NULL, NULL, NULL, NULL, NULL, NULL, NULL, NULL, NULL, 1);
INSERT INTO `sys_rule_condition_constraint` VALUES ('RCC-41519066:15b76f8cd83:-7ff0', 'RC-41519066:15b76f8cd83:-7ff1', 'treasury.facts.BillItem.txntype', 'txntype', NULL, 'is any of the ff.', 'matches', NULL, NULL, NULL, NULL, NULL, NULL, '[[key:\"MECHANICAL_INSPECTION\",value:\"MECHANICAL INSPECTION FEE\"]]', NULL, 0);
INSERT INTO `sys_rule_condition_constraint` VALUES ('RCC-4dbf9d19:15bf4e01a24:-7fc4', 'RC-4dbf9d19:15bf4e01a24:-7fc5', 'treasury.facts.BillItem.txntype', 'txntype', NULL, 'is any of the ff.', 'matches', NULL, NULL, NULL, NULL, NULL, NULL, '[[key:\"BLDG_ACCESSORY\",value:\"BLDG ACCESSORY FEE\"]]', NULL, 0);
INSERT INTO `sys_rule_condition_constraint` VALUES ('RCC-4dbf9d19:15bf4e01a24:-7fc6', 'RC-4dbf9d19:15bf4e01a24:-7fc8', 'obo.facts.OboDecimalInfo.name', 'name', NULL, 'is any of the ff.', 'matches', NULL, NULL, NULL, NULL, NULL, NULL, '[[key:\"GARAGE\",value:\"GARAGE (AREA SQM)\"],[key:\"BALCONY_TERRACES_LANAI\",value:\"BALCONY TERRACES LANAI (AREA SQM)\"]]', NULL, 0);
INSERT INTO `sys_rule_condition_constraint` VALUES ('RCC-4dbf9d19:15bf4e01a24:-7fc7', 'RC-4dbf9d19:15bf4e01a24:-7fc8', 'obo.facts.OboDecimalInfo.value', 'value', 'AREA', NULL, NULL, NULL, NULL, NULL, NULL, NULL, NULL, NULL, NULL, 1);
INSERT INTO `sys_rule_condition_constraint` VALUES ('RCC-4dbf9d19:15bf4e01a24:-7fc9', 'RC-4dbf9d19:15bf4e01a24:-7fca', 'FACTFLD-75b995c:15b18c6b9a6:-7bcf', 'id', NULL, 'is any of the ff.', 'matches', NULL, NULL, NULL, NULL, NULL, NULL, '[[key:\"A2\",value:\"A2\"]]', NULL, 0);
INSERT INTO `sys_rule_condition_constraint` VALUES ('RCC-4dbf9d19:15bf4e01a24:-7fd1', 'RC-4dbf9d19:15bf4e01a24:-7fd2', 'treasury.facts.BillItem.txntype', 'txntype', NULL, 'is any of the ff.', 'matches', NULL, NULL, NULL, NULL, NULL, NULL, '[[key:\"BLDG_ACCESSORY\",value:\"BLDG ACCESSORY FEE\"]]', NULL, 0);
INSERT INTO `sys_rule_condition_constraint` VALUES ('RCC-4dbf9d19:15bf4e01a24:-7fd3', 'RC-4dbf9d19:15bf4e01a24:-7fd5', 'obo.facts.OboDecimalInfo.name', 'name', NULL, 'is any of the ff.', 'matches', NULL, NULL, NULL, NULL, NULL, NULL, '[[key:\"GARAGE\",value:\"GARAGE (AREA SQM)\"],[key:\"BALCONY_TERRACES_LANAI\",value:\"BALCONY TERRACES LANAI (AREA SQM)\"]]', NULL, 0);
INSERT INTO `sys_rule_condition_constraint` VALUES ('RCC-4dbf9d19:15bf4e01a24:-7fd4', 'RC-4dbf9d19:15bf4e01a24:-7fd5', 'obo.facts.OboDecimalInfo.value', 'value', 'AREA', NULL, NULL, NULL, NULL, NULL, NULL, NULL, NULL, NULL, NULL, 1);
INSERT INTO `sys_rule_condition_constraint` VALUES ('RCC-4dbf9d19:15bf4e01a24:-7fd6', 'RC-4dbf9d19:15bf4e01a24:-7fd7', 'FACTFLD-75b995c:15b18c6b9a6:-7bcf', 'id', NULL, 'is any of the ff.', 'matches', NULL, NULL, NULL, NULL, NULL, NULL, '[[key:\"A2\",value:\"A2\"]]', NULL, 0);
INSERT INTO `sys_rule_condition_constraint` VALUES ('RCC-4dbf9d19:15bf4e01a24:-7fde', 'RC-4dbf9d19:15bf4e01a24:-7fdf', 'treasury.facts.BillItem.txntype', 'txntype', NULL, 'is any of the ff.', 'matches', NULL, NULL, NULL, NULL, NULL, NULL, '[[key:\"BLDG_ACCESSORY\",value:\"BLDG ACCESSORY FEE\"]]', NULL, 0);
INSERT INTO `sys_rule_condition_constraint` VALUES ('RCC-4dbf9d19:15bf4e01a24:-7fe0', 'RC-4dbf9d19:15bf4e01a24:-7fe2', 'obo.facts.OboDecimalInfo.name', 'name', NULL, 'is any of the ff.', 'matches', NULL, NULL, NULL, NULL, NULL, NULL, '[[key:\"GARAGE\",value:\"GARAGE (AREA SQM)\"],[key:\"BALCONY_TERRACES_LANAI\",value:\"BALCONY TERRACES LANAI (AREA SQM)\"]]', NULL, 0);
INSERT INTO `sys_rule_condition_constraint` VALUES ('RCC-4dbf9d19:15bf4e01a24:-7fe1', 'RC-4dbf9d19:15bf4e01a24:-7fe2', 'obo.facts.OboDecimalInfo.value', 'value', 'AREA', NULL, NULL, NULL, NULL, NULL, NULL, NULL, NULL, NULL, NULL, 1);
INSERT INTO `sys_rule_condition_constraint` VALUES ('RCC-4dbf9d19:15bf4e01a24:-7fe5', 'RC-4dbf9d19:15bf4e01a24:-7fe6', 'FACTFLD-75b995c:15b18c6b9a6:-7bcf', 'id', NULL, 'is any of the ff.', 'matches', NULL, NULL, NULL, NULL, NULL, NULL, '[[key:\"A1\",value:\"A1\"]]', NULL, 0);
INSERT INTO `sys_rule_condition_constraint` VALUES ('RCC-4dbf9d19:15bf4e01a24:-7feb', 'RC-4dbf9d19:15bf4e01a24:-7fec', 'treasury.facts.BillItem.txntype', 'txntype', NULL, 'is any of the ff.', 'matches', NULL, NULL, NULL, NULL, NULL, NULL, '[[key:\"BLDG_ACCESSORY\",value:\"BLDG ACCESSORY FEE\"]]', NULL, 0);
INSERT INTO `sys_rule_condition_constraint` VALUES ('RCC-4dbf9d19:15bf4e01a24:-7fed', 'RC-4dbf9d19:15bf4e01a24:-7fef', 'obo.facts.OboDecimalInfo.name', 'name', NULL, 'is any of the ff.', 'matches', NULL, NULL, NULL, NULL, NULL, NULL, '[[key:\"GARAGE\",value:\"GARAGE (AREA SQM)\"],[key:\"BALCONY_TERRACES_LANAI\",value:\"BALCONY TERRACES LANAI (AREA SQM)\"]]', NULL, 0);
INSERT INTO `sys_rule_condition_constraint` VALUES ('RCC-4dbf9d19:15bf4e01a24:-7fee', 'RC-4dbf9d19:15bf4e01a24:-7fef', 'obo.facts.OboDecimalInfo.value', 'value', 'AREA', NULL, NULL, NULL, NULL, NULL, NULL, NULL, NULL, NULL, NULL, 1);
INSERT INTO `sys_rule_condition_constraint` VALUES ('RCC-4dbf9d19:15bf4e01a24:-7ff2', 'RC-4dbf9d19:15bf4e01a24:-7ff3', 'FACTFLD-75b995c:15b18c6b9a6:-7bcf', 'id', NULL, 'is any of the ff.', 'matches', NULL, NULL, NULL, NULL, NULL, NULL, '[[key:\"A1\",value:\"A1\"]]', NULL, 0);
INSERT INTO `sys_rule_condition_constraint` VALUES ('RCC-52beabf2:15b3c40641b:-7fc1', 'RC-52beabf2:15b3c40641b:-7fc3', 'obo.facts.OboDecimalInfo.value', 'value', 'TON', NULL, NULL, NULL, NULL, NULL, NULL, NULL, NULL, NULL, NULL, 1);
INSERT INTO `sys_rule_condition_constraint` VALUES ('RCC-52beabf2:15b3c40641b:-7fc2', 'RC-52beabf2:15b3c40641b:-7fc3', 'obo.facts.OboDecimalInfo.name', 'name', NULL, 'is any of the ff.', 'matches', NULL, NULL, NULL, NULL, NULL, NULL, '[[key:\"WEIGHING_SCALE_STRUCTURE_TON\",value:\"WEIGHING SCALE STRUCTURE (TONS)\"]]', NULL, 0);
INSERT INTO `sys_rule_condition_constraint` VALUES ('RCC-52beabf2:15b3c40641b:-7fcc', 'RC-52beabf2:15b3c40641b:-7fce', 'obo.facts.OboDecimalInfo.name', 'name', NULL, 'is any of the ff.', 'matches', NULL, NULL, NULL, NULL, NULL, NULL, '[[key:\"PNEUMATIC_TUBE_CONVEYOR_MONORAIL\",value:\"PNEUMATIC TUBES, CONVEYORS AND MONORAILS\"]]', NULL, 0);
INSERT INTO `sys_rule_condition_constraint` VALUES ('RCC-52beabf2:15b3c40641b:-7fcd', 'RC-52beabf2:15b3c40641b:-7fce', 'obo.facts.OboDecimalInfo.value', 'value', 'LNM', NULL, NULL, NULL, NULL, NULL, NULL, NULL, NULL, NULL, NULL, 1);
INSERT INTO `sys_rule_condition_constraint` VALUES ('RCC-52beabf2:15b3c40641b:-7fd5', 'RC-52beabf2:15b3c40641b:-7fd7', 'obo.facts.OboDecimalInfo.name', 'name', NULL, 'is any of the ff.', 'matches', NULL, NULL, NULL, NULL, NULL, NULL, '[[key:\"OTHER_MACHINERY_EQUIPMENT\",value:\"OTHER MACHINERY/EQUIPMENT\"]]', NULL, 0);
INSERT INTO `sys_rule_condition_constraint` VALUES ('RCC-52beabf2:15b3c40641b:-7fd6', 'RC-52beabf2:15b3c40641b:-7fd7', 'obo.facts.OboDecimalInfo.value', 'value', 'KW', NULL, NULL, NULL, NULL, NULL, NULL, NULL, NULL, NULL, NULL, 1);
INSERT INTO `sys_rule_condition_constraint` VALUES ('RCC-52beabf2:15b3c40641b:-7fdc', 'RC-52beabf2:15b3c40641b:-7fde', 'obo.facts.OboDecimalInfo.name', 'name', NULL, 'is any of the ff.', 'matches', NULL, NULL, NULL, NULL, NULL, NULL, '[[key:\"POWER_PIPING_CUBIC\",value:\"POWER PIPING (CUBIC)\"],[key:\"POWER_PIPING_LINEAL\",value:\"POWER PIPING (LINEAL METER)\"]]', NULL, 0);
INSERT INTO `sys_rule_condition_constraint` VALUES ('RCC-52beabf2:15b3c40641b:-7fdd', 'RC-52beabf2:15b3c40641b:-7fde', 'obo.facts.OboDecimalInfo.value', 'value', 'VAL', NULL, NULL, NULL, NULL, NULL, NULL, NULL, NULL, NULL, NULL, 1);
INSERT INTO `sys_rule_condition_constraint` VALUES ('RCC-53717d20:15b4db8478f:-7fcb', 'RC-53717d20:15b4db8478f:-7fcd', 'obo.facts.OboIntegerInfo.name', 'name', NULL, 'is any of the ff.', 'matches', NULL, NULL, NULL, NULL, NULL, NULL, '[[key:\"WATER_METER_25\",value:\"WATER METER (ABOVE 25 mm Ø)\"]]', NULL, 0);
INSERT INTO `sys_rule_condition_constraint` VALUES ('RCC-53717d20:15b4db8478f:-7fcc', 'RC-53717d20:15b4db8478f:-7fcd', 'obo.facts.OboIntegerInfo.value', 'value', 'UNIT', NULL, NULL, NULL, NULL, NULL, NULL, NULL, NULL, NULL, NULL, 1);
INSERT INTO `sys_rule_condition_constraint` VALUES ('RCC-53717d20:15b4db8478f:-7fd4', 'RC-53717d20:15b4db8478f:-7fd6', 'obo.facts.OboIntegerInfo.name', 'name', NULL, 'is any of the ff.', 'matches', NULL, NULL, NULL, NULL, NULL, NULL, '[[key:\"WATER_METER_12_25\",value:\"WATER METER (12-25 mm Ø )\"]]', NULL, 0);
INSERT INTO `sys_rule_condition_constraint` VALUES ('RCC-53717d20:15b4db8478f:-7fd5', 'RC-53717d20:15b4db8478f:-7fd6', 'obo.facts.OboIntegerInfo.value', 'value', 'UNIT', NULL, NULL, NULL, NULL, NULL, NULL, NULL, NULL, NULL, NULL, 1);
INSERT INTO `sys_rule_condition_constraint` VALUES ('RCC-53717d20:15b4db8478f:-7fdd', 'RC-53717d20:15b4db8478f:-7fdf', 'obo.facts.OboIntegerInfo.name', 'name', NULL, 'is any of the ff.', 'matches', NULL, NULL, NULL, NULL, NULL, NULL, '[[key:\"FAUCET\",value:\"FAUCET\"],[key:\"SHOWER_HEAD\",value:\"SHOWER HEAD\"],[key:\"DRINKING_FOUNTAIN\",value:\"DRINKING FOUNTAIN\"],[key:\"FIXED_TYPE_STERILIZER\",value:\"FIXED TYPE STERILIZER\"],[key:\"WATER_METER\",value:\"WATER METER\"]]', NULL, 0);
INSERT INTO `sys_rule_condition_constraint` VALUES ('RCC-53717d20:15b4db8478f:-7fde', 'RC-53717d20:15b4db8478f:-7fdf', 'obo.facts.OboIntegerInfo.value', 'value', 'UNIT', NULL, NULL, NULL, NULL, NULL, NULL, NULL, NULL, NULL, NULL, 1);
INSERT INTO `sys_rule_condition_constraint` VALUES ('RCC-53717d20:15b4db8478f:-7fe8', 'RC-53717d20:15b4db8478f:-7fea', 'obo.facts.OboIntegerInfo.value', 'value', 'UNIT', NULL, NULL, NULL, NULL, NULL, NULL, NULL, NULL, NULL, NULL, 1);
INSERT INTO `sys_rule_condition_constraint` VALUES ('RCC-53717d20:15b4db8478f:-7fe9', 'RC-53717d20:15b4db8478f:-7fea', 'obo.facts.OboIntegerInfo.name', 'name', NULL, 'is any of the ff.', 'matches', NULL, NULL, NULL, NULL, NULL, NULL, '[[key:\"URINAL\",value:\"URINAL\"],[key:\"BIDET\",value:\"BIDET\"],[key:\"DENTAL_CUSPIDOR\",value:\"DENTAL CUSPIDOR\"],[key:\"BAR_SINK\",value:\"BAR SINK\"],[key:\"SODA_FOUNTAIN_SINK\",value:\"SODA FOUNTAIN SINK\"],[key:\"LAB_SINK\",value:\"LABORATORY SINK\"],[key:\"GAS_FIRED_WATER_HEATER\",value:\"GAS FIRED WATER HEATER\"],[key:\"LAUNDRY_SINK\",value:\"LAUNDRY SINK\"],[key:\"LAUNDRY_TRAY\",value:\"LAUNDRY TRAY\"]]', NULL, 0);
INSERT INTO `sys_rule_condition_constraint` VALUES ('RCC-53717d20:15b4db8478f:-7ff1', 'RC-53717d20:15b4db8478f:-7ff3', 'obo.facts.OboIntegerInfo.value', 'value', 'UNIT', NULL, NULL, NULL, NULL, NULL, NULL, NULL, NULL, NULL, NULL, 1);
INSERT INTO `sys_rule_condition_constraint` VALUES ('RCC-53717d20:15b4db8478f:-7ff2', 'RC-53717d20:15b4db8478f:-7ff3', 'obo.facts.OboIntegerInfo.name', 'name', NULL, 'is any of the ff.', 'matches', NULL, NULL, NULL, NULL, NULL, NULL, '[[key:\"FLOOR_DRAIN\",value:\"FLOOR DRAIN\"],[key:\"KITCHEN_SINK\",value:\"KITCHEN SINK\"]]', NULL, 0);
INSERT INTO `sys_rule_condition_constraint` VALUES ('RCC-59612f04:15b6c1c41a7:-7fc1', 'RC-59612f04:15b6c1c41a7:-7fc2', 'treasury.facts.BillItem.txntype', 'txntype', NULL, 'is any of the ff.', 'matches', NULL, NULL, NULL, NULL, NULL, NULL, '[[key:\"BLDG_ACCESSORY\",value:\"BLDG ACCESSORY FEE\"]]', NULL, 0);
INSERT INTO `sys_rule_condition_constraint` VALUES ('RCC-59612f04:15b6c1c41a7:-7fc3', 'RC-59612f04:15b6c1c41a7:-7fc5', 'obo.facts.OboDecimalInfo.name', 'name', NULL, 'is any of the ff.', 'matches', NULL, NULL, NULL, NULL, NULL, NULL, '[[key:\"SWIMMING_POOL_INDIGENOUS\",value:\"SWIMMING POOL LOCAL INDIGENOUS MATERIALS (cuM)\"]]', NULL, 0);
INSERT INTO `sys_rule_condition_constraint` VALUES ('RCC-59612f04:15b6c1c41a7:-7fc4', 'RC-59612f04:15b6c1c41a7:-7fc5', 'obo.facts.OboDecimalInfo.value', 'value', 'CUM', NULL, NULL, NULL, NULL, NULL, NULL, NULL, NULL, NULL, NULL, 1);
INSERT INTO `sys_rule_condition_constraint` VALUES ('RCC-59612f04:15b6c1c41a7:-7fc6', 'RC-59612f04:15b6c1c41a7:-7fc7', 'FACTFLD-75b995c:15b18c6b9a6:-7b5f', 'groupid', NULL, 'is any of the ff.', 'matches', NULL, NULL, NULL, NULL, NULL, NULL, '[[key:\"A\",value:\"A\"]]', NULL, 0);
INSERT INTO `sys_rule_condition_constraint` VALUES ('RCC-59612f04:15b6c1c41a7:-7fcc', 'RC-59612f04:15b6c1c41a7:-7fcd', 'FACTFLD-75b995c:15b18c6b9a6:-7b5f', 'groupid', NULL, 'is any of the ff.', 'matches', NULL, NULL, NULL, NULL, NULL, NULL, '[[key:\"B\",value:\"B\"],[key:\"E\",value:\"E\"],[key:\"F\",value:\"F\"],[key:\"G\",value:\"G\"]]', NULL, 0);
INSERT INTO `sys_rule_condition_constraint` VALUES ('RCC-59612f04:15b6c1c41a7:-7fce', 'RC-59612f04:15b6c1c41a7:-7fd0', 'obo.facts.OboDecimalInfo.value', 'value', 'CUM', NULL, NULL, NULL, NULL, NULL, NULL, NULL, NULL, NULL, NULL, 1);
INSERT INTO `sys_rule_condition_constraint` VALUES ('RCC-59612f04:15b6c1c41a7:-7fcf', 'RC-59612f04:15b6c1c41a7:-7fd0', 'obo.facts.OboDecimalInfo.name', 'name', NULL, 'is any of the ff.', 'matches', NULL, NULL, NULL, NULL, NULL, NULL, '[[key:\"SWIMMING_POOL_INDIGENOUS\",value:\"SWIMMING POOL LOCAL INDIGENOUS MATERIALS (cuM)\"]]', NULL, 0);
INSERT INTO `sys_rule_condition_constraint` VALUES ('RCC-59612f04:15b6c1c41a7:-7fd1', 'RC-59612f04:15b6c1c41a7:-7fd2', 'treasury.facts.BillItem.txntype', 'txntype', NULL, 'is any of the ff.', 'matches', NULL, NULL, NULL, NULL, NULL, NULL, '[[key:\"BLDG_ACCESSORY\",value:\"BLDG ACCESSORY FEE\"]]', NULL, 0);
INSERT INTO `sys_rule_condition_constraint` VALUES ('RCC-59612f04:15b6c1c41a7:-7fd7', 'RC-59612f04:15b6c1c41a7:-7fd8', 'treasury.facts.BillItem.txntype', 'txntype', NULL, 'is any of the ff.', 'matches', NULL, NULL, NULL, NULL, NULL, NULL, '[[key:\"BLDG_ACCESSORY\",value:\"BLDG ACCESSORY FEE\"]]', NULL, 0);
INSERT INTO `sys_rule_condition_constraint` VALUES ('RCC-59612f04:15b6c1c41a7:-7fd9', 'RC-59612f04:15b6c1c41a7:-7fdb', 'obo.facts.OboDecimalInfo.name', 'name', NULL, 'is any of the ff.', 'matches', NULL, NULL, NULL, NULL, NULL, NULL, '[[key:\"SWIMMING_POOL_INDIGENOUS\",value:\"SWIMMING POOL LOCAL INDIGENOUS MATERIALS (cuM)\"]]', NULL, 0);
INSERT INTO `sys_rule_condition_constraint` VALUES ('RCC-59612f04:15b6c1c41a7:-7fda', 'RC-59612f04:15b6c1c41a7:-7fdb', 'obo.facts.OboDecimalInfo.value', 'value', 'CUM', NULL, NULL, NULL, NULL, NULL, NULL, NULL, NULL, NULL, NULL, 1);
INSERT INTO `sys_rule_condition_constraint` VALUES ('RCC-59612f04:15b6c1c41a7:-7fdc', 'RC-59612f04:15b6c1c41a7:-7fdd', 'FACTFLD-75b995c:15b18c6b9a6:-7b5f', 'groupid', NULL, 'is any of the ff.', 'matches', NULL, NULL, NULL, NULL, NULL, NULL, '[[key:\"C\",value:\"C\"],[key:\"D\",value:\"D\"],[key:\"H\",value:\"H\"],[key:\"I\",value:\"I\"]]', NULL, 0);
INSERT INTO `sys_rule_condition_constraint` VALUES ('RCC-59612f04:15b6c1c41a7:-7fe2', 'RC-59612f04:15b6c1c41a7:-7fe3', 'FACTFLD-75b995c:15b18c6b9a6:-7b5f', 'groupid', NULL, 'is any of the ff.', 'matches', NULL, NULL, NULL, NULL, NULL, NULL, '[[key:\"C\",value:\"C\"],[key:\"D\",value:\"D\"],[key:\"H\",value:\"H\"],[key:\"I\",value:\"I\"]]', NULL, 0);
INSERT INTO `sys_rule_condition_constraint` VALUES ('RCC-59612f04:15b6c1c41a7:-7fe4', 'RC-59612f04:15b6c1c41a7:-7fe6', 'obo.facts.OboDecimalInfo.value', 'value', 'CUM', NULL, NULL, NULL, NULL, NULL, NULL, NULL, NULL, NULL, NULL, 1);
INSERT INTO `sys_rule_condition_constraint` VALUES ('RCC-59612f04:15b6c1c41a7:-7fe5', 'RC-59612f04:15b6c1c41a7:-7fe6', 'obo.facts.OboDecimalInfo.name', 'name', NULL, 'is any of the ff.', 'matches', NULL, NULL, NULL, NULL, NULL, NULL, '[[key:\"SWIMMING_POOL\",value:\"SWIMMING POOL (cuM)\"]]', NULL, 0);
INSERT INTO `sys_rule_condition_constraint` VALUES ('RCC-59612f04:15b6c1c41a7:-7fe7', 'RC-59612f04:15b6c1c41a7:-7fe8', 'treasury.facts.BillItem.txntype', 'txntype', NULL, 'is any of the ff.', 'matches', NULL, NULL, NULL, NULL, NULL, NULL, '[[key:\"BLDG_ACCESSORY\",value:\"BLDG ACCESSORY FEE\"]]', NULL, 0);
INSERT INTO `sys_rule_condition_constraint` VALUES ('RCC-59612f04:15b6c1c41a7:-7fed', 'RC-59612f04:15b6c1c41a7:-7fee', 'treasury.facts.BillItem.txntype', 'txntype', NULL, 'is any of the ff.', 'matches', NULL, NULL, NULL, NULL, NULL, NULL, '[[key:\"BLDG_ACCESSORY\",value:\"BLDG ACCESSORY FEE\"]]', NULL, 0);
INSERT INTO `sys_rule_condition_constraint` VALUES ('RCC-59612f04:15b6c1c41a7:-7fef', 'RC-59612f04:15b6c1c41a7:-7ff1', 'obo.facts.OboDecimalInfo.name', 'name', NULL, 'is any of the ff.', 'matches', NULL, NULL, NULL, NULL, NULL, NULL, '[[key:\"SWIMMING_POOL\",value:\"SWIMMING POOL (cuM)\"]]', NULL, 0);
INSERT INTO `sys_rule_condition_constraint` VALUES ('RCC-59612f04:15b6c1c41a7:-7ff0', 'RC-59612f04:15b6c1c41a7:-7ff1', 'obo.facts.OboDecimalInfo.value', 'value', 'CUM', NULL, NULL, NULL, NULL, NULL, NULL, NULL, NULL, NULL, NULL, 1);
INSERT INTO `sys_rule_condition_constraint` VALUES ('RCC-59612f04:15b6c1c41a7:-7ff2', 'RC-59612f04:15b6c1c41a7:-7ff3', 'FACTFLD-75b995c:15b18c6b9a6:-7b5f', 'groupid', NULL, 'is any of the ff.', 'matches', NULL, NULL, NULL, NULL, NULL, NULL, '[[key:\"B\",value:\"B\"],[key:\"E\",value:\"E\"],[key:\"F\",value:\"F\"],[key:\"G\",value:\"G\"]]', NULL, 0);
INSERT INTO `sys_rule_condition_constraint` VALUES ('RCC-694f0728:16e35852ae8:-7ed6', 'RC-694f0728:16e35852ae8:-7ed7', 'obo.facts.BuildingPermitSection.name', 'name', NULL, 'is any of the ff.', 'matches', NULL, NULL, NULL, NULL, NULL, NULL, '[[key:\"ZONING\",value:\"Zoning\"]]', NULL, 0);
INSERT INTO `sys_rule_condition_constraint` VALUES ('RCC-694f0728:16e35852ae8:-7eda', 'RC-694f0728:16e35852ae8:-7edb', 'obo.facts.BuildingApplication.highercost', 'highercost', 'COST', NULL, NULL, NULL, NULL, NULL, NULL, NULL, NULL, NULL, NULL, 1);
INSERT INTO `sys_rule_condition_constraint` VALUES ('RCC-d96c4a7:15bf6365df9:-7fe1', 'RC-d96c4a7:15bf6365df9:-7fe3', 'obo.facts.OboDecimalInfo.value', 'value', 'SQM', NULL, NULL, NULL, NULL, NULL, NULL, NULL, NULL, NULL, NULL, 1);
INSERT INTO `sys_rule_condition_constraint` VALUES ('RCC-d96c4a7:15bf6365df9:-7fe2', 'RC-d96c4a7:15bf6365df9:-7fe3', 'obo.facts.OboDecimalInfo.name', 'name', NULL, 'is any of the ff.', 'matches', NULL, NULL, NULL, NULL, NULL, NULL, '[[key:\"PAINTEDON_ADVERTISING_SIGN\",value:\"PAINTED-ON ADVERTISING SIGN\"]]', NULL, 0);
INSERT INTO `sys_rule_condition_constraint` VALUES ('RCC16c3fcb:16a3a19e4b9:-7a79', 'RC16c3fcb:16a3a19e4b9:-7a7b', 'obo.facts.OboDecimalInfo.name', 'name', NULL, 'is any of the ff.', 'matches', NULL, NULL, NULL, NULL, NULL, NULL, '[[key:\"SWIMMING_POOL_USING_INDIGENOUS_MATERIALS\",value:\"SWIMMING POOL USING INDIGENOUS MATERIALS\"]]', NULL, 0);
INSERT INTO `sys_rule_condition_constraint` VALUES ('RCC16c3fcb:16a3a19e4b9:-7a7a', 'RC16c3fcb:16a3a19e4b9:-7a7b', 'obo.facts.OboDecimalInfo.value', 'value', 'CUM', NULL, NULL, NULL, NULL, NULL, NULL, NULL, NULL, NULL, NULL, 1);
INSERT INTO `sys_rule_condition_constraint` VALUES ('RCC16c3fcb:16a3a19e4b9:-7a7c', 'RC16c3fcb:16a3a19e4b9:-7a7d', 'obo.facts.OccupancyType.group', 'group', NULL, 'is any of the ff.', 'matches', NULL, NULL, NULL, NULL, NULL, NULL, '[[key:\"C\",value:\"C\"],[key:\"D\",value:\"D\"],[key:\"H\",value:\"H\"],[key:\"I\",value:\"I\"]]', NULL, 0);
INSERT INTO `sys_rule_condition_constraint` VALUES ('RCC16c3fcb:16a3a19e4b9:-7a7e', 'RC16c3fcb:16a3a19e4b9:-7a7f', 'treasury.facts.BillItem.billcode', 'billcode', NULL, 'is any of the ff.', 'matches', NULL, NULL, NULL, NULL, NULL, NULL, '[[key:\"ACCESSORY_STRUCTURE_FEE\",value:\"ACCESSORY STRUCTURE FEE\"]]', NULL, 0);
INSERT INTO `sys_rule_condition_constraint` VALUES ('RCC16c3fcb:16a3a19e4b9:-7a85', 'RC16c3fcb:16a3a19e4b9:-7a87', 'obo.facts.OboDecimalInfo.name', 'name', NULL, 'is any of the ff.', 'matches', NULL, NULL, NULL, NULL, NULL, NULL, '[[key:\"SWIMMING_POOL_USING_INDIGENOUS_MATERIALS\",value:\"SWIMMING POOL USING INDIGENOUS MATERIALS\"]]', NULL, 0);
INSERT INTO `sys_rule_condition_constraint` VALUES ('RCC16c3fcb:16a3a19e4b9:-7a86', 'RC16c3fcb:16a3a19e4b9:-7a87', 'obo.facts.OboDecimalInfo.value', 'value', 'CUM', NULL, NULL, NULL, NULL, NULL, NULL, NULL, NULL, NULL, NULL, 1);
INSERT INTO `sys_rule_condition_constraint` VALUES ('RCC16c3fcb:16a3a19e4b9:-7a88', 'RC16c3fcb:16a3a19e4b9:-7a89', 'obo.facts.OccupancyType.group', 'group', NULL, 'is any of the ff.', 'matches', NULL, NULL, NULL, NULL, NULL, NULL, '[[key:\"B\",value:\"B\"],[key:\"E\",value:\"E\"],[key:\"F\",value:\"F\"],[key:\"G\",value:\"G\"]]', NULL, 0);
INSERT INTO `sys_rule_condition_constraint` VALUES ('RCC16c3fcb:16a3a19e4b9:-7a8a', 'RC16c3fcb:16a3a19e4b9:-7a8b', 'treasury.facts.BillItem.billcode', 'billcode', NULL, 'is any of the ff.', 'matches', NULL, NULL, NULL, NULL, NULL, NULL, '[[key:\"ACCESSORY_STRUCTURE_FEE\",value:\"ACCESSORY STRUCTURE FEE\"]]', NULL, 0);
INSERT INTO `sys_rule_condition_constraint` VALUES ('RCC16c3fcb:16a3a19e4b9:-7a93', 'RC16c3fcb:16a3a19e4b9:-7a94', 'treasury.facts.BillItem.billcode', 'billcode', NULL, 'is any of the ff.', 'matches', NULL, NULL, NULL, NULL, NULL, NULL, '[[key:\"ACCESSORY_STRUCTURE_FEE\",value:\"ACCESSORY STRUCTURE FEE\"]]', NULL, 0);
INSERT INTO `sys_rule_condition_constraint` VALUES ('RCC16c3fcb:16a3a19e4b9:-7a95', 'RC16c3fcb:16a3a19e4b9:-7a96', 'obo.facts.OccupancyType.group', 'group', NULL, 'is any of the ff.', 'matches', NULL, NULL, NULL, NULL, NULL, NULL, '[[key:\"A\",value:\"A\"]]', NULL, 0);
INSERT INTO `sys_rule_condition_constraint` VALUES ('RCC16c3fcb:16a3a19e4b9:-7a97', 'RC16c3fcb:16a3a19e4b9:-7a99', 'obo.facts.OboDecimalInfo.value', 'value', 'CUM', NULL, NULL, NULL, NULL, NULL, NULL, NULL, NULL, NULL, NULL, 1);
INSERT INTO `sys_rule_condition_constraint` VALUES ('RCC16c3fcb:16a3a19e4b9:-7a98', 'RC16c3fcb:16a3a19e4b9:-7a99', 'obo.facts.OboDecimalInfo.name', 'name', NULL, 'is any of the ff.', 'matches', NULL, NULL, NULL, NULL, NULL, NULL, '[[key:\"SWIMMING_POOL_USING_INDIGENOUS_MATERIALS\",value:\"SWIMMING POOL USING INDIGENOUS MATERIALS\"]]', NULL, 0);
INSERT INTO `sys_rule_condition_constraint` VALUES ('RCC16c3fcb:16a3a19e4b9:-7acb', 'RC16c3fcb:16a3a19e4b9:-7acc', 'treasury.facts.BillItem.billcode', 'billcode', NULL, 'is any of the ff.', 'matches', NULL, NULL, NULL, NULL, NULL, NULL, '[[key:\"ACCESSORY_STRUCTURE_FEE\",value:\"ACCESSORY STRUCTURE FEE\"]]', NULL, 0);
INSERT INTO `sys_rule_condition_constraint` VALUES ('RCC16c3fcb:16a3a19e4b9:-7acd', 'RC16c3fcb:16a3a19e4b9:-7ace', 'obo.facts.OccupancyType.group', 'group', NULL, 'is any of the ff.', 'matches', NULL, NULL, NULL, NULL, NULL, NULL, '[[key:\"C\",value:\"C\"],[key:\"D\",value:\"D\"],[key:\"H\",value:\"H\"],[key:\"I\",value:\"I\"]]', NULL, 0);
INSERT INTO `sys_rule_condition_constraint` VALUES ('RCC16c3fcb:16a3a19e4b9:-7acf', 'RC16c3fcb:16a3a19e4b9:-7ad1', 'obo.facts.OboDecimalInfo.value', 'value', 'CUM', NULL, NULL, NULL, NULL, NULL, NULL, NULL, NULL, NULL, NULL, 1);
INSERT INTO `sys_rule_condition_constraint` VALUES ('RCC16c3fcb:16a3a19e4b9:-7ad0', 'RC16c3fcb:16a3a19e4b9:-7ad1', 'obo.facts.OboDecimalInfo.name', 'name', NULL, 'is any of the ff.', 'matches', NULL, NULL, NULL, NULL, NULL, NULL, '[[key:\"SWIMMING_POOL\",value:\"SWIMMING POOL\"]]', NULL, 0);
INSERT INTO `sys_rule_condition_constraint` VALUES ('RCC16c3fcb:16a3a19e4b9:-7ad5', 'RC16c3fcb:16a3a19e4b9:-7ad6', 'treasury.facts.BillItem.billcode', 'billcode', NULL, 'is any of the ff.', 'matches', NULL, NULL, NULL, NULL, NULL, NULL, '[[key:\"ACCESSORY_STRUCTURE_FEE\",value:\"ACCESSORY STRUCTURE FEE\"]]', NULL, 0);
INSERT INTO `sys_rule_condition_constraint` VALUES ('RCC16c3fcb:16a3a19e4b9:-7ad7', 'RC16c3fcb:16a3a19e4b9:-7ad8', 'obo.facts.OccupancyType.group', 'group', NULL, 'is any of the ff.', 'matches', NULL, NULL, NULL, NULL, NULL, NULL, '[[key:\"B\",value:\"B\"],[key:\"E\",value:\"E\"],[key:\"F\",value:\"F\"],[key:\"G\",value:\"G\"]]', NULL, 0);
INSERT INTO `sys_rule_condition_constraint` VALUES ('RCC16c3fcb:16a3a19e4b9:-7ad9', 'RC16c3fcb:16a3a19e4b9:-7adb', 'obo.facts.OboDecimalInfo.value', 'value', 'CUM', NULL, NULL, NULL, NULL, NULL, NULL, NULL, NULL, NULL, NULL, 1);
INSERT INTO `sys_rule_condition_constraint` VALUES ('RCC16c3fcb:16a3a19e4b9:-7ada', 'RC16c3fcb:16a3a19e4b9:-7adb', 'obo.facts.OboDecimalInfo.name', 'name', NULL, 'is any of the ff.', 'matches', NULL, NULL, NULL, NULL, NULL, NULL, '[[key:\"SWIMMING_POOL\",value:\"SWIMMING POOL\"]]', NULL, 0);
INSERT INTO `sys_rule_condition_constraint` VALUES ('RCC16c3fcb:16a3a19e4b9:-7afb', 'RC16c3fcb:16a3a19e4b9:-7afd', 'obo.facts.OboDecimalInfo.name', 'name', NULL, 'is any of the ff.', 'matches', NULL, NULL, NULL, NULL, NULL, NULL, '[[key:\"SWIMMING_POOL\",value:\"SWIMMING POOL\"]]', NULL, 0);
INSERT INTO `sys_rule_condition_constraint` VALUES ('RCC16c3fcb:16a3a19e4b9:-7afc', 'RC16c3fcb:16a3a19e4b9:-7afd', 'obo.facts.OboDecimalInfo.value', 'value', 'CUM', NULL, NULL, NULL, NULL, NULL, NULL, NULL, NULL, NULL, NULL, 1);
INSERT INTO `sys_rule_condition_constraint` VALUES ('RCC16c3fcb:16a3a19e4b9:-7b00', 'RC16c3fcb:16a3a19e4b9:-7b01', 'treasury.facts.BillItem.billcode', 'billcode', NULL, 'is any of the ff.', 'matches', NULL, NULL, NULL, NULL, NULL, NULL, '[[key:\"ACCESSORY_STRUCTURE_FEE\",value:\"ACCESSORY STRUCTURE FEE\"]]', NULL, 0);
INSERT INTO `sys_rule_condition_constraint` VALUES ('RCC16c3fcb:16a3a19e4b9:-7b26', 'RC16c3fcb:16a3a19e4b9:-7b28', 'obo.facts.OboDecimalInfo.name', 'name', NULL, 'is any of the ff.', 'matches', NULL, NULL, NULL, NULL, NULL, NULL, '[[key:\"BANK_AND_RECORD_VAULT\",value:\"BANK AND RECORD VAULT\"]]', NULL, 0);
INSERT INTO `sys_rule_condition_constraint` VALUES ('RCC16c3fcb:16a3a19e4b9:-7b27', 'RC16c3fcb:16a3a19e4b9:-7b28', 'obo.facts.OboDecimalInfo.value', 'value', 'CUM', NULL, NULL, NULL, NULL, NULL, NULL, NULL, NULL, NULL, NULL, 1);
INSERT INTO `sys_rule_condition_constraint` VALUES ('RCC16c3fcb:16a3a19e4b9:-7b29', 'RC16c3fcb:16a3a19e4b9:-7b2a', 'treasury.facts.BillItem.billcode', 'billcode', NULL, 'is any of the ff.', 'matches', NULL, NULL, NULL, NULL, NULL, NULL, '[[key:\"ACCESSORY_STRUCTURE_FEE\",value:\"ACCESSORY STRUCTURE FEE\"]]', NULL, 0);
INSERT INTO `sys_rule_condition_constraint` VALUES ('RCC16c3fcb:16a3a19e4b9:-7f1e', 'RC16c3fcb:16a3a19e4b9:-7f1f', 'obo.facts.OccupancyType.division', 'division', NULL, 'is any of the ff.', 'matches', NULL, NULL, NULL, NULL, NULL, NULL, '[[key:\"A2\",value:\"A2\"]]', NULL, 0);
INSERT INTO `sys_rule_condition_constraint` VALUES ('RCC16c3fcb:16a3a19e4b9:-7f2a', 'RC16c3fcb:16a3a19e4b9:-7f2b', 'obo.facts.OccupancyType.division', 'division', NULL, 'is any of the ff.', 'matches', NULL, NULL, NULL, NULL, NULL, NULL, '[[key:\"B1\",value:\"B1\"],[key:\"C1\",value:\"C1\"],[key:\"E1\",value:\"E1\"],[key:\"E2\",value:\"E2\"],[key:\"E3\",value:\"E3\"],[key:\"F1\",value:\"F1\"],[key:\"G1\",value:\"G1\"],[key:\"G2\",value:\"G2\"],[key:\"G3\",value:\"G3\"],[key:\"G4\",value:\"G4\"],[key:\"G5\",value:\"G5\"],[key:\"H1\",value:\"H1\"],[key:\"H2\",value:\"H2\"],[key:\"H3\",value:\"H3\"],[key:\"H4\",value:\"H4\"],[key:\"I1\",value:\"I1\"],[key:\"J1\",value:\"J1\"],[key:\"J2\",value:\"J2\"],[key:\"J3\",value:\"J3\"]]', NULL, 0);
INSERT INTO `sys_rule_condition_constraint` VALUES ('RCC16c3fcb:16a3a19e4b9:-7f35', 'RC16c3fcb:16a3a19e4b9:-7f36', 'obo.facts.OccupancyType.division', 'division', NULL, 'is any of the ff.', 'matches', NULL, NULL, NULL, NULL, NULL, NULL, '[[key:\"C2\",value:\"C2\"],[key:\"D1\",value:\"D1\"],[key:\"D2\",value:\"D2\"],[key:\"D3\",value:\"D3\"]]', NULL, 0);
INSERT INTO `sys_rule_condition_constraint` VALUES ('RCC16c3fcb:16a3a19e4b9:-7f40', 'RC16c3fcb:16a3a19e4b9:-7f41', 'obo.facts.OccupancyType.division', 'division', NULL, 'is any of the ff.', 'matches', NULL, NULL, NULL, NULL, NULL, NULL, '[[key:\"A1\",value:\"A1\"]]', NULL, 0);
INSERT INTO `sys_rule_condition_constraint` VALUES ('RCC16c3fcb:16a3a19e4b9:-7f4e', 'RC16c3fcb:16a3a19e4b9:-7f4f', 'obo.facts.OccupancyType.division', 'division', NULL, 'is any of the ff.', 'matches', NULL, NULL, NULL, NULL, NULL, NULL, '[[key:\"A2\",value:\"A2\"]]', NULL, 0);
INSERT INTO `sys_rule_condition_constraint` VALUES ('RCC1cbabe6f:15bf507af61:-7fc8', 'RC1cbabe6f:15bf507af61:-7fca', 'obo.facts.OboDecimalInfo.value', 'value', 'LNM', NULL, NULL, NULL, NULL, NULL, NULL, NULL, NULL, NULL, NULL, 1);
INSERT INTO `sys_rule_condition_constraint` VALUES ('RCC1cbabe6f:15bf507af61:-7fc9', 'RC1cbabe6f:15bf507af61:-7fca', 'obo.facts.OboDecimalInfo.name', 'name', NULL, 'is any of the ff.', 'matches', NULL, NULL, NULL, NULL, NULL, NULL, '[[key:\"FENCE_MADE_OF_INDIGENOUS_MATERIAL\",value:\"FENCE MADE OF INDIGENOUS MATERIAL,BARBED,CHICKEN OR HOG WIRE\"]]', NULL, 0);
INSERT INTO `sys_rule_condition_constraint` VALUES ('RCC1cbabe6f:15bf507af61:-7fd3', 'RC1cbabe6f:15bf507af61:-7fd5', 'obo.facts.OboDecimalInfo.name', 'name', NULL, 'is any of the ff.', 'matches', NULL, NULL, NULL, NULL, NULL, NULL, '[[key:\"FENCE_MADE_OF_MASONRY_OR_METAL_ABOVE_1_8_M\",value:\"FENCE MADE OF MASONRY OR METAL MORE THAN 1.8 METER IN HEIGHT\"]]', NULL, 0);
INSERT INTO `sys_rule_condition_constraint` VALUES ('RCC1cbabe6f:15bf507af61:-7fd4', 'RC1cbabe6f:15bf507af61:-7fd5', 'obo.facts.OboDecimalInfo.value', 'value', 'LM', NULL, NULL, NULL, NULL, NULL, NULL, NULL, NULL, NULL, NULL, 1);
INSERT INTO `sys_rule_condition_constraint` VALUES ('RCC1cbabe6f:15bf507af61:-7fdc', 'RC1cbabe6f:15bf507af61:-7fde', 'obo.facts.OboDecimalInfo.value', 'value', 'SQM', NULL, NULL, NULL, NULL, NULL, NULL, NULL, NULL, NULL, NULL, 1);
INSERT INTO `sys_rule_condition_constraint` VALUES ('RCC1cbabe6f:15bf507af61:-7fdd', 'RC1cbabe6f:15bf507af61:-7fde', 'obo.facts.OboDecimalInfo.name', 'name', NULL, 'is any of the ff.', 'matches', NULL, NULL, NULL, NULL, NULL, NULL, '[[key:\"ENCROACHMENT_FOOTING\",value:\"ENCROACHMENT OF FOOTINGS OR FOUNDATIONS OF BLDGS\"]]', NULL, 0);
INSERT INTO `sys_rule_condition_constraint` VALUES ('RCC1cbabe6f:15bf507af61:-7fe3', 'RC1cbabe6f:15bf507af61:-7fe5', 'obo.facts.OboDecimalInfo.name', 'name', NULL, 'is any of the ff.', 'matches', NULL, NULL, NULL, NULL, NULL, NULL, '[[key:\"EXCAVATION_BASEMENT\",value:\"EXCAVATION FOR FOUNDATION WITH BASEMENT\"]]', NULL, 0);
INSERT INTO `sys_rule_condition_constraint` VALUES ('RCC1cbabe6f:15bf507af61:-7fe4', 'RC1cbabe6f:15bf507af61:-7fe5', 'obo.facts.OboDecimalInfo.value', 'value', 'CUM', NULL, NULL, NULL, NULL, NULL, NULL, NULL, NULL, NULL, NULL, 1);
INSERT INTO `sys_rule_condition_constraint` VALUES ('RCC1cbabe6f:15bf507af61:-7ff0', 'RC1cbabe6f:15bf507af61:-7ff2', 'obo.facts.OboDecimalInfo.value', 'value', 'CUM', NULL, NULL, NULL, NULL, NULL, NULL, NULL, NULL, NULL, NULL, 1);
INSERT INTO `sys_rule_condition_constraint` VALUES ('RCC1cbabe6f:15bf507af61:-7ff1', 'RC1cbabe6f:15bf507af61:-7ff2', 'obo.facts.OboDecimalInfo.name', 'name', NULL, 'is any of the ff.', 'matches', NULL, NULL, NULL, NULL, NULL, NULL, '[[key:\"REINSTALLATION_VERTICAL_STORAGE_TANK\",value:\"REINSTALLATION OF VERTICAL STORAGE TANK (cuM)\"]]', NULL, 0);
INSERT INTO `sys_rule_condition_constraint` VALUES ('RCC1cbabe6f:15bf507af61:-7ff3', 'RC1cbabe6f:15bf507af61:-7ff4', 'treasury.facts.BillItem.txntype', 'txntype', NULL, 'is any of the ff.', 'matches', NULL, NULL, NULL, NULL, NULL, NULL, '[[key:\"BLDG_ACCESSORY\",value:\"BLDG ACCESSORY FEE\"]]', NULL, 0);
INSERT INTO `sys_rule_condition_constraint` VALUES ('RCC28a83f44:15b74c946cb:-7f37', 'RC28a83f44:15b74c946cb:-7f39', 'obo.facts.OboDecimalInfo.value', 'value', 'CUM', NULL, NULL, NULL, NULL, NULL, NULL, NULL, NULL, NULL, NULL, 1);
INSERT INTO `sys_rule_condition_constraint` VALUES ('RCC28a83f44:15b74c946cb:-7f38', 'RC28a83f44:15b74c946cb:-7f39', 'obo.facts.OboDecimalInfo.name', 'name', NULL, 'is any of the ff.', 'matches', NULL, NULL, NULL, NULL, NULL, NULL, '[[key:\"PULLOUT_REINST_STEEL_TANK_UG\",value:\"PULLOUT/REINSTALLATION STEEL TANK UNDERGROUND (cuM)\"],[key:\"PULLOUT_REINST_STEEL_TANK_SADDLE_TRESTLE\",value:\"PULLOUT/RESINSTALLATION OF STEEL TANK - SADDLE OR TRESTLE MOUNTED HORIZONTAL TANKS (cuM)\"]]', NULL, 0);
INSERT INTO `sys_rule_condition_constraint` VALUES ('RCC28a83f44:15b74c946cb:-7f3a', 'RC28a83f44:15b74c946cb:-7f3b', 'treasury.facts.BillItem.txntype', 'txntype', NULL, 'is any of the ff.', 'matches', NULL, NULL, NULL, NULL, NULL, NULL, '[[key:\"BLDG_ACCESSORY\",value:\"BLDG ACCESSORY FEE\"]]', NULL, 0);
INSERT INTO `sys_rule_condition_constraint` VALUES ('RCC28a83f44:15b74c946cb:-7f43', 'RC28a83f44:15b74c946cb:-7f44', 'treasury.facts.BillItem.txntype', 'txntype', NULL, 'is any of the ff.', 'matches', NULL, NULL, NULL, NULL, NULL, NULL, '[[key:\"BLDG_ACCESSORY\",value:\"BLDG ACCESSORY FEE\"]]', NULL, 0);
INSERT INTO `sys_rule_condition_constraint` VALUES ('RCC28a83f44:15b74c946cb:-7f49', 'RC28a83f44:15b74c946cb:-7f4a', 'treasury.facts.BillItem.txntype', 'txntype', NULL, 'is any of the ff.', 'matches', NULL, NULL, NULL, NULL, NULL, NULL, '[[key:\"BLDG_ACCESSORY\",value:\"BLDG ACCESSORY FEE\"]]', NULL, 0);
INSERT INTO `sys_rule_condition_constraint` VALUES ('RCC28a83f44:15b74c946cb:-7f4b', 'RC28a83f44:15b74c946cb:-7f4d', 'obo.facts.OboDecimalInfo.name', 'name', NULL, 'is any of the ff.', 'matches', NULL, NULL, NULL, NULL, NULL, NULL, '[[key:\"BOOTH_KIOSK_PLATFORM_STAGES_PERM\",value:\"BOOTH, KIOSK AND PLATFORM STAGES - PERMANENT (SQM)\"]]', NULL, 0);
INSERT INTO `sys_rule_condition_constraint` VALUES ('RCC28a83f44:15b74c946cb:-7f4c', 'RC28a83f44:15b74c946cb:-7f4d', 'obo.facts.OboDecimalInfo.value', 'value', 'SQM', NULL, NULL, NULL, NULL, NULL, NULL, NULL, NULL, NULL, NULL, 1);
INSERT INTO `sys_rule_condition_constraint` VALUES ('RCC28a83f44:15b74c946cb:-7f52', 'RC28a83f44:15b74c946cb:-7f54', 'obo.facts.OboDecimalInfo.name', 'name', NULL, 'is any of the ff.', 'matches', NULL, NULL, NULL, NULL, NULL, NULL, '[[key:\"MULTI_LEVEL_INTERMENT_NICHES\",value:\"MULTI LEVEL INTERMENT NICHES (SQM)\"]]', NULL, 0);
INSERT INTO `sys_rule_condition_constraint` VALUES ('RCC28a83f44:15b74c946cb:-7f53', 'RC28a83f44:15b74c946cb:-7f54', 'obo.facts.OboDecimalInfo.value', 'value', 'SQM', NULL, NULL, NULL, NULL, NULL, NULL, NULL, NULL, NULL, NULL, 1);
INSERT INTO `sys_rule_condition_constraint` VALUES ('RCC28a83f44:15b74c946cb:-7f55', 'RC28a83f44:15b74c946cb:-7f56', 'treasury.facts.BillItem.txntype', 'txntype', NULL, 'is any of the ff.', 'matches', NULL, NULL, NULL, NULL, NULL, NULL, '[[key:\"BLDG_ACCESSORY\",value:\"BLDG ACCESSORY FEE\"]]', NULL, 0);
INSERT INTO `sys_rule_condition_constraint` VALUES ('RCC28a83f44:15b74c946cb:-7f5b', 'RC28a83f44:15b74c946cb:-7f5c', 'treasury.facts.BillItem.txntype', 'txntype', NULL, 'is any of the ff.', 'matches', NULL, NULL, NULL, NULL, NULL, NULL, '[[key:\"BLDG_ACCESSORY\",value:\"BLDG ACCESSORY FEE\"]]', NULL, 0);
INSERT INTO `sys_rule_condition_constraint` VALUES ('RCC28a83f44:15b74c946cb:-7f5d', 'RC28a83f44:15b74c946cb:-7f5f', 'obo.facts.OboDecimalInfo.name', 'name', NULL, 'is any of the ff.', 'matches', NULL, NULL, NULL, NULL, NULL, NULL, '[[key:\"COLUMBARIUM\",value:\"COLUMBARIUM (SQM)\"]]', NULL, 0);
INSERT INTO `sys_rule_condition_constraint` VALUES ('RCC28a83f44:15b74c946cb:-7f5e', 'RC28a83f44:15b74c946cb:-7f5f', 'obo.facts.OboDecimalInfo.value', 'value', 'SQM', NULL, NULL, NULL, NULL, NULL, NULL, NULL, NULL, NULL, NULL, 1);
INSERT INTO `sys_rule_condition_constraint` VALUES ('RCC28a83f44:15b74c946cb:-7f64', 'RC28a83f44:15b74c946cb:-7f65', 'treasury.facts.BillItem.txntype', 'txntype', NULL, 'is any of the ff.', 'matches', NULL, NULL, NULL, NULL, NULL, NULL, '[[key:\"BLDG_ACCESSORY\",value:\"BLDG ACCESSORY FEE\"]]', NULL, 0);
INSERT INTO `sys_rule_condition_constraint` VALUES ('RCC28a83f44:15b74c946cb:-7f66', 'RC28a83f44:15b74c946cb:-7f68', 'obo.facts.OboDecimalInfo.name', 'name', NULL, 'is any of the ff.', 'matches', NULL, NULL, NULL, NULL, NULL, NULL, '[[key:\"TOTALLY_ENCLOSED_MAUSOLUEM\",value:\"TOTALLY ENCLOSED MAUSOLUEM (SQM)\"]]', NULL, 0);
INSERT INTO `sys_rule_condition_constraint` VALUES ('RCC28a83f44:15b74c946cb:-7f67', 'RC28a83f44:15b74c946cb:-7f68', 'obo.facts.OboDecimalInfo.value', 'value', 'SQM', NULL, NULL, NULL, NULL, NULL, NULL, NULL, NULL, NULL, NULL, 1);
INSERT INTO `sys_rule_condition_constraint` VALUES ('RCC28a83f44:15b74c946cb:-7f6d', 'RC28a83f44:15b74c946cb:-7f6e', 'treasury.facts.BillItem.txntype', 'txntype', NULL, 'is any of the ff.', 'matches', NULL, NULL, NULL, NULL, NULL, NULL, '[[key:\"BLDG_ACCESSORY\",value:\"BLDG ACCESSORY FEE\"]]', NULL, 0);
INSERT INTO `sys_rule_condition_constraint` VALUES ('RCC28a83f44:15b74c946cb:-7f6f', 'RC28a83f44:15b74c946cb:-7f71', 'obo.facts.OboDecimalInfo.name', 'name', NULL, 'is any of the ff.', 'matches', NULL, NULL, NULL, NULL, NULL, NULL, '[[key:\"SEMI_ENCLOSED_MAUSOLEUM\",value:\"SEMI ENCLOSED MAUSOLEUM (SQM)\"]]', NULL, 0);
INSERT INTO `sys_rule_condition_constraint` VALUES ('RCC28a83f44:15b74c946cb:-7f70', 'RC28a83f44:15b74c946cb:-7f71', 'obo.facts.OboDecimalInfo.value', 'value', 'SQM', NULL, NULL, NULL, NULL, NULL, NULL, NULL, NULL, NULL, NULL, 1);
INSERT INTO `sys_rule_condition_constraint` VALUES ('RCC28a83f44:15b74c946cb:-7f76', 'RC28a83f44:15b74c946cb:-7f77', 'treasury.facts.BillItem.txntype', 'txntype', NULL, 'is any of the ff.', 'matches', NULL, NULL, NULL, NULL, NULL, NULL, '[[key:\"BLDG_ACCESSORY\",value:\"BLDG ACCESSORY FEE\"]]', NULL, 0);
INSERT INTO `sys_rule_condition_constraint` VALUES ('RCC28a83f44:15b74c946cb:-7f8c', 'RC28a83f44:15b74c946cb:-7f8e', 'obo.facts.OboDecimalInfo.value', 'value', 'CUM', NULL, NULL, NULL, NULL, NULL, NULL, NULL, NULL, NULL, NULL, 1);
INSERT INTO `sys_rule_condition_constraint` VALUES ('RCC28a83f44:15b74c946cb:-7f8d', 'RC28a83f44:15b74c946cb:-7f8e', 'obo.facts.OboDecimalInfo.name', 'name', NULL, 'is any of the ff.', 'matches', NULL, NULL, NULL, NULL, NULL, NULL, '[[key:\"REINFORCED_CONCRETE_OR_STEEL_TANK_UNDERGROUND\",value:\"REINFORCED CONCRETE OR STEEL TANK UNDERGROUND (cuM)\"]]', NULL, 0);
INSERT INTO `sys_rule_condition_constraint` VALUES ('RCC28a83f44:15b74c946cb:-7f8f', 'RC28a83f44:15b74c946cb:-7f90', 'treasury.facts.BillItem.txntype', 'txntype', NULL, 'is any of the ff.', 'matches', NULL, NULL, NULL, NULL, NULL, NULL, '[[key:\"BLDG_ACCESSORY\",value:\"BLDG ACCESSORY FEE\"]]', NULL, 0);
INSERT INTO `sys_rule_condition_constraint` VALUES ('RCC28a83f44:15b74c946cb:-7f95', 'RC28a83f44:15b74c946cb:-7f96', 'treasury.facts.BillItem.txntype', 'txntype', NULL, 'is any of the ff.', 'matches', NULL, NULL, NULL, NULL, NULL, NULL, '[[key:\"BLDG_ACCESSORY\",value:\"BLDG ACCESSORY FEE\"]]', NULL, 0);
INSERT INTO `sys_rule_condition_constraint` VALUES ('RCC28a83f44:15b74c946cb:-7f97', 'RC28a83f44:15b74c946cb:-7f99', 'obo.facts.OboDecimalInfo.name', 'name', NULL, 'is any of the ff.', 'matches', NULL, NULL, NULL, NULL, NULL, NULL, '[[key:\"REINFORCED_CONCRETE_OR_STEEL_TANK_ABOVE_GROUND\",value:\"REINFORCED CONCRETE OR STEEL TANK ABOVE GROUND (cuM)\"]]', NULL, 0);
INSERT INTO `sys_rule_condition_constraint` VALUES ('RCC28a83f44:15b74c946cb:-7f98', 'RC28a83f44:15b74c946cb:-7f99', 'obo.facts.OboDecimalInfo.value', 'value', 'CUM', NULL, NULL, NULL, NULL, NULL, NULL, NULL, NULL, NULL, NULL, 1);
INSERT INTO `sys_rule_condition_constraint` VALUES ('RCC28a83f44:15b74c946cb:-7f9a', 'RC28a83f44:15b74c946cb:-7f9b', 'FACTFLD-75b995c:15b18c6b9a6:-7b5f', 'groupid', NULL, 'not exist in', 'not matches', NULL, NULL, NULL, NULL, NULL, NULL, '[[key:\"A\",value:\"A\"],[key:\"B\",value:\"B\"]]', NULL, 0);
INSERT INTO `sys_rule_condition_constraint` VALUES ('RCC28a83f44:15b74c946cb:-7fa0', 'RC28a83f44:15b74c946cb:-7fa1', 'FACTFLD-75b995c:15b18c6b9a6:-7b5f', 'groupid', NULL, 'is any of the ff.', 'matches', NULL, NULL, NULL, NULL, NULL, NULL, '[[key:\"C\",value:\"C\"],[key:\"D\",value:\"D\"],[key:\"H\",value:\"H\"],[key:\"I\",value:\"I\"]]', NULL, 0);
INSERT INTO `sys_rule_condition_constraint` VALUES ('RCC28a83f44:15b74c946cb:-7fa2', 'RC28a83f44:15b74c946cb:-7fa3', 'treasury.facts.BillItem.txntype', 'txntype', NULL, 'is any of the ff.', 'matches', NULL, NULL, NULL, NULL, NULL, NULL, '[[key:\"BLDG_ACCESSORY\",value:\"BLDG ACCESSORY FEE\"]]', NULL, 0);
INSERT INTO `sys_rule_condition_constraint` VALUES ('RCC28a83f44:15b74c946cb:-7fa4', 'RC28a83f44:15b74c946cb:-7fa6', 'obo.facts.OboIntegerInfo.name', 'name', NULL, 'is any of the ff.', 'matches', NULL, NULL, NULL, NULL, NULL, NULL, '[[key:\"SHOWER_LOCKER_ROOM\",value:\"SHOWER/LOCKER ROOMS (UNIT)\"]]', NULL, 0);
INSERT INTO `sys_rule_condition_constraint` VALUES ('RCC28a83f44:15b74c946cb:-7fa5', 'RC28a83f44:15b74c946cb:-7fa6', 'obo.facts.OboIntegerInfo.value', 'value', 'UNIT', NULL, NULL, NULL, NULL, NULL, NULL, NULL, NULL, NULL, NULL, 1);
INSERT INTO `sys_rule_condition_constraint` VALUES ('RCC28a83f44:15b74c946cb:-7fab', 'RC28a83f44:15b74c946cb:-7fac', 'FACTFLD-75b995c:15b18c6b9a6:-7b5f', 'groupid', NULL, 'is any of the ff.', 'matches', NULL, NULL, NULL, NULL, NULL, NULL, '[[key:\"B\",value:\"B\"],[key:\"E\",value:\"E\"],[key:\"F\",value:\"F\"],[key:\"G\",value:\"G\"]]', NULL, 0);
INSERT INTO `sys_rule_condition_constraint` VALUES ('RCC28a83f44:15b74c946cb:-7fad', 'RC28a83f44:15b74c946cb:-7fae', 'treasury.facts.BillItem.txntype', 'txntype', NULL, 'is any of the ff.', 'matches', NULL, NULL, NULL, NULL, NULL, NULL, '[[key:\"BLDG_ACCESSORY\",value:\"BLDG ACCESSORY FEE\"]]', NULL, 0);
INSERT INTO `sys_rule_condition_constraint` VALUES ('RCC28a83f44:15b74c946cb:-7faf', 'RC28a83f44:15b74c946cb:-7fb1', 'obo.facts.OboIntegerInfo.name', 'name', NULL, 'is any of the ff.', 'matches', NULL, NULL, NULL, NULL, NULL, NULL, '[[key:\"SHOWER_LOCKER_ROOM\",value:\"SHOWER/LOCKER ROOMS (UNIT)\"]]', NULL, 0);
INSERT INTO `sys_rule_condition_constraint` VALUES ('RCC28a83f44:15b74c946cb:-7fb0', 'RC28a83f44:15b74c946cb:-7fb1', 'obo.facts.OboIntegerInfo.value', 'value', 'UNIT', NULL, NULL, NULL, NULL, NULL, NULL, NULL, NULL, NULL, NULL, 1);
INSERT INTO `sys_rule_condition_constraint` VALUES ('RCC28a83f44:15b74c946cb:-7fc2', 'RC28a83f44:15b74c946cb:-7fc3', 'FACTFLD-75b995c:15b18c6b9a6:-7b5f', 'groupid', NULL, 'is any of the ff.', 'matches', NULL, NULL, NULL, NULL, NULL, NULL, '[[key:\"C\",value:\"C\"],[key:\"D\",value:\"D\"],[key:\"H\",value:\"H\"],[key:\"I\",value:\"I\"]]', NULL, 0);
INSERT INTO `sys_rule_condition_constraint` VALUES ('RCC28a83f44:15b74c946cb:-7fc4', 'RC28a83f44:15b74c946cb:-7fc5', 'treasury.facts.BillItem.txntype', 'txntype', NULL, 'is any of the ff.', 'matches', NULL, NULL, NULL, NULL, NULL, NULL, '[[key:\"BLDG_ACCESSORY\",value:\"BLDG ACCESSORY FEE\"]]', NULL, 0);
INSERT INTO `sys_rule_condition_constraint` VALUES ('RCC28a83f44:15b74c946cb:-7fc6', 'RC28a83f44:15b74c946cb:-7fc8', 'obo.facts.OboDecimalInfo.name', 'name', NULL, 'is any of the ff.', 'matches', NULL, NULL, NULL, NULL, NULL, NULL, '[[key:\"ERECTION_OF_TOWER_TRILON_GUYED\",value:\"ERECTION OF TOWER - TRILON GUYED (HEIGHT IN M)\"]]', NULL, 0);
INSERT INTO `sys_rule_condition_constraint` VALUES ('RCC28a83f44:15b74c946cb:-7fc7', 'RC28a83f44:15b74c946cb:-7fc8', 'obo.facts.OboDecimalInfo.value', 'value', 'M', NULL, NULL, NULL, NULL, NULL, NULL, NULL, NULL, NULL, NULL, 1);
INSERT INTO `sys_rule_condition_constraint` VALUES ('RCC28a83f44:15b74c946cb:-7fcd', 'RC28a83f44:15b74c946cb:-7fcf', 'obo.facts.OboDecimalInfo.value', 'value', 'M', NULL, NULL, NULL, NULL, NULL, NULL, NULL, NULL, NULL, NULL, 1);
INSERT INTO `sys_rule_condition_constraint` VALUES ('RCC28a83f44:15b74c946cb:-7fce', 'RC28a83f44:15b74c946cb:-7fcf', 'obo.facts.OboDecimalInfo.name', 'name', NULL, 'is any of the ff.', 'matches', NULL, NULL, NULL, NULL, NULL, NULL, '[[key:\"ERECTION_OF_TOWER_SELF_SUPPORTING\",value:\"ERECTION OF TOWER - SELF SUPPORTING (HEIGHT IN M)\"]]', NULL, 0);
INSERT INTO `sys_rule_condition_constraint` VALUES ('RCC28a83f44:15b74c946cb:-7fd0', 'RC28a83f44:15b74c946cb:-7fd1', 'treasury.facts.BillItem.txntype', 'txntype', NULL, 'is any of the ff.', 'matches', NULL, NULL, NULL, NULL, NULL, NULL, '[[key:\"BLDG_ACCESSORY\",value:\"BLDG ACCESSORY FEE\"]]', NULL, 0);
INSERT INTO `sys_rule_condition_constraint` VALUES ('RCC28a83f44:15b74c946cb:-7fd2', 'RC28a83f44:15b74c946cb:-7fd3', 'FACTFLD-75b995c:15b18c6b9a6:-7b5f', 'groupid', NULL, 'is any of the ff.', 'matches', NULL, NULL, NULL, NULL, NULL, NULL, '[[key:\"C\",value:\"C\"],[key:\"D\",value:\"D\"],[key:\"H\",value:\"H\"],[key:\"I\",value:\"I\"]]', NULL, 0);
INSERT INTO `sys_rule_condition_constraint` VALUES ('RCC28a83f44:15b74c946cb:-7fd8', 'RC28a83f44:15b74c946cb:-7fda', 'obo.facts.OboDecimalInfo.value', 'value', 'M', NULL, NULL, NULL, NULL, NULL, NULL, NULL, NULL, NULL, NULL, 1);
INSERT INTO `sys_rule_condition_constraint` VALUES ('RCC28a83f44:15b74c946cb:-7fd9', 'RC28a83f44:15b74c946cb:-7fda', 'obo.facts.OboDecimalInfo.name', 'name', NULL, 'is any of the ff.', 'matches', NULL, NULL, NULL, NULL, NULL, NULL, '[[key:\"ERECTION_OF_TOWER_TRILON_GUYED\",value:\"ERECTION OF TOWER - TRILON GUYED (HEIGHT IN M)\"]]', NULL, 0);
INSERT INTO `sys_rule_condition_constraint` VALUES ('RCC28a83f44:15b74c946cb:-7fdb', 'RC28a83f44:15b74c946cb:-7fdc', 'treasury.facts.BillItem.txntype', 'txntype', NULL, 'is any of the ff.', 'matches', NULL, NULL, NULL, NULL, NULL, NULL, '[[key:\"BLDG_ACCESSORY\",value:\"BLDG ACCESSORY FEE\"]]', NULL, 0);
INSERT INTO `sys_rule_condition_constraint` VALUES ('RCC28a83f44:15b74c946cb:-7fdd', 'RC28a83f44:15b74c946cb:-7fde', 'FACTFLD-75b995c:15b18c6b9a6:-7b5f', 'groupid', NULL, 'is any of the ff.', 'matches', NULL, NULL, NULL, NULL, NULL, NULL, '[[key:\"B\",value:\"B\"],[key:\"E\",value:\"E\"],[key:\"G\",value:\"G\"],[key:\"F\",value:\"F\"]]', NULL, 0);
INSERT INTO `sys_rule_condition_constraint` VALUES ('RCC28a83f44:15b74c946cb:-7fe3', 'RC28a83f44:15b74c946cb:-7fe4', 'FACTFLD-75b995c:15b18c6b9a6:-7b5f', 'groupid', NULL, 'is any of the ff.', 'matches', NULL, NULL, NULL, NULL, NULL, NULL, '[[key:\"B\",value:\"B\"],[key:\"E\",value:\"E\"],[key:\"F\",value:\"F\"],[key:\"G\",value:\"G\"]]', NULL, 0);
INSERT INTO `sys_rule_condition_constraint` VALUES ('RCC28a83f44:15b74c946cb:-7fe5', 'RC28a83f44:15b74c946cb:-7fe6', 'treasury.facts.BillItem.txntype', 'txntype', NULL, 'is any of the ff.', 'matches', NULL, NULL, NULL, NULL, NULL, NULL, '[[key:\"BLDG_ACCESSORY\",value:\"BLDG ACCESSORY FEE\"]]', NULL, 0);
INSERT INTO `sys_rule_condition_constraint` VALUES ('RCC28a83f44:15b74c946cb:-7fe7', 'RC28a83f44:15b74c946cb:-7fe9', 'obo.facts.OboDecimalInfo.name', 'name', NULL, 'is any of the ff.', 'matches', NULL, NULL, NULL, NULL, NULL, NULL, '[[key:\"ERECTION_OF_TOWER_SELF_SUPPORTING\",value:\"ERECTION OF TOWER - SELF SUPPORTING (HEIGHT IN M)\"]]', NULL, 0);
INSERT INTO `sys_rule_condition_constraint` VALUES ('RCC28a83f44:15b74c946cb:-7fe8', 'RC28a83f44:15b74c946cb:-7fe9', 'obo.facts.OboDecimalInfo.value', 'value', 'M', NULL, NULL, NULL, NULL, NULL, NULL, NULL, NULL, NULL, NULL, 1);
INSERT INTO `sys_rule_condition_constraint` VALUES ('RCC28a83f44:15b74c946cb:-7fee', 'RC28a83f44:15b74c946cb:-7fef', 'FACTFLD-75b995c:15b18c6b9a6:-7b5f', 'groupid', NULL, 'is any of the ff.', 'matches', NULL, NULL, NULL, NULL, NULL, NULL, '[[key:\"A\",value:\"A\"]]', NULL, 0);
INSERT INTO `sys_rule_condition_constraint` VALUES ('RCC28a83f44:15b74c946cb:-7ff0', 'RC28a83f44:15b74c946cb:-7ff1', 'treasury.facts.BillItem.txntype', 'txntype', NULL, 'is any of the ff.', 'matches', NULL, NULL, NULL, NULL, NULL, NULL, '[[key:\"BLDG_ACCESSORY\",value:\"BLDG ACCESSORY FEE\"]]', NULL, 0);
INSERT INTO `sys_rule_condition_constraint` VALUES ('RCC28a83f44:15b74c946cb:-7ff2', 'RC28a83f44:15b74c946cb:-7ff4', 'obo.facts.OboDecimalInfo.name', 'name', NULL, 'is any of the ff.', 'matches', NULL, NULL, NULL, NULL, NULL, NULL, '[[key:\"ERECTION_OF_TOWER_TRILON_GUYED\",value:\"ERECTION OF TOWER - TRILON GUYED (HEIGHT IN M)\"]]', NULL, 0);
INSERT INTO `sys_rule_condition_constraint` VALUES ('RCC28a83f44:15b74c946cb:-7ff3', 'RC28a83f44:15b74c946cb:-7ff4', 'obo.facts.OboDecimalInfo.value', 'value', 'M', NULL, NULL, NULL, NULL, NULL, NULL, NULL, NULL, NULL, NULL, 1);
INSERT INTO `sys_rule_condition_constraint` VALUES ('RCC6ad88b42:15bf25a2e71:-7fe0', 'RC6ad88b42:15bf25a2e71:-7fe1', 'FACTFLD-75b995c:15b18c6b9a6:-7cce', 'apptype', NULL, 'not exist in', 'not matches', NULL, NULL, NULL, NULL, NULL, NULL, '[\"INS\"]', NULL, 1);
INSERT INTO `sys_rule_condition_constraint` VALUES ('RCC6ad88b42:15bf25a2e71:-7fe2', 'RC6ad88b42:15bf25a2e71:-7fe3', 'FACTFLD-75b995c:15b18c6b9a6:-7bcf', 'id', NULL, 'is any of the ff.', 'matches', NULL, NULL, NULL, NULL, NULL, NULL, '[[key:\"C2\",value:\"C2\"],[key:\"D1\",value:\"D1\"],[key:\"D2\",value:\"D2\"],[key:\"D3\",value:\"D3\"]]', NULL, 0);
INSERT INTO `sys_rule_condition_constraint` VALUES ('RCC6ad88b42:15bf25a2e71:-7fe7', 'RC6ad88b42:15bf25a2e71:-7fe9', 'FACTFLD-75b995c:15b18c6b9a6:-7cce', 'apptype', NULL, 'not exist in', 'not matches', NULL, NULL, NULL, NULL, NULL, NULL, '[\"INS\"]', NULL, 1);
INSERT INTO `sys_rule_condition_constraint` VALUES ('RCC6ad88b42:15bf25a2e71:-7fea', 'RC6ad88b42:15bf25a2e71:-7feb', 'FACTFLD-75b995c:15b18c6b9a6:-7bcf', 'id', NULL, 'is any of the ff.', 'matches', NULL, NULL, NULL, NULL, NULL, NULL, '[[key:\"B1\",value:\"B1\"],[key:\"C1\",value:\"C1\"],[key:\"E1\",value:\"E1\"],[key:\"E2\",value:\"E2\"],[key:\"E3\",value:\"E3\"],[key:\"F1\",value:\"F1\"],[key:\"G1\",value:\"G1\"],[key:\"G2\",value:\"G2\"],[key:\"G3\",value:\"G3\"],[key:\"G4\",value:\"G4\"],[key:\"G5\",value:\"G5\"],[key:\"H1\",value:\"H1\"],[key:\"H2\",value:\"H2\"],[key:\"H3\",value:\"H3\"],[key:\"H4\",value:\"H4\"],[key:\"I1\",value:\"I1\"],[key:\"J1\",value:\"J1\"],[key:\"J2\",value:\"J2\"],[key:\"J3\",value:\"J3\"]]', NULL, 0);
INSERT INTO `sys_rule_condition_constraint` VALUES ('RCC73b3316:15bf60d669e:-7f8d', 'RC73b3316:15bf60d669e:-7f8f', 'obo.facts.OboDecimalInfo.value', 'value', 'SQM', NULL, NULL, NULL, NULL, NULL, NULL, NULL, NULL, NULL, NULL, 1);
INSERT INTO `sys_rule_condition_constraint` VALUES ('RCC73b3316:15bf60d669e:-7f8e', 'RC73b3316:15bf60d669e:-7f8f', 'obo.facts.OboDecimalInfo.name', 'name', NULL, 'is any of the ff.', 'matches', NULL, NULL, NULL, NULL, NULL, NULL, '[[key:\"NEON_ADVERTISING_SIGN\",value:\"NEON ADVERTISING SIGN\"]]', NULL, 0);
INSERT INTO `sys_rule_condition_constraint` VALUES ('RCC73b3316:15bf60d669e:-7f9e', 'RC73b3316:15bf60d669e:-7fa0', 'obo.facts.OboDecimalInfo.name', 'name', NULL, 'is any of the ff.', 'matches', NULL, NULL, NULL, NULL, NULL, NULL, '[[key:\"OTHER_ADVERTISING_SIGN\",value:\"OTHER ADVERTISING SIGN\"]]', NULL, 0);
INSERT INTO `sys_rule_condition_constraint` VALUES ('RCC73b3316:15bf60d669e:-7f9f', 'RC73b3316:15bf60d669e:-7fa0', 'obo.facts.OboDecimalInfo.value', 'value', 'SQM', NULL, NULL, NULL, NULL, NULL, NULL, NULL, NULL, NULL, NULL, 1);
INSERT INTO `sys_rule_condition_constraint` VALUES ('RCC73b3316:15bf60d669e:-7fbd', 'RC73b3316:15bf60d669e:-7fbf', 'obo.facts.OboDecimalInfo.value', 'value', 'SQM', NULL, NULL, NULL, NULL, NULL, NULL, NULL, NULL, NULL, NULL, 1);
INSERT INTO `sys_rule_condition_constraint` VALUES ('RCC73b3316:15bf60d669e:-7fbe', 'RC73b3316:15bf60d669e:-7fbf', 'obo.facts.OboDecimalInfo.name', 'name', NULL, 'is any of the ff.', 'matches', NULL, NULL, NULL, NULL, NULL, NULL, '[[key:\"ILLUMINATED_ADVERTISING_SIGN\",value:\"ILLUMINATED ADVERTISING SIGN\"]]', NULL, 0);
INSERT INTO `sys_rule_condition_constraint` VALUES ('RCC73b3316:15bf60d669e:-7fda', 'RC73b3316:15bf60d669e:-7fdc', 'obo.facts.OboDecimalInfo.name', 'name', NULL, 'is any of the ff.', 'matches', NULL, NULL, NULL, NULL, NULL, NULL, '[[key:\"PAINTEDON_BUSINESS_SIGN\",value:\"PAINTED-ON BUSINESS SIGN\"]]', NULL, 0);
INSERT INTO `sys_rule_condition_constraint` VALUES ('RCC73b3316:15bf60d669e:-7fdb', 'RC73b3316:15bf60d669e:-7fdc', 'obo.facts.OboDecimalInfo.value', 'value', 'SQM', NULL, NULL, NULL, NULL, NULL, NULL, NULL, NULL, NULL, NULL, 1);
INSERT INTO `sys_rule_condition_constraint` VALUES ('RCC73b3316:15bf60d669e:-7fe6', 'RC73b3316:15bf60d669e:-7fe8', 'obo.facts.OboDecimalInfo.name', 'name', NULL, 'is any of the ff.', 'matches', NULL, NULL, NULL, NULL, NULL, NULL, '[[key:\"OTHER_BUSINESS_SIGN\",value:\"OTHER BUSINESS SIGN\"]]', NULL, 0);
INSERT INTO `sys_rule_condition_constraint` VALUES ('RCC73b3316:15bf60d669e:-7fe7', 'RC73b3316:15bf60d669e:-7fe8', 'obo.facts.OboDecimalInfo.value', 'value', 'SQM', NULL, NULL, NULL, NULL, NULL, NULL, NULL, NULL, NULL, NULL, 1);
INSERT INTO `sys_rule_condition_constraint` VALUES ('RCC73b3316:15bf60d669e:-7ff2', 'RC73b3316:15bf60d669e:-7ff4', 'obo.facts.OboDecimalInfo.name', 'name', NULL, 'is any of the ff.', 'matches', NULL, NULL, NULL, NULL, NULL, NULL, '[[key:\"ILLUMINATED_BUSINESS_SIGN\",value:\"ILLUMINATED BUSINESS SIGN\"]]', NULL, 0);
INSERT INTO `sys_rule_condition_constraint` VALUES ('RCC73b3316:15bf60d669e:-7ff3', 'RC73b3316:15bf60d669e:-7ff4', 'obo.facts.OboDecimalInfo.value', 'value', 'SQM', NULL, NULL, NULL, NULL, NULL, NULL, NULL, NULL, NULL, NULL, 1);
INSERT INTO `sys_rule_condition_constraint` VALUES ('RCONST-108b4192:15b3d234d5c:-6e04', 'RCOND-108b4192:15b3d234d5c:-6e4b', 'obo.facts.OboDecimalInfo.value', 'value', 'CUM', NULL, NULL, NULL, NULL, NULL, NULL, NULL, NULL, NULL, NULL, 1);
INSERT INTO `sys_rule_condition_constraint` VALUES ('RCONST-108b4192:15b3d234d5c:-6e3f', 'RCOND-108b4192:15b3d234d5c:-6e4b', 'obo.facts.OboDecimalInfo.name', 'name', NULL, 'is any of the ff.', 'matches', NULL, NULL, NULL, NULL, NULL, NULL, '[[key:\"PRESSURE_VESSEL\",value:\"PRESSURE VESSEL\"]]', NULL, 0);
INSERT INTO `sys_rule_condition_constraint` VALUES ('RCONST-108b4192:15b3d234d5c:-713a', 'RCOND-108b4192:15b3d234d5c:-7181', 'obo.facts.OboDecimalInfo.value', 'value', 'KW', NULL, NULL, NULL, NULL, NULL, NULL, NULL, NULL, NULL, NULL, 1);
INSERT INTO `sys_rule_condition_constraint` VALUES ('RCONST-108b4192:15b3d234d5c:-7175', 'RCOND-108b4192:15b3d234d5c:-7181', 'obo.facts.OboDecimalInfo.name', 'name', NULL, 'is any of the ff.', 'matches', NULL, NULL, NULL, NULL, NULL, NULL, '[[key:\"ENGINE_NON_LTO\",value:\"OTHER INTERNAL COMBUSTION ENGINE (CRANE, FORKLIFT,ETC)\"]]', NULL, 0);
INSERT INTO `sys_rule_condition_constraint` VALUES ('RCONST-108b4192:15b3d234d5c:-78a9', 'RCOND-108b4192:15b3d234d5c:-78f2', 'obo.facts.OboIntegerInfo.value', 'value', 'UNIT', NULL, NULL, NULL, NULL, NULL, NULL, NULL, NULL, NULL, NULL, 1);
INSERT INTO `sys_rule_condition_constraint` VALUES ('RCONST-108b4192:15b3d234d5c:-78e6', 'RCOND-108b4192:15b3d234d5c:-78f2', 'obo.facts.OboIntegerInfo.name', 'name', NULL, 'is any of the ff.', 'matches', NULL, NULL, NULL, NULL, NULL, NULL, '[[key:\"GAS_METER\",value:\"GAS METER\"]]', NULL, 0);
INSERT INTO `sys_rule_condition_constraint` VALUES ('RCONST-108b4192:15b3d234d5c:-7aea', 'RCOND-108b4192:15b3d234d5c:-7b31', 'obo.facts.OboIntegerInfo.value', 'value', 'OUTLET', NULL, NULL, NULL, NULL, NULL, NULL, NULL, NULL, NULL, NULL, 1);
INSERT INTO `sys_rule_condition_constraint` VALUES ('RCONST-108b4192:15b3d234d5c:-7b25', 'RCOND-108b4192:15b3d234d5c:-7b31', 'obo.facts.OboIntegerInfo.name', 'name', NULL, 'is any of the ff.', 'matches', NULL, NULL, NULL, NULL, NULL, NULL, '[[key:\"COMPRESSED_AIR_VACUUM\",value:\"COMPRESSED AIR VACUUM INST. OR INDUSTRIAL GAS\"]]', NULL, 0);
INSERT INTO `sys_rule_condition_constraint` VALUES ('RCONST-1250bbc5:16a4a2f1452:-7150', 'RC33115abb:15b366b9fbd:-7fa9', 'treasury.facts.BillItem.billcode', 'billcode', NULL, 'is any of the ff.', 'matches', NULL, NULL, NULL, NULL, NULL, NULL, '[[key:\"MECHANICAL_FEE\",value:\"MECHANICAL FEE\"]]', NULL, 0);
INSERT INTO `sys_rule_condition_constraint` VALUES ('RCONST-1250bbc5:16a4a2f1452:-72c0', 'RC33115abb:15b366b9fbd:-7fb1', 'treasury.facts.BillItem.billcode', 'billcode', NULL, 'is any of the ff.', 'matches', NULL, NULL, NULL, NULL, NULL, NULL, '[[key:\"MECHANICAL_FEE\",value:\"MECHANICAL FEE\"]]', NULL, 0);
INSERT INTO `sys_rule_condition_constraint` VALUES ('RCONST-1250bbc5:16a4a2f1452:-7500', 'RC33115abb:15b366b9fbd:-7fa1', 'treasury.facts.BillItem.billcode', 'billcode', NULL, 'is any of the ff.', 'matches', NULL, NULL, NULL, NULL, NULL, NULL, '[[key:\"MECHANICAL_FEE\",value:\"MECHANICAL FEE\"]]', NULL, 0);
INSERT INTO `sys_rule_condition_constraint` VALUES ('RCONST-1250bbc5:16a4a2f1452:-78b7', 'RC33115abb:15b366b9fbd:-7fc1', 'treasury.facts.BillItem.billcode', 'billcode', NULL, 'is any of the ff.', 'matches', NULL, NULL, NULL, NULL, NULL, NULL, '[[key:\"MECHANICAL_FEE\",value:\"MECHANICAL FEE\"]]', NULL, 1);
INSERT INTO `sys_rule_condition_constraint` VALUES ('RCONST-1250bbc5:16a4a2f1452:-7a08', 'RC33115abb:15b366b9fbd:-7fb9', 'treasury.facts.BillItem.billcode', 'billcode', NULL, 'is any of the ff.', 'matches', NULL, NULL, NULL, NULL, NULL, NULL, '[[key:\"MECHANICAL_FEE\",value:\"MECHANICAL FEE\"]]', NULL, 1);
INSERT INTO `sys_rule_condition_constraint` VALUES ('RCONST-130f43a2:15b805032ec:-7b4f', 'RCOND-130f43a2:15b805032ec:-7b75', 'FACTFLD-75b995c:15b18c6b9a6:-7cce', 'apptype', NULL, 'is any of the ff.', 'matches', NULL, NULL, NULL, NULL, NULL, NULL, '[\"INS\"]', NULL, 0);
INSERT INTO `sys_rule_condition_constraint` VALUES ('RCONST-181817d3:15bf4e3b890:-126e', 'RCOND-181817d3:15bf4e3b890:-12b7', 'obo.facts.OboDecimalInfo.value', 'value', 'SQM', NULL, NULL, NULL, NULL, NULL, NULL, NULL, NULL, NULL, NULL, 1);
INSERT INTO `sys_rule_condition_constraint` VALUES ('RCONST-181817d3:15bf4e3b890:-12ab', 'RCOND-181817d3:15bf4e3b890:-12b7', 'obo.facts.OboDecimalInfo.name', 'name', NULL, 'is any of the ff.', 'matches', NULL, NULL, NULL, NULL, NULL, NULL, '[[key:\"NEON_BUSINESS_SIGN\",value:\"NEON BUSINESS SIGN\"]]', NULL, 0);
INSERT INTO `sys_rule_condition_constraint` VALUES ('RCONST-181817d3:15bf4e3b890:-18d7', 'RCOND-181817d3:15bf4e3b890:-191e', 'obo.facts.OboDecimalInfo.value', 'value', 'SQM', NULL, NULL, NULL, NULL, NULL, NULL, NULL, NULL, NULL, NULL, 1);
INSERT INTO `sys_rule_condition_constraint` VALUES ('RCONST-181817d3:15bf4e3b890:-1912', 'RCOND-181817d3:15bf4e3b890:-191e', 'obo.facts.OboDecimalInfo.name', 'name', NULL, 'is any of the ff.', 'matches', NULL, NULL, NULL, NULL, NULL, NULL, '[[key:\"SIGNAGE_ERECTION_AND_ANCHORAGE_OF_DISPLAY_SURFACE\",value:\"ERECTION AND ANCHORAGE OF DISPLAY SURFACE\"]]', NULL, 0);
INSERT INTO `sys_rule_condition_constraint` VALUES ('RCONST-181817d3:15bf4e3b890:-1c52', 'RCOND-181817d3:15bf4e3b890:-1c99', 'obo.facts.OboDecimalInfo.value', 'value', 'LNM', NULL, NULL, NULL, NULL, NULL, NULL, NULL, NULL, NULL, NULL, 1);
INSERT INTO `sys_rule_condition_constraint` VALUES ('RCONST-181817d3:15bf4e3b890:-1c8d', 'RCOND-181817d3:15bf4e3b890:-1c99', 'obo.facts.OboDecimalInfo.name', 'name', NULL, 'is any of the ff.', 'matches', NULL, NULL, NULL, NULL, NULL, NULL, '[[key:\"SCAFFOLDING\",value:\"SCAFFOLDING\"]]', NULL, 0);
INSERT INTO `sys_rule_condition_constraint` VALUES ('RCONST-181817d3:15bf4e3b890:-1fcf', 'RCOND-181817d3:15bf4e3b890:-2016', 'obo.facts.OboDecimalInfo.value', 'value', 'SQM', NULL, NULL, NULL, NULL, NULL, NULL, NULL, NULL, NULL, NULL, 1);
INSERT INTO `sys_rule_condition_constraint` VALUES ('RCONST-181817d3:15bf4e3b890:-200a', 'RCOND-181817d3:15bf4e3b890:-2016', 'obo.facts.OboDecimalInfo.name', 'name', NULL, 'is any of the ff.', 'matches', NULL, NULL, NULL, NULL, NULL, NULL, '[[key:\"USE_OF_STREET_AND_SIDEWALK\",value:\"USE OF STREET AND SIDEWALKS (SQM)\"]]', NULL, 0);
INSERT INTO `sys_rule_condition_constraint` VALUES ('RCONST-181817d3:15bf4e3b890:-2083', 'RCOND-181817d3:15bf4e3b890:-20cb', 'obo.facts.OboIntegerInfo.value', 'value', 'MONTHS', NULL, NULL, NULL, NULL, NULL, NULL, NULL, NULL, NULL, NULL, 1);
INSERT INTO `sys_rule_condition_constraint` VALUES ('RCONST-181817d3:15bf4e3b890:-20be', 'RCOND-181817d3:15bf4e3b890:-20cb', 'obo.facts.OboIntegerInfo.name', 'name', NULL, 'is any of the ff.', 'matches', NULL, NULL, NULL, NULL, NULL, NULL, '[[key:\"ASK_NUM_MONTH_FOR_USE_OF_STREET\",value:\"NO. OF MONTHS\"]]', NULL, 0);
INSERT INTO `sys_rule_condition_constraint` VALUES ('RCONST-181817d3:15bf4e3b890:-214f', 'RCOND-181817d3:15bf4e3b890:-2178', 'treasury.facts.BillItem.txntype', 'txntype', NULL, 'is any of the ff.', 'matches', NULL, NULL, NULL, NULL, NULL, NULL, '[[key:\"ACCESSORY_FEE\",value:\"ACCESSORY FEE\"]]', NULL, 0);
INSERT INTO `sys_rule_condition_constraint` VALUES ('RCONST-181817d3:15bf4e3b890:-233c', 'RCOND-181817d3:15bf4e3b890:-2348', 'obo.facts.OboDecimalInfo.name', 'name', NULL, 'is any of the ff.', 'matches', NULL, NULL, NULL, NULL, NULL, NULL, '[[key:\"USE_OF_STREET_AND_SIDEWALK\",value:\"USE OF STREET AND SIDEWALKS (SQM)\"]]', NULL, 0);
INSERT INTO `sys_rule_condition_constraint` VALUES ('RCONST-181817d3:15bf4e3b890:-264b', 'RCOND-181817d3:15bf4e3b890:-2692', 'obo.facts.OboDecimalInfo.value', 'value', 'SQM', NULL, NULL, NULL, NULL, NULL, NULL, NULL, NULL, NULL, NULL, 1);
INSERT INTO `sys_rule_condition_constraint` VALUES ('RCONST-181817d3:15bf4e3b890:-2686', 'RCOND-181817d3:15bf4e3b890:-2692', 'obo.facts.OboDecimalInfo.name', 'name', NULL, 'is any of the ff.', 'matches', NULL, NULL, NULL, NULL, NULL, NULL, '[[key:\"PAVEMENT_CONSTRUCTION\",value:\"PAVEMENT CONSTRUCTION (SQM)\"]]', NULL, 0);
INSERT INTO `sys_rule_condition_constraint` VALUES ('RCONST-181817d3:15bf4e3b890:-2703', 'RCOND-181817d3:15bf4e3b890:-272c', 'treasury.facts.BillItem.txntype', 'txntype', NULL, 'is any of the ff.', 'matches', NULL, NULL, NULL, NULL, NULL, NULL, '[[key:\"ACCESSORY_FEE\",value:\"ACCESSORY FEE\"]]', NULL, 0);
INSERT INTO `sys_rule_condition_constraint` VALUES ('RCONST-181817d3:15bf4e3b890:-2bdf', 'RCOND-181817d3:15bf4e3b890:-2c28', 'obo.facts.OboDecimalInfo.value', 'value', 'LNM', NULL, NULL, NULL, NULL, NULL, NULL, NULL, NULL, NULL, NULL, 1);
INSERT INTO `sys_rule_condition_constraint` VALUES ('RCONST-181817d3:15bf4e3b890:-2c1c', 'RCOND-181817d3:15bf4e3b890:-2c28', 'obo.facts.OboDecimalInfo.name', 'name', NULL, 'is any of the ff.', 'matches', NULL, NULL, NULL, NULL, NULL, NULL, '[[key:\"FENCE_MADE_OF_MASONRY_METAL_UPTO_1_8_M\",value:\"FENCE MADE OF MASONRY OR METAL UP TO 1.8 METER IN HEIGHT\"]]', NULL, 0);
INSERT INTO `sys_rule_condition_constraint` VALUES ('RCONST-181817d3:15bf4e3b890:-32fb', 'RCOND-181817d3:15bf4e3b890:-3344', 'obo.facts.OboDecimalInfo.value', 'value', 'CUM', NULL, NULL, NULL, NULL, NULL, NULL, NULL, NULL, NULL, NULL, 1);
INSERT INTO `sys_rule_condition_constraint` VALUES ('RCONST-181817d3:15bf4e3b890:-3338', 'RCOND-181817d3:15bf4e3b890:-3344', 'obo.facts.OboDecimalInfo.name', 'name', NULL, 'is any of the ff.', 'matches', NULL, NULL, NULL, NULL, NULL, NULL, '[[key:\"EXCAVATION_NON_BASEMENT\",value:\"EXCAVATION OTHER THAN FOUNDATION OR BASEMENT\"]]', NULL, 0);
INSERT INTO `sys_rule_condition_constraint` VALUES ('RCONST-181817d3:15bf4e3b890:-38a0', 'RCOND-181817d3:15bf4e3b890:-38e9', 'obo.facts.OboDecimalInfo.value', 'value', 'METER', NULL, NULL, NULL, NULL, NULL, NULL, NULL, NULL, NULL, NULL, 1);
INSERT INTO `sys_rule_condition_constraint` VALUES ('RCONST-181817d3:15bf4e3b890:-38dd', 'RCOND-181817d3:15bf4e3b890:-38e9', 'obo.facts.OboDecimalInfo.name', 'name', NULL, 'is any of the ff.', 'matches', NULL, NULL, NULL, NULL, NULL, NULL, '[[key:\"LINE_AND_GRADE\",value:\"LINE AND GRADE (M)\"]]', NULL, 0);
INSERT INTO `sys_rule_condition_constraint` VALUES ('RCONST-181817d3:15bf4e3b890:-3a6e', 'RCOND-181817d3:15bf4e3b890:-3a97', 'treasury.facts.BillItem.txntype', 'txntype', NULL, 'is any of the ff.', 'matches', NULL, NULL, NULL, NULL, NULL, NULL, '[[key:\"ACCESSORY_FEE\",value:\"ACCESSORY FEE\"]]', NULL, 0);
INSERT INTO `sys_rule_condition_constraint` VALUES ('RCONST-181817d3:15bf4e3b890:-40a3', 'RC1cbabe6f:15bf507af61:-7fef', 'FACTFLD-75b995c:15b18c6b9a6:-7b80', 'classificationid', NULL, 'is any of the ff.', 'matches', NULL, NULL, NULL, NULL, NULL, NULL, '[[key:\"COM\",value:\"COM\"],[key:\"IND\",value:\"IND\"]]', NULL, 0);
INSERT INTO `sys_rule_condition_constraint` VALUES ('RCONST-181817d3:15bf4e3b890:-6476', 'RCOND-181817d3:15bf4e3b890:-6499', 'FACTFLD-75b995c:15b18c6b9a6:-7b80', 'classificationid', NULL, 'is any of the ff.', 'matches', NULL, NULL, NULL, NULL, NULL, NULL, '[[key:\"IND\",value:\"IND\"]]', NULL, 0);
INSERT INTO `sys_rule_condition_constraint` VALUES ('RCONST-181817d3:15bf4e3b890:-6957', 'RC-4dbf9d19:15bf4e01a24:-7fcc', 'FACTFLD-75b995c:15b18c6b9a6:-7c81', 'worktype', NULL, 'not exist in', 'not matches', NULL, NULL, NULL, NULL, NULL, NULL, '[\"NEW\"]', NULL, 0);
INSERT INTO `sys_rule_condition_constraint` VALUES ('RCONST-181817d3:15bf4e3b890:-6a28', 'RC-4dbf9d19:15bf4e01a24:-7fd9', 'FACTFLD-75b995c:15b18c6b9a6:-7c81', 'worktype', NULL, 'is any of the ff.', 'matches', NULL, NULL, NULL, NULL, NULL, NULL, '[\"NEW\"]', NULL, 0);
INSERT INTO `sys_rule_condition_constraint` VALUES ('RCONST-181817d3:15bf4e3b890:-6e06', 'RC-4dbf9d19:15bf4e01a24:-7fe4', 'FACTFLD-75b995c:15b18c6b9a6:-7c81', 'worktype', NULL, 'not exist in', 'not matches', NULL, NULL, NULL, NULL, NULL, NULL, '[\"NEW\"]', NULL, 0);
INSERT INTO `sys_rule_condition_constraint` VALUES ('RCONST-181817d3:15bf4e3b890:-6ed7', 'RC-4dbf9d19:15bf4e01a24:-7ff1', 'FACTFLD-75b995c:15b18c6b9a6:-7c81', 'worktype', NULL, 'is any of the ff.', 'matches', NULL, NULL, NULL, NULL, NULL, NULL, '[\"NEW\"]', NULL, 0);
INSERT INTO `sys_rule_condition_constraint` VALUES ('RCONST-2107f04d:16d283269b3:-7560', 'RCOND55d9e7c7:16a3522d159:-6f32', 'treasury.facts.BillItem.billcode', 'billcode', NULL, 'is any of the ff.', 'matches', NULL, NULL, NULL, NULL, NULL, NULL, '[[key:\"FIRE_CONS_TAX\",value:\"FIRE CODE CONTRUCTION TAX\"]]', NULL, 0);
INSERT INTO `sys_rule_condition_constraint` VALUES ('RCONST-24f6e11b:15b6c092725:-5336', 'RCOND-497dd1bf:15b6a2553bf:-77f2', 'treasury.facts.BillItem.txntype', 'txntype', NULL, 'is any of the ff.', 'matches', NULL, NULL, NULL, NULL, NULL, NULL, '[[key:\"BLDG_ACCESSORY\",value:\"BLDG ACCESSORY FEE\"]]', NULL, 0);
INSERT INTO `sys_rule_condition_constraint` VALUES ('RCONST-24f6e11b:15b6c092725:-5450', 'RCOND51c2b1c4:15b69a42d57:-779f', 'treasury.facts.BillItem.txntype', 'txntype', NULL, 'is any of the ff.', 'matches', NULL, NULL, NULL, NULL, NULL, NULL, '[[key:\"BLDG_ACCESSORY\",value:\"BLDG ACCESSORY FEE\"]]', NULL, 0);
INSERT INTO `sys_rule_condition_constraint` VALUES ('RCONST-29595738:16a4fbe79ee:-7c95', 'RC-37d558f5:16a4fd0d79e:-7fbc', 'obo.facts.OccupancyType.group', 'group', NULL, 'is any of the ff.', 'matches', NULL, NULL, NULL, NULL, NULL, NULL, '[[key:\"D\",value:\"D\"]]', NULL, 1);
INSERT INTO `sys_rule_condition_constraint` VALUES ('RCONST-2a4f39d0:16e35fe5e74:-7a99', 'RC-694f0728:16e35852ae8:-7edb', 'obo.facts.BuildingApplication.zoneclass', 'zoneclass', NULL, 'is any of the ff.', 'matches', NULL, NULL, NULL, NULL, NULL, NULL, '[[key:\"R2\",value:\"MEDIUM DENSITY RESIDENTIAL USE\"]]', NULL, 1);
INSERT INTO `sys_rule_condition_constraint` VALUES ('RCONST-2fbca757:15bf25c4add:-6694', 'RCOND-2fbca757:15bf25c4add:-6723', 'obo.facts.OboDecimalInfo.value', 'value', 'AREA', NULL, NULL, NULL, NULL, NULL, NULL, NULL, NULL, NULL, NULL, 1);
INSERT INTO `sys_rule_condition_constraint` VALUES ('RCONST-2fbca757:15bf25c4add:-6716', 'RCOND-2fbca757:15bf25c4add:-6723', 'obo.facts.OboDecimalInfo.name', 'name', NULL, 'is any of the ff.', 'matches', NULL, NULL, NULL, NULL, NULL, NULL, '[[key:\"GARAGE\",value:\"GARAGE (AREA SQM)\"],[key:\"BALCONY_TERRACES_LANAI\",value:\"BALCONY TERRACES LANAI (AREA SQM)\"]]', NULL, 0);
INSERT INTO `sys_rule_condition_constraint` VALUES ('RCONST-2fbca757:15bf25c4add:-68bf', 'RCOND-2fbca757:15bf25c4add:-6932', 'obo.facts.OboDecimalInfo.value', 'value', 'AREA', NULL, NULL, NULL, NULL, NULL, NULL, NULL, NULL, NULL, NULL, 1);
INSERT INTO `sys_rule_condition_constraint` VALUES ('RCONST-2fbca757:15bf25c4add:-6925', 'RCOND-2fbca757:15bf25c4add:-6932', 'obo.facts.OboDecimalInfo.name', 'name', NULL, 'is any of the ff.', 'matches', NULL, NULL, NULL, NULL, NULL, NULL, '[[key:\"GARAGE\",value:\"GARAGE (AREA SQM)\"],[key:\"BALCONY_TERRACES_LANAI\",value:\"BALCONY TERRACES LANAI (AREA SQM)\"]]', NULL, 0);
INSERT INTO `sys_rule_condition_constraint` VALUES ('RCONST-2fbca757:15bf25c4add:-75fc', 'RCOND-2fbca757:15bf25c4add:-7625', 'treasury.facts.BillItem.txntype', 'txntype', NULL, 'is any of the ff.', 'matches', NULL, NULL, NULL, NULL, NULL, NULL, '[[key:\"BLDG_ACCESSORY\",value:\"BLDG ACCESSORY FEE\"]]', NULL, 0);
INSERT INTO `sys_rule_condition_constraint` VALUES ('RCONST-2fbca757:15bf25c4add:-76e6', 'RCOND-2fbca757:15bf25c4add:-770f', 'treasury.facts.BillItem.txntype', 'txntype', NULL, 'is any of the ff.', 'matches', NULL, NULL, NULL, NULL, NULL, NULL, '[[key:\"BLDG_ACCESSORY\",value:\"BLDG ACCESSORY FEE\"]]', NULL, 0);
INSERT INTO `sys_rule_condition_constraint` VALUES ('RCONST-301ccfbb:16a4e3ad539:-4e1d', 'RC-d96c4a7:15bf6365df9:-7fe8', 'treasury.facts.BillItem.billcode', 'billcode', NULL, 'is any of the ff.', 'matches', NULL, NULL, NULL, NULL, NULL, NULL, '[[key:\"ACCESSORY_FEE\",value:\"ACCESSORY FEE\"]]', NULL, 0);
INSERT INTO `sys_rule_condition_constraint` VALUES ('RCONST-301ccfbb:16a4e3ad539:-4f8d', 'RC73b3316:15bf60d669e:-7fd6', 'treasury.facts.BillItem.billcode', 'billcode', NULL, 'is any of the ff.', 'matches', NULL, NULL, NULL, NULL, NULL, NULL, '[[key:\"ACCESSORY_FEE\",value:\"ACCESSORY FEE\"]]', NULL, 0);
INSERT INTO `sys_rule_condition_constraint` VALUES ('RCONST-301ccfbb:16a4e3ad539:-510b', 'RC73b3316:15bf60d669e:-7f9a', 'treasury.facts.BillItem.billcode', 'billcode', NULL, 'is any of the ff.', 'matches', NULL, NULL, NULL, NULL, NULL, NULL, '[[key:\"ACCESSORY_FEE\",value:\"ACCESSORY FEE\"]]', NULL, 0);
INSERT INTO `sys_rule_condition_constraint` VALUES ('RCONST-301ccfbb:16a4e3ad539:-5287', 'RC73b3316:15bf60d669e:-7fe2', 'treasury.facts.BillItem.billcode', 'billcode', NULL, 'is any of the ff.', 'matches', NULL, NULL, NULL, NULL, NULL, NULL, '[[key:\"ACCESSORY_FEE\",value:\"ACCESSORY FEE\"]]', NULL, 0);
INSERT INTO `sys_rule_condition_constraint` VALUES ('RCONST-301ccfbb:16a4e3ad539:-55b6', 'RC73b3316:15bf60d669e:-7fc4', 'treasury.facts.BillItem.billcode', 'billcode', NULL, 'is any of the ff.', 'matches', NULL, NULL, NULL, NULL, NULL, NULL, '[[key:\"ACCESSORY_FEE\",value:\"ACCESSORY FEE\"]]', NULL, 0);
INSERT INTO `sys_rule_condition_constraint` VALUES ('RCONST-301ccfbb:16a4e3ad539:-5730', 'RC73b3316:15bf60d669e:-7fee', 'treasury.facts.BillItem.billcode', 'billcode', NULL, 'is any of the ff.', 'matches', NULL, NULL, NULL, NULL, NULL, NULL, '[[key:\"ACCESSORY_FEE\",value:\"ACCESSORY FEE\"]]', NULL, 0);
INSERT INTO `sys_rule_condition_constraint` VALUES ('RCONST-301ccfbb:16a4e3ad539:-58ed', 'RC73b3316:15bf60d669e:-7f94', 'treasury.facts.BillItem.billcode', 'billcode', NULL, 'is any of the ff.', 'matches', NULL, NULL, NULL, NULL, NULL, NULL, '[[key:\"ACCESSORY_FEE\",value:\"ACCESSORY FEE\"]]', NULL, 1);
INSERT INTO `sys_rule_condition_constraint` VALUES ('RCONST-301ccfbb:16a4e3ad539:-5afa', 'RCOND-181817d3:15bf4e3b890:-147b', 'treasury.facts.BillItem.billcode', 'billcode', NULL, 'is any of the ff.', 'matches', NULL, NULL, NULL, NULL, NULL, NULL, '[[key:\"ACCESSORY_FEE\",value:\"ACCESSORY FEE\"]]', NULL, 1);
INSERT INTO `sys_rule_condition_constraint` VALUES ('RCONST-301ccfbb:16a4e3ad539:-63e4', 'RCOND-181817d3:15bf4e3b890:-19c4', 'treasury.facts.BillItem.billcode', 'billcode', NULL, 'is any of the ff.', 'matches', NULL, NULL, NULL, NULL, NULL, NULL, '[[key:\"ACCESSORY_FEE\",value:\"ACCESSORY FEE\"]]', NULL, 1);
INSERT INTO `sys_rule_condition_constraint` VALUES ('RCONST-301ccfbb:16a4e3ad539:-67d1', 'RC1cbabe6f:15bf507af61:-7fcc', 'treasury.facts.BillItem.billcode', 'billcode', NULL, 'is any of the ff.', 'matches', NULL, NULL, NULL, NULL, NULL, NULL, '[[key:\"ACCESSORY_FEE\",value:\"ACCESSORY FEE\"]]', NULL, 0);
INSERT INTO `sys_rule_condition_constraint` VALUES ('RCONST-301ccfbb:16a4e3ad539:-698e', 'RC1cbabe6f:15bf507af61:-7fd2', 'treasury.facts.BillItem.billcode', 'billcode', NULL, 'is any of the ff.', 'matches', NULL, NULL, NULL, NULL, NULL, NULL, '[[key:\"ACCESSORY_FEE\",value:\"ACCESSORY FEE\"]]', NULL, 1);
INSERT INTO `sys_rule_condition_constraint` VALUES ('RCONST-301ccfbb:16a4e3ad539:-6af5', 'RCOND-181817d3:15bf4e3b890:-2cb9', 'treasury.facts.BillItem.billcode', 'billcode', NULL, 'is any of the ff.', 'matches', NULL, NULL, NULL, NULL, NULL, NULL, '[[key:\"ACCESSORY_FEE\",value:\"ACCESSORY FEE\"]]', NULL, 0);
INSERT INTO `sys_rule_condition_constraint` VALUES ('RCONST-301ccfbb:16a4e3ad539:-74e2', 'RCOND-181817d3:15bf4e3b890:-3260', 'treasury.facts.BillItem.billcode', 'billcode', NULL, 'is any of the ff.', 'matches', NULL, NULL, NULL, NULL, NULL, NULL, '[[key:\"ACCESSORY_FEE\",value:\"ACCESSORY FEE\"]]', NULL, 1);
INSERT INTO `sys_rule_condition_constraint` VALUES ('RCONST-301ccfbb:16a4e3ad539:-76de', 'RC1cbabe6f:15bf507af61:-7fdb', 'treasury.facts.BillItem.billcode', 'billcode', NULL, 'is any of the ff.', 'matches', NULL, NULL, NULL, NULL, NULL, NULL, '[[key:\"ACCESSORY_FEE\",value:\"ACCESSORY FEE\"]]', NULL, 0);
INSERT INTO `sys_rule_condition_constraint` VALUES ('RCONST-301ccfbb:16a4e3ad539:-7996', 'RC1cbabe6f:15bf507af61:-7fe7', 'treasury.facts.BillItem.billcode', 'billcode', NULL, 'is any of the ff.', 'matches', NULL, NULL, NULL, NULL, NULL, NULL, '[[key:\"ACCESSORY_FEE\",value:\"ACCESSORY FEE\"]]', NULL, 0);
INSERT INTO `sys_rule_condition_constraint` VALUES ('RCONST-301ccfbb:16a4e3ad539:-7b2f', 'RC-39c9f5f6:16a4e3b1db2:-7fa0', 'treasury.facts.BillItem.billcode', 'billcode', NULL, 'is any of the ff.', 'matches', NULL, NULL, NULL, NULL, NULL, NULL, '[[key:\"ACCESSORY_FEE\",value:\"ACCESSORY FEE\"]]', NULL, 0);
INSERT INTO `sys_rule_condition_constraint` VALUES ('RCONST-31b6d01f:16a47e1bc4e:-6191', 'RCOND1fc2e40d:169eb7a6037:-6474', 'obo.facts.BuildingApplication.worktype', 'worktype', NULL, 'is any of the ff.', 'matches', NULL, NULL, NULL, NULL, NULL, NULL, '[[key:\"ORIGINAL\",value:\"ORIGINAL\"]]', NULL, 1);
INSERT INTO `sys_rule_condition_constraint` VALUES ('RCONST-31b6d01f:16a47e1bc4e:-6cb9', 'RCOND1fc2e40d:169eb7a6037:-5f53', 'obo.facts.BuildingApplication.worktype', 'worktype', NULL, 'is any of the ff.', 'matches', NULL, NULL, NULL, NULL, NULL, NULL, '[[key:\"ORIGINAL\",value:\"ORIGINAL\"]]', NULL, 1);
INSERT INTO `sys_rule_condition_constraint` VALUES ('RCONST-31b6d01f:16a47e1bc4e:-6e65', 'RCOND-685b3759:16a2fd8270e:-76bd', 'obo.facts.BuildingApplication.worktype', 'worktype', NULL, 'is any of the ff.', 'matches', NULL, NULL, NULL, NULL, NULL, NULL, '[[key:\"ADDITION\",value:\"ADDITION\"],[key:\"RENOVATION\",value:\"RENOVATION\"],[key:\"ALTERATION\",value:\"ALTERATION\"]]', NULL, 1);
INSERT INTO `sys_rule_condition_constraint` VALUES ('RCONST-31b6d01f:16a47e1bc4e:-7154', 'RCOND-685b3759:16a2fd8270e:-796b', 'obo.facts.BuildingApplication.worktype', 'worktype', NULL, 'is any of the ff.', 'matches', NULL, NULL, NULL, NULL, NULL, NULL, '[[key:\"ADDITION\",value:\"ADDITION\"],[key:\"RENOVATION\",value:\"RENOVATION\"],[key:\"ALTERATION\",value:\"ALTERATION\"]]', NULL, 1);
INSERT INTO `sys_rule_condition_constraint` VALUES ('RCONST-3e1b1387:169e65ec32c:-7d95', 'RCOND-3e1b1387:169e65ec32c:-7db0', 'obo.facts.OccupancyType.group', 'group', NULL, 'is any of the ff.', 'matches', NULL, NULL, NULL, NULL, NULL, NULL, '[[key:\"A\",value:\"A\"],[key:\"B\",value:\"B\"],[key:\"C\",value:\"C\"],[key:\"D\",value:\"D\"],[key:\"E\",value:\"E\"],[key:\"G\",value:\"G\"],[key:\"H\",value:\"H\"],[key:\"I\",value:\"I\"]]', NULL, 0);
INSERT INTO `sys_rule_condition_constraint` VALUES ('RCONST-4267ff2c:16a444aba70:-589b', 'RCOND-4267ff2c:16a444aba70:-592c', 'obo.facts.BuildingApplication.height', 'height', 'HEIGHT', 'greater than', '>', NULL, NULL, NULL, 8.00, NULL, NULL, NULL, NULL, 1);
INSERT INTO `sys_rule_condition_constraint` VALUES ('RCONST-4267ff2c:16a444aba70:-58f0', 'RCOND-4267ff2c:16a444aba70:-592c', 'obo.facts.BuildingApplication.floorarea', 'floorarea', 'AREA', NULL, NULL, NULL, NULL, NULL, NULL, NULL, NULL, NULL, NULL, 0);
INSERT INTO `sys_rule_condition_constraint` VALUES ('RCONST-4267ff2c:16a444aba70:-5f34', 'RC-3394437b:16a4396e5cb:-7b36', 'obo.facts.OboDecimalInfo.value', 'value', 'CUM', NULL, NULL, NULL, NULL, NULL, NULL, NULL, NULL, NULL, NULL, 2);
INSERT INTO `sys_rule_condition_constraint` VALUES ('RCONST-4267ff2c:16a444aba70:-613c', 'RC-3394437b:16a4396e5cb:-7b29', 'obo.facts.OboDecimalInfo.value', 'value', 'CUM', NULL, NULL, NULL, NULL, NULL, NULL, NULL, NULL, NULL, NULL, 2);
INSERT INTO `sys_rule_condition_constraint` VALUES ('RCONST-4267ff2c:16a444aba70:-6b9e', 'RCOND-4267ff2c:16a444aba70:-6bde', 'treasury.facts.BillItem.billcode', 'billcode', NULL, 'is any of the ff.', 'matches', NULL, NULL, NULL, NULL, NULL, NULL, '[[key:\"ACCESSORY_STRUCTURE_FEE\",value:\"ACCESSORY STRUCTURE FEE\"]]', NULL, 0);
INSERT INTO `sys_rule_condition_constraint` VALUES ('RCONST-4267ff2c:16a444aba70:-6c60', 'RCOND-4267ff2c:16a444aba70:-6cd2', 'obo.facts.OboDecimalInfo.value', 'value', 'SQM', NULL, NULL, NULL, NULL, NULL, NULL, NULL, NULL, NULL, NULL, 1);
INSERT INTO `sys_rule_condition_constraint` VALUES ('RCONST-4267ff2c:16a444aba70:-6cb6', 'RCOND-4267ff2c:16a444aba70:-6cd2', 'obo.facts.OboDecimalInfo.name', 'name', NULL, 'is any of the ff.', 'matches', NULL, NULL, NULL, NULL, NULL, NULL, '[[key:\"TOMB\",value:\"TOMB\"],[key:\"SEMI_ENCLOSED_MAUSOLEUM\",value:\"SEMI-ENCLOSED MAUSOLEUM\"]]', NULL, 0);
INSERT INTO `sys_rule_condition_constraint` VALUES ('RCONST-4267ff2c:16a444aba70:-6e09', 'RCOND-4267ff2c:16a444aba70:-6eb7', 'obo.facts.OboDecimalInfo.value', 'value', 'CUM', NULL, NULL, NULL, NULL, NULL, NULL, NULL, NULL, NULL, NULL, 1);
INSERT INTO `sys_rule_condition_constraint` VALUES ('RCONST-4267ff2c:16a444aba70:-6e58', 'RCOND-4267ff2c:16a444aba70:-6eb7', 'obo.facts.OboDecimalInfo.name', 'name', NULL, 'is any of the ff.', 'matches', NULL, NULL, NULL, NULL, NULL, NULL, '[[key:\"WATER_AND_WASTE_WATER_TREATMENT_TANK\",value:\"WATER AND WASTE WATER TREATMENT TANK\"]]', NULL, 0);
INSERT INTO `sys_rule_condition_constraint` VALUES ('RCONST-4267ff2c:16a444aba70:-70e9', 'RCOND-4267ff2c:16a444aba70:-7151', 'obo.facts.OboIntegerInfo.value', 'value', 'UNIT', NULL, NULL, NULL, NULL, NULL, NULL, NULL, NULL, NULL, NULL, 1);
INSERT INTO `sys_rule_condition_constraint` VALUES ('RCONST-4267ff2c:16a444aba70:-7135', 'RCOND-4267ff2c:16a444aba70:-7151', 'obo.facts.OboIntegerInfo.name', 'name', NULL, 'is any of the ff.', 'matches', NULL, NULL, NULL, NULL, NULL, NULL, '[[key:\"SWIMMING_POOL_SHOWER_LOCKER_ROOM\",value:\"SWIMMING POOL SHOWER/LOCKER ROOM\"]]', NULL, 0);
INSERT INTO `sys_rule_condition_constraint` VALUES ('RCONST-497dd1bf:15b6a2553bf:-771c', 'RCOND-497dd1bf:15b6a2553bf:-7763', 'obo.facts.OboDecimalInfo.value', 'value', 'CUM', NULL, NULL, NULL, NULL, NULL, NULL, NULL, NULL, NULL, NULL, 1);
INSERT INTO `sys_rule_condition_constraint` VALUES ('RCONST-497dd1bf:15b6a2553bf:-7757', 'RCOND-497dd1bf:15b6a2553bf:-7763', 'obo.facts.OboDecimalInfo.name', 'name', NULL, 'is any of the ff.', 'matches', NULL, NULL, NULL, NULL, NULL, NULL, '[[key:\"BANK_AND_RECORD_VAULT\",value:\"BANK AND RECORD VAULTS (cuM)\"]]', NULL, 0);
INSERT INTO `sys_rule_condition_constraint` VALUES ('RCONST-497dd1bf:15b6a2553bf:-7912', 'RCOND-497dd1bf:15b6a2553bf:-794e', 'FACTFLD-75b995c:15b18c6b9a6:-7c07', 'height', NULL, 'greater than', '>', NULL, NULL, NULL, 8.00, NULL, NULL, NULL, NULL, 0);
INSERT INTO `sys_rule_condition_constraint` VALUES ('RCONST-50300c99:15b7626649d:-4574', 'RCOND-50300c99:15b7626649d:-460b', 'treasury.facts.BillItem.amount', 'amount', 'AMT', NULL, NULL, NULL, NULL, NULL, NULL, NULL, NULL, NULL, NULL, 1);
INSERT INTO `sys_rule_condition_constraint` VALUES ('RCONST-50300c99:15b7626649d:-45cb', 'RCOND-50300c99:15b7626649d:-460b', 'treasury.facts.BillItem.txntype', 'txntype', NULL, 'is any of the ff.', 'matches', NULL, NULL, NULL, NULL, NULL, NULL, '[[key:\"ELECTRICAL\",value:\"ELECTRICAL FEE\"]]', NULL, 0);
INSERT INTO `sys_rule_condition_constraint` VALUES ('RCONST-50300c99:15b7626649d:-4c5d', 'RCOND-50300c99:15b7626649d:-4ca4', 'obo.facts.OboIntegerInfo.value', 'value', 'UNIT', NULL, NULL, NULL, NULL, NULL, NULL, NULL, NULL, NULL, NULL, 1);
INSERT INTO `sys_rule_condition_constraint` VALUES ('RCONST-50300c99:15b7626649d:-4c98', 'RCOND-50300c99:15b7626649d:-4ca4', 'obo.facts.OboIntegerInfo.name', 'name', NULL, 'is any of the ff.', 'matches', NULL, NULL, NULL, NULL, NULL, NULL, '[[key:\"PLUMBING_INSTALLATION_UNIT\",value:\"PLUMBING INSTALLATION UNIT\"]]', NULL, 0);
INSERT INTO `sys_rule_condition_constraint` VALUES ('RCONST-50300c99:15b7626649d:-5197', 'RCOND-50300c99:15b7626649d:-51c5', 'FACTFLD-75b995c:15b18c6b9a6:-7b80', 'classificationid', NULL, 'is any of the ff.', 'matches', NULL, NULL, NULL, NULL, NULL, NULL, '[[key:\"COM\",value:\"COM\"],[key:\"IND\",value:\"IND\"]]', NULL, 0);
INSERT INTO `sys_rule_condition_constraint` VALUES ('RCONST-50300c99:15b7626649d:-559f', 'RCOND-50300c99:15b7626649d:-55e9', 'obo.facts.OboIntegerInfo.value', 'value', 'UNIT', NULL, NULL, NULL, NULL, NULL, NULL, NULL, NULL, NULL, NULL, 1);
INSERT INTO `sys_rule_condition_constraint` VALUES ('RCONST-50300c99:15b7626649d:-55dc', 'RCOND-50300c99:15b7626649d:-55e9', 'obo.facts.OboIntegerInfo.name', 'name', NULL, 'is any of the ff.', 'matches', NULL, NULL, NULL, NULL, NULL, NULL, '[[key:\"INSPECTION_OF_KNOCK_DOWN_TEMP_TYPE\",value:\"INSPECTION OF KNOCK DOWN TEMPORARY TYPE (UNIT)\"]]', NULL, 0);
INSERT INTO `sys_rule_condition_constraint` VALUES ('RCONST-50300c99:15b7626649d:-58e2', 'RCOND-50300c99:15b7626649d:-592b', 'obo.facts.OboDecimalInfo.value', 'value', 'SQM', NULL, NULL, NULL, NULL, NULL, NULL, NULL, NULL, NULL, NULL, 1);
INSERT INTO `sys_rule_condition_constraint` VALUES ('RCONST-50300c99:15b7626649d:-591f', 'RCOND-50300c99:15b7626649d:-592b', 'obo.facts.OboDecimalInfo.name', 'name', NULL, 'is any of the ff.', 'matches', NULL, NULL, NULL, NULL, NULL, NULL, '[[key:\"BOOTH_KIOSK_PLATFORM_STAGES_TEMP\",value:\"BOOTH, KIOSK AND PLATFORM STAGES - TEMPORARY (SQM)\"]]', NULL, 0);
INSERT INTO `sys_rule_condition_constraint` VALUES ('RCONST-50300c99:15b7626649d:-5993', 'RCOND-50300c99:15b7626649d:-59b5', 'treasury.facts.BillItem.txntype', 'txntype', NULL, 'is any of the ff.', 'matches', NULL, NULL, NULL, NULL, NULL, NULL, '[[key:\"BLDG_ACCESSORY\",value:\"BLDG ACCESSORY FEE\"]]', NULL, 0);
INSERT INTO `sys_rule_condition_constraint` VALUES ('RCONST-50300c99:15b7626649d:-623a', 'RCOND-50300c99:15b7626649d:-6283', 'obo.facts.OboDecimalInfo.value', 'value', 'SQM', NULL, NULL, NULL, NULL, NULL, NULL, NULL, NULL, NULL, NULL, 1);
INSERT INTO `sys_rule_condition_constraint` VALUES ('RCONST-50300c99:15b7626649d:-6277', 'RCOND-50300c99:15b7626649d:-6283', 'obo.facts.OboDecimalInfo.name', 'name', NULL, 'is any of the ff.', 'matches', NULL, NULL, NULL, NULL, NULL, NULL, '[[key:\"TOMBS\",value:\"TOMBS (SQM)\"]]', NULL, 0);
INSERT INTO `sys_rule_condition_constraint` VALUES ('RCONST-50300c99:15b7626649d:-6c83', 'RC28a83f44:15b74c946cb:-7f8b', 'FACTFLD-75b995c:15b18c6b9a6:-7b80', 'classificationid', NULL, 'is any of the ff.', 'matches', NULL, NULL, NULL, NULL, NULL, NULL, '[[key:\"COM\",value:\"COM\"],[key:\"IND\",value:\"IND\"]]', NULL, 0);
INSERT INTO `sys_rule_condition_constraint` VALUES ('RCONST-50300c99:15b7626649d:-70c7', 'RCOND-50300c99:15b7626649d:-70ec', 'FACTFLD-75b995c:15b18c6b9a6:-7b5f', 'groupid', NULL, 'is any of the ff.', 'matches', NULL, NULL, NULL, NULL, NULL, NULL, '[[key:\"A\",value:\"A\"],[key:\"B\",value:\"B\"]]', NULL, 0);
INSERT INTO `sys_rule_condition_constraint` VALUES ('RCONST-50300c99:15b7626649d:-730b', 'RCOND-50300c99:15b7626649d:-7355', 'obo.facts.OboDecimalInfo.value', 'value', 'CUM', NULL, NULL, NULL, NULL, NULL, NULL, NULL, NULL, NULL, NULL, 1);
INSERT INTO `sys_rule_condition_constraint` VALUES ('RCONST-50300c99:15b7626649d:-7348', 'RCOND-50300c99:15b7626649d:-7355', 'obo.facts.OboDecimalInfo.name', 'name', NULL, 'is any of the ff.', 'matches', NULL, NULL, NULL, NULL, NULL, NULL, '[[key:\"REINFORCED_CONCRETE_OR_STEEL_TANK_ABOVE_GROUND\",value:\"REINFORCED CONCRETE OR STEEL TANK ABOVE GROUND (cuM)\"]]', NULL, 0);
INSERT INTO `sys_rule_condition_constraint` VALUES ('RCONST-50300c99:15b7626649d:-73ca', 'RCOND-50300c99:15b7626649d:-73ec', 'treasury.facts.BillItem.txntype', 'txntype', NULL, 'is any of the ff.', 'matches', NULL, NULL, NULL, NULL, NULL, NULL, '[[key:\"BLDG_ACCESSORY\",value:\"BLDG ACCESSORY FEE\"]]', NULL, 0);
INSERT INTO `sys_rule_condition_constraint` VALUES ('RCONST-50300c99:15b7626649d:-7601', 'RCOND-50300c99:15b7626649d:-7649', 'obo.facts.OboDecimalInfo.value', 'value', 'CUM', NULL, NULL, NULL, NULL, NULL, NULL, NULL, NULL, NULL, NULL, 1);
INSERT INTO `sys_rule_condition_constraint` VALUES ('RCONST-50300c99:15b7626649d:-763c', 'RCOND-50300c99:15b7626649d:-7649', 'obo.facts.OboDecimalInfo.name', 'name', NULL, 'is any of the ff.', 'matches', NULL, NULL, NULL, NULL, NULL, NULL, '[[key:\"KILN_FURNACE\",value:\"KILN / FURNACE (cuM)\"]]', NULL, 0);
INSERT INTO `sys_rule_condition_constraint` VALUES ('RCONST-50300c99:15b7626649d:-7737', 'RCOND-50300c99:15b7626649d:-7759', 'treasury.facts.BillItem.txntype', 'txntype', NULL, 'is any of the ff.', 'matches', NULL, NULL, NULL, NULL, NULL, NULL, '[[key:\"BLDG_ACCESSORY\",value:\"BLDG ACCESSORY FEE\"]]', NULL, 0);
INSERT INTO `sys_rule_condition_constraint` VALUES ('RCONST-50300c99:15b7626649d:-7b32', 'RCOND-50300c99:15b7626649d:-7b79', 'obo.facts.OboIntegerInfo.value', 'value', 'UNIT', NULL, NULL, NULL, NULL, NULL, NULL, NULL, NULL, NULL, NULL, 1);
INSERT INTO `sys_rule_condition_constraint` VALUES ('RCONST-50300c99:15b7626649d:-7b6d', 'RCOND-50300c99:15b7626649d:-7b79', 'obo.facts.OboIntegerInfo.name', 'name', NULL, 'is any of the ff.', 'matches', NULL, NULL, NULL, NULL, NULL, NULL, '[[key:\"SHOWER_LOCKER_ROOM\",value:\"SHOWER/LOCKER ROOMS (UNIT)\"]]', NULL, 0);
INSERT INTO `sys_rule_condition_constraint` VALUES ('RCONST-50300c99:15b7626649d:-7d6b', 'RCOND-50300c99:15b7626649d:-7d8d', 'treasury.facts.BillItem.txntype', 'txntype', NULL, 'is any of the ff.', 'matches', NULL, NULL, NULL, NULL, NULL, NULL, '[[key:\"BLDG_ACCESSORY\",value:\"BLDG ACCESSORY FEE\"]]', NULL, 0);
INSERT INTO `sys_rule_condition_constraint` VALUES ('RCONST-50300c99:15b7626649d:-7e04', 'RCOND-50300c99:15b7626649d:-7e29', 'FACTFLD-75b995c:15b18c6b9a6:-7b5f', 'groupid', NULL, 'is any of the ff.', 'matches', NULL, NULL, NULL, NULL, NULL, NULL, '[[key:\"A\",value:\"A\"]]', NULL, 0);
INSERT INTO `sys_rule_condition_constraint` VALUES ('RCONST-5b80e99d:16e35dd32fa:-7c83', 'RCOND-5b80e99d:16e35dd32fa:-7c93', 'obo.facts.BuildingPermitSection.name', 'name', NULL, 'is any of the ff.', 'matches', NULL, NULL, NULL, NULL, NULL, NULL, '[[key:\"ZONING\",value:\"Zoning\"]]', NULL, 0);
INSERT INTO `sys_rule_condition_constraint` VALUES ('RCONST-685b3759:16a2fd8270e:-357e', 'RC33115abb:15b366b9fbd:-7f99', 'treasury.facts.BillItem.billcode', 'billcode', NULL, 'is any of the ff.', 'matches', NULL, NULL, NULL, NULL, NULL, NULL, '[[key:\"MECHANICAL_FEE\",value:\"MECHANICAL FEE\"]]', NULL, 0);
INSERT INTO `sys_rule_condition_constraint` VALUES ('RCONST-685b3759:16a2fd8270e:-3694', 'RCOND544e84a6:15b372b5faf:-7e18', 'treasury.facts.BillItem.billcode', 'billcode', NULL, 'is any of the ff.', 'matches', NULL, NULL, NULL, NULL, NULL, NULL, '[[key:\"MECHANICAL_FEE\",value:\"MECHANICAL FEE\"]]', NULL, 0);
INSERT INTO `sys_rule_condition_constraint` VALUES ('RCONST-685b3759:16a2fd8270e:-3873', 'RCOND-108b4192:15b3d234d5c:-7bb0', 'treasury.facts.BillItem.billcode', 'billcode', NULL, 'is any of the ff.', 'matches', NULL, NULL, NULL, NULL, NULL, NULL, '[[key:\"MECHANICAL_FEE\",value:\"MECHANICAL FEE\"]]', NULL, 0);
INSERT INTO `sys_rule_condition_constraint` VALUES ('RCONST-685b3759:16a2fd8270e:-39b4', 'RC-52beabf2:15b3c40641b:-7fc5', 'treasury.facts.BillItem.billcode', 'billcode', NULL, 'is any of the ff.', 'matches', NULL, NULL, NULL, NULL, NULL, NULL, '[[key:\"MECHANICAL_FEE\",value:\"MECHANICAL FEE\"]]', NULL, 0);
INSERT INTO `sys_rule_condition_constraint` VALUES ('RCONST-685b3759:16a2fd8270e:-3c66', 'RCOND-108b4192:15b3d234d5c:-7989', 'treasury.facts.BillItem.billcode', 'billcode', NULL, 'is any of the ff.', 'matches', NULL, NULL, NULL, NULL, NULL, NULL, '[[key:\"MECHANICAL_FEE\",value:\"MECHANICAL FEE\"]]', NULL, 0);
INSERT INTO `sys_rule_condition_constraint` VALUES ('RCONST-685b3759:16a2fd8270e:-3dda', 'RC-52beabf2:15b3c40641b:-7fe0', 'treasury.facts.BillItem.billcode', 'billcode', NULL, 'is any of the ff.', 'matches', NULL, NULL, NULL, NULL, NULL, NULL, '[[key:\"MECHANICAL_FEE\",value:\"MECHANICAL FEE\"]]', NULL, 0);
INSERT INTO `sys_rule_condition_constraint` VALUES ('RCONST-685b3759:16a2fd8270e:-3f6c', 'RCOND-108b4192:15b3d234d5c:-71fc', 'treasury.facts.BillItem.billcode', 'billcode', NULL, 'is any of the ff.', 'matches', NULL, NULL, NULL, NULL, NULL, NULL, '[[key:\"MECHANICAL_FEE\",value:\"MECHANICAL FEE\"]]', NULL, 0);
INSERT INTO `sys_rule_condition_constraint` VALUES ('RCONST-685b3759:16a2fd8270e:-40d4', 'RCOND-108b4192:15b3d234d5c:-6f02', 'treasury.facts.BillItem.billcode', 'billcode', NULL, 'is any of the ff.', 'matches', NULL, NULL, NULL, NULL, NULL, NULL, '[[key:\"MECHANICAL_FEE\",value:\"MECHANICAL FEE\"]]', NULL, 0);
INSERT INTO `sys_rule_condition_constraint` VALUES ('RCONST-685b3759:16a2fd8270e:-423c', 'RC-52beabf2:15b3c40641b:-7fd4', 'treasury.facts.BillItem.billcode', 'billcode', NULL, 'is any of the ff.', 'matches', NULL, NULL, NULL, NULL, NULL, NULL, '[[key:\"MECHANICAL_FEE\",value:\"MECHANICAL FEE\"]]', NULL, 0);
INSERT INTO `sys_rule_condition_constraint` VALUES ('RCONST-685b3759:16a2fd8270e:-43f8', 'RC-52beabf2:15b3c40641b:-7fcb', 'treasury.facts.BillItem.billcode', 'billcode', NULL, 'is any of the ff.', 'matches', NULL, NULL, NULL, NULL, NULL, NULL, '[[key:\"MECHANICAL_FEE\",value:\"MECHANICAL FEE\"]]', NULL, 0);
INSERT INTO `sys_rule_condition_constraint` VALUES ('RCONST-685b3759:16a2fd8270e:-568b', 'RC-53717d20:15b4db8478f:-7fba', 'treasury.facts.BillItem.billcode', 'billcode', NULL, 'is any of the ff.', 'matches', NULL, NULL, NULL, NULL, NULL, NULL, '[[key:\"PLUMBING_FEE\",value:\"PLUMBING FEE\"]]', NULL, 1);
INSERT INTO `sys_rule_condition_constraint` VALUES ('RCONST-685b3759:16a2fd8270e:-57be', 'RC-53717d20:15b4db8478f:-7fcf', 'treasury.facts.BillItem.billcode', 'billcode', NULL, 'is any of the ff.', 'matches', NULL, NULL, NULL, NULL, NULL, NULL, '[[key:\"PLUMBING_FEE\",value:\"PLUMBING FEE\"]]', NULL, 1);
INSERT INTO `sys_rule_condition_constraint` VALUES ('RCONST-685b3759:16a2fd8270e:-591f', 'RC-53717d20:15b4db8478f:-7fd8', 'treasury.facts.BillItem.billcode', 'billcode', NULL, 'is any of the ff.', 'matches', NULL, NULL, NULL, NULL, NULL, NULL, '[[key:\"PLUMBING_FEE\",value:\"PLUMBING FEE\"]]', NULL, 0);
INSERT INTO `sys_rule_condition_constraint` VALUES ('RCONST-685b3759:16a2fd8270e:-5a8d', 'RC-53717d20:15b4db8478f:-7fe7', 'treasury.facts.BillItem.billcode', 'billcode', NULL, 'is any of the ff.', 'matches', NULL, NULL, NULL, NULL, NULL, NULL, '[[key:\"PLUMBING_FEE\",value:\"PLUMBING FEE\"]]', NULL, 0);
INSERT INTO `sys_rule_condition_constraint` VALUES ('RCONST-685b3759:16a2fd8270e:-604b', 'RC-53717d20:15b4db8478f:-7fe1', 'treasury.facts.BillItem.billcode', 'billcode', NULL, 'is any of the ff.', 'matches', NULL, NULL, NULL, NULL, NULL, NULL, '[[key:\"PLUMBING_FEE\",value:\"PLUMBING FEE\"]]', NULL, 0);
INSERT INTO `sys_rule_condition_constraint` VALUES ('RCONST-685b3759:16a2fd8270e:-6468', 'RC-53717d20:15b4db8478f:-7ff0', 'treasury.facts.BillItem.billcode', 'billcode', NULL, 'is any of the ff.', 'matches', NULL, NULL, NULL, NULL, NULL, NULL, '[[key:\"PLUMBING_FEE\",value:\"PLUMBING FEE\"]]', NULL, 1);
INSERT INTO `sys_rule_condition_constraint` VALUES ('RCONST-685b3759:16a2fd8270e:-6830', 'RC-10cfc191:15b48bf8d6b:-7ff2', 'treasury.facts.BillItem.billcode', 'billcode', NULL, 'is any of the ff.', 'matches', NULL, NULL, NULL, NULL, NULL, NULL, '[[key:\"PLUMBING_FEE\",value:\"PLUMBING FEE\"]]', NULL, 1);
INSERT INTO `sys_rule_condition_constraint` VALUES ('RCONST-685b3759:16a2fd8270e:-726b', 'RCOND-685b3759:16a2fd8270e:-7281', 'obo.facts.OccupancyType.division', 'division', NULL, 'is any of the ff.', 'matches', NULL, NULL, NULL, NULL, NULL, NULL, '[[key:\"B1\",value:\"B1\"],[key:\"C1\",value:\"C1\"],[key:\"E1\",value:\"E1\"],[key:\"E2\",value:\"E2\"],[key:\"E3\",value:\"E3\"],[key:\"F1\",value:\"F1\"],[key:\"G1\",value:\"G1\"],[key:\"G2\",value:\"G2\"],[key:\"G3\",value:\"G3\"],[key:\"G4\",value:\"G4\"],[key:\"G5\",value:\"G5\"],[key:\"H1\",value:\"H1\"],[key:\"H2\",value:\"H2\"],[key:\"H3\",value:\"H3\"],[key:\"H4\",value:\"H4\"],[key:\"I1\",value:\"I1\"],[key:\"J1\",value:\"J1\"],[key:\"J2\",value:\"J2\"],[key:\"J3\",value:\"J3\"]]', NULL, 0);
INSERT INTO `sys_rule_condition_constraint` VALUES ('RCONST-685b3759:16a2fd8270e:-74a7', 'RCOND-685b3759:16a2fd8270e:-74bd', 'obo.facts.OccupancyType.division', 'division', NULL, 'is any of the ff.', 'matches', NULL, NULL, NULL, NULL, NULL, NULL, '[[key:\"C2\",value:\"C2\"],[key:\"D1\",value:\"D1\"],[key:\"D2\",value:\"D2\"],[key:\"D3\",value:\"D3\"]]', NULL, 0);
INSERT INTO `sys_rule_condition_constraint` VALUES ('RCONST-685b3759:16a2fd8270e:-7735', 'RCOND-685b3759:16a2fd8270e:-7757', 'obo.facts.OccupancyType.division', 'division', NULL, 'is any of the ff.', 'matches', NULL, NULL, NULL, NULL, NULL, NULL, '[[key:\"A1\",value:\"A1\"]]', NULL, 0);
INSERT INTO `sys_rule_condition_constraint` VALUES ('RCONST-685b3759:16a2fd8270e:-79e3', 'RCOND-685b3759:16a2fd8270e:-79f9', 'obo.facts.OccupancyType.division', 'division', NULL, 'is any of the ff.', 'matches', NULL, NULL, NULL, NULL, NULL, NULL, '[[key:\"A2\",value:\"A2\"]]', NULL, 0);
INSERT INTO `sys_rule_condition_constraint` VALUES ('RCONST-70eb32d:16c2d244c23:-79b1', 'RCOND-70eb32d:16c2d244c23:-79ec', 'obo.facts.BuildingApplication.apptype', 'apptype', 'APPTYPE', NULL, NULL, NULL, NULL, NULL, NULL, NULL, NULL, NULL, NULL, 0);
INSERT INTO `sys_rule_condition_constraint` VALUES ('RCONST-7385ffbe:16a438b05b7:-5e33', 'RCOND-7385ffbe:16a438b05b7:-5e9b', 'obo.facts.OboDecimalInfo.value', 'value', 'HEIGHT', NULL, NULL, NULL, NULL, NULL, NULL, NULL, NULL, NULL, NULL, 1);
INSERT INTO `sys_rule_condition_constraint` VALUES ('RCONST-7385ffbe:16a438b05b7:-5e7f', 'RCOND-7385ffbe:16a438b05b7:-5e9b', 'obo.facts.OboDecimalInfo.name', 'name', NULL, 'is any of the ff.', 'matches', NULL, NULL, NULL, NULL, NULL, NULL, '[[key:\"STORAGE_SILO\",value:\"STORAGE SILO\"]]', NULL, 0);
INSERT INTO `sys_rule_condition_constraint` VALUES ('RCONST-7385ffbe:16a438b05b7:-5f1a', 'RCOND-7385ffbe:16a438b05b7:-5f5a', 'treasury.facts.BillItem.billcode', 'billcode', NULL, 'is any of the ff.', 'matches', NULL, NULL, NULL, NULL, NULL, NULL, '[[key:\"ACCESSORY_STRUCTURE_FEE\",value:\"ACCESSORY STRUCTURE FEE\"]]', NULL, 0);
INSERT INTO `sys_rule_condition_constraint` VALUES ('RCONST-7385ffbe:16a438b05b7:-72ea', 'RCOND-7385ffbe:16a438b05b7:-7352', 'obo.facts.OboDecimalInfo.value', 'value', 'SQM', NULL, NULL, NULL, NULL, NULL, NULL, NULL, NULL, NULL, NULL, 1);
INSERT INTO `sys_rule_condition_constraint` VALUES ('RCONST-7385ffbe:16a438b05b7:-7336', 'RCOND-7385ffbe:16a438b05b7:-7352', 'obo.facts.OboDecimalInfo.name', 'name', NULL, 'is any of the ff.', 'matches', NULL, NULL, NULL, NULL, NULL, NULL, '[[key:\"FIREWALL\",value:\"FIREWALL (SEPARATE FROM BUILDING)\"]]', NULL, 0);
INSERT INTO `sys_rule_condition_constraint` VALUES ('RCONST-7385ffbe:16a438b05b7:-73db', 'RCOND-7385ffbe:16a438b05b7:-741b', 'treasury.facts.BillItem.billcode', 'billcode', NULL, 'is any of the ff.', 'matches', NULL, NULL, NULL, NULL, NULL, NULL, '[[key:\"ACCESSORY_STRUCTURE_FEE\",value:\"ACCESSORY STRUCTURE FEE\"]]', NULL, 0);
INSERT INTO `sys_rule_condition_constraint` VALUES ('RCONST-7c063a88:16a0c629dde:-75dd', 'RC-66680c7b:15b3c241e07:-7ff2', 'treasury.facts.BillItem.billcode', 'billcode', NULL, 'is any of the ff.', 'matches', NULL, NULL, NULL, NULL, NULL, NULL, '[[key:\"ELECTRICAL_FEE\",value:\"ELECTRICAL FEE\"]]', NULL, 1);
INSERT INTO `sys_rule_condition_constraint` VALUES ('RCONST-7c063a88:16a0c629dde:-7710', 'RCOND75928924:15b1d4d1c53:-7328', 'treasury.facts.BillItem.billcode', 'billcode', NULL, 'is any of the ff.', 'matches', NULL, NULL, NULL, NULL, NULL, NULL, '[[key:\"ELECTRICAL_FEE\",value:\"ELECTRICAL FEE\"]]', NULL, 1);
INSERT INTO `sys_rule_condition_constraint` VALUES ('RCONST-7c063a88:16a0c629dde:-7843', 'RCOND-41499999:15b23048395:-7df2', 'treasury.facts.BillItem.billcode', 'billcode', NULL, 'is any of the ff.', 'matches', NULL, NULL, NULL, NULL, NULL, NULL, '[[key:\"ELECTRICAL_FEE\",value:\"ELECTRICAL FEE\"]]', NULL, 1);
INSERT INTO `sys_rule_condition_constraint` VALUES ('RCONST-7c063a88:16a0c629dde:-79d0', 'RC7a7a989e:15b22fce173:-7ff2', 'treasury.facts.BillItem.billcode', 'billcode', NULL, 'is any of the ff.', 'matches', NULL, NULL, NULL, NULL, NULL, NULL, '[[key:\"ELECTRICAL_FEE\",value:\"ELECTRICAL FEE\"]]', NULL, 1);
INSERT INTO `sys_rule_condition_constraint` VALUES ('RCONST-7c063a88:16a0c629dde:-7acf', 'RC7a7a989e:15b22fce173:-7fd6', 'treasury.facts.BillItem.billcode', 'billcode', NULL, 'is any of the ff.', 'matches', NULL, NULL, NULL, NULL, NULL, NULL, '[[key:\"ELECTRICAL_FEE\",value:\"ELECTRICAL FEE\"]]', NULL, 0);
INSERT INTO `sys_rule_condition_constraint` VALUES ('RCONST-7c063a88:16a0c629dde:-7cff', 'RC7a7a989e:15b22fce173:-7fcc', 'treasury.facts.BillItem.billcode', 'billcode', NULL, 'is any of the ff.', 'matches', NULL, NULL, NULL, NULL, NULL, NULL, '[[key:\"ELECTRICAL_FEE\",value:\"ELECTRICAL FEE\"]]', NULL, 1);
INSERT INTO `sys_rule_condition_constraint` VALUES ('RCONST-7c063a88:16a0c629dde:-7e51', 'RC7a7a989e:15b22fce173:-7fc2', 'treasury.facts.BillItem.billcode', 'billcode', NULL, 'is any of the ff.', 'matches', NULL, NULL, NULL, NULL, NULL, NULL, '[[key:\"ELECTRICAL_FEE\",value:\"ELECTRICAL FEE\"]]', NULL, 1);
INSERT INTO `sys_rule_condition_constraint` VALUES ('RCONST-7c07cdf9:16a4d035b31:-6f0f', 'RCOND-181817d3:15bf4e3b890:-1bde', 'treasury.facts.BillItem.billcode', 'billcode', NULL, 'is any of the ff.', 'matches', NULL, NULL, NULL, NULL, NULL, NULL, '[[key:\"ACCESSORY_FEE\",value:\"ACCESSORY FEE\"]]', NULL, 1);
INSERT INTO `sys_rule_condition_constraint` VALUES ('RCONST-7c07cdf9:16a4d035b31:-73cc', 'RCOND-7c07cdf9:16a4d035b31:-73dc', 'obo.facts.AncillaryPermit.type', 'type', NULL, 'is any of the ff.', 'matches', NULL, NULL, NULL, NULL, NULL, NULL, '[[key:\"GROUND_PREP_EXCAVATION\",value:\"GROUND PREPARATION AND EXCAVATION\"]]', NULL, 0);
INSERT INTO `sys_rule_condition_constraint` VALUES ('RCONST-7c07cdf9:16a4d035b31:-769d', 'RCOND-7c07cdf9:16a4d035b31:-76b9', 'obo.facts.OboIntegerInfo.name', 'name', NULL, 'is any of the ff.', 'matches', NULL, NULL, NULL, NULL, NULL, NULL, '[[key:\"INSPECTION_AND_VERIFICATION\",value:\"INSPECTION AND VERIFICATION\"]]', NULL, 0);
INSERT INTO `sys_rule_condition_constraint` VALUES ('RCONST-7c07cdf9:16a4d035b31:-77de', 'RCOND-7c07cdf9:16a4d035b31:-781e', 'treasury.facts.BillItem.billcode', 'billcode', NULL, 'is any of the ff.', 'matches', NULL, NULL, NULL, NULL, NULL, NULL, '[[key:\"ACCESSORY_FEE\",value:\"ACCESSORY FEE\"]]', NULL, 0);
INSERT INTO `sys_rule_condition_constraint` VALUES ('RCONST-7c07cdf9:16a4d035b31:-7948', 'RC525da928:16a4d03cbc9:-7f8c', 'obo.facts.AncillaryPermit.type', 'type', NULL, 'is any of the ff.', 'matches', NULL, NULL, NULL, NULL, NULL, NULL, '[[key:\"GROUND_PREP_EXCAVATION\",value:\"GROUND PREPARATION AND EXCAVATION\"],[key:\"SCAFFOLDING\",value:\"ERECTION OF SCAFFOLDING IN PUBLIC AREAS\"],[key:\"SIGNAGE\",value:\"SIGNAGE\"],[key:\"FENCING\",value:\"FENCING\"]]', NULL, 0);
INSERT INTO `sys_rule_condition_constraint` VALUES ('RCONST-7e113ca0:16be475dc7c:-791c', 'RCOND-7385ffbe:16a438b05b7:-7b9a', 'obo.facts.OccupancyType.type', 'type', NULL, 'is any of the ff.', 'matches', NULL, NULL, NULL, NULL, NULL, NULL, '[[key:\"A104\",value:\"single (nuclear) family dwellings\"],[key:\"A102\",value:\"single-detached units\"]]', NULL, 1);
INSERT INTO `sys_rule_condition_constraint` VALUES ('RCONST-7e113ca0:16be475dc7c:-7b11', 'RC-37d558f5:16a4fd0d79e:-7ff8', 'obo.facts.OccupancyType.type', 'type', NULL, 'is any of the ff.', 'matches', NULL, NULL, NULL, NULL, NULL, NULL, '[[key:\"B107\",value:\"accessorias (shop-houses), rowhouses, townhouses, tenements and apartments\"],[key:\"B108\",value:\"multiple privately-owned condominium units or tenement houses (residential building for thex exclusive use of non-leasing occupants not exceeding ten (10) persons and of low-rise type (up to five (5) storeys maximum building height)\"],[key:\"B105\",value:\"townhouses ( each privately owned )\"],[key:\"A201\",value:\"single-attached or duplex or town-houses each privately owned\"]]', NULL, 1);
INSERT INTO `sys_rule_condition_constraint` VALUES ('RCONST-7e113ca0:16be475dc7c:-7d1f', 'RC-37d558f5:16a4fd0d79e:-7fd9', 'obo.facts.OccupancyType.type', 'type', NULL, 'is any of the ff.', 'matches', NULL, NULL, NULL, NULL, NULL, NULL, '[[key:\"A202\",value:\"school dormitories (on campus)\"],[key:\"B103\",value:\"boarding and lodging houses\"],[key:\"B110\",value:\"private or off-campus dormitories\"]]', NULL, 1);
INSERT INTO `sys_rule_condition_constraint` VALUES ('RCONST10c3c60a:15bf15917a1:-680b', 'RCOND10c3c60a:15bf15917a1:-6830', 'FACTFLD-75b995c:15b18c6b9a6:-7b5f', 'groupid', NULL, 'is any of the ff.', 'matches', NULL, NULL, NULL, NULL, NULL, NULL, '[[key:\"B\",value:\"B\"],[key:\"E\",value:\"E\"],[key:\"F\",value:\"F\"],[key:\"G\",value:\"G\"]]', NULL, 0);
INSERT INTO `sys_rule_condition_constraint` VALUES ('RCONST10c3c60a:15bf15917a1:-69da', 'RCOND10c3c60a:15bf15917a1:-69ff', 'FACTFLD-75b995c:15b18c6b9a6:-7b5f', 'groupid', NULL, 'is any of the ff.', 'matches', NULL, NULL, NULL, NULL, NULL, NULL, '[[key:\"B\",value:\"B\"],[key:\"E\",value:\"E\"],[key:\"F\",value:\"F\"],[key:\"G\",value:\"G\"]]', NULL, 0);
INSERT INTO `sys_rule_condition_constraint` VALUES ('RCONST16880e27:16e36452698:-7a43', 'RCOND16880e27:16e36452698:-7aae', 'obo.facts.BuildingApplication.highercost', 'highercost', 'COST', NULL, NULL, NULL, NULL, NULL, NULL, NULL, NULL, NULL, NULL, 0);
INSERT INTO `sys_rule_condition_constraint` VALUES ('RCONST16880e27:16e36452698:-7bf5', 'RCOND16880e27:16e36452698:-7c60', 'obo.facts.BuildingApplication.highercost', 'highercost', 'AMT', NULL, NULL, NULL, NULL, NULL, NULL, NULL, NULL, NULL, NULL, 0);
INSERT INTO `sys_rule_condition_constraint` VALUES ('RCONST1fc2e40d:169eb7a6037:-5fc1', 'RCOND1fc2e40d:169eb7a6037:-5fd7', 'obo.facts.OccupancyType.division', 'division', NULL, 'is any of the ff.', 'matches', NULL, NULL, NULL, NULL, NULL, NULL, '[[key:\"A2\",value:\"A2\"]]', NULL, 0);
INSERT INTO `sys_rule_condition_constraint` VALUES ('RCONST1fc2e40d:169eb7a6037:-64ec', 'RCOND1fc2e40d:169eb7a6037:-6502', 'obo.facts.OccupancyType.division', 'division', NULL, 'is any of the ff.', 'matches', NULL, NULL, NULL, NULL, NULL, NULL, '[[key:\"A1\",value:\"A1\"]]', NULL, 0);
INSERT INTO `sys_rule_condition_constraint` VALUES ('RCONST1fc2e40d:169eb7a6037:-6931', 'RCOND1fc2e40d:169eb7a6037:-695a', 'obo.facts.BuildingApplication.apptype', 'apptype', NULL, 'is any of the ff.', 'matches', NULL, NULL, NULL, NULL, NULL, NULL, '[\"NEW\"]', NULL, 0);
INSERT INTO `sys_rule_condition_constraint` VALUES ('RCONST1fc2e40d:169eb7a6037:-6c38', 'RCOND1fc2e40d:169eb7a6037:-6c54', 'obo.facts.OccupancyType.group', 'group', NULL, 'is any of the ff.', 'matches', NULL, NULL, NULL, NULL, NULL, NULL, '[[key:\"C\",value:\"C\"],[key:\"D\",value:\"D\"]]', NULL, 0);
INSERT INTO `sys_rule_condition_constraint` VALUES ('RCONST1fc2e40d:169eb7a6037:-6dc1', 'RCOND1fc2e40d:169eb7a6037:-6ddd', 'obo.facts.OccupancyType.group', 'group', NULL, 'is any of the ff.', 'matches', NULL, NULL, NULL, NULL, NULL, NULL, '[[key:\"E\",value:\"E\"],[key:\"F\",value:\"F\"]]', NULL, 0);
INSERT INTO `sys_rule_condition_constraint` VALUES ('RCONST1fc2e40d:169eb7a6037:-6fa0', 'RCOND1fc2e40d:169eb7a6037:-6fbc', 'obo.facts.OccupancyType.group', 'group', NULL, 'is any of the ff.', 'matches', NULL, NULL, NULL, NULL, NULL, NULL, '[[key:\"A\",value:\"A\"],[key:\"B\",value:\"B\"]]', NULL, 0);
INSERT INTO `sys_rule_condition_constraint` VALUES ('RCONST2017e4e8:16e5e7415f5:-79d0', 'RCOND2017e4e8:16e5e7415f5:-7a19', 'obo.facts.RpuCount.byownercount', 'byownercount', 'BYOWNER', NULL, NULL, NULL, NULL, NULL, NULL, NULL, NULL, NULL, NULL, 1);
INSERT INTO `sys_rule_condition_constraint` VALUES ('RCONST2017e4e8:16e5e7415f5:-7a03', 'RCOND2017e4e8:16e5e7415f5:-7a19', 'obo.facts.RpuCount.totalcount', 'totalcount', 'TOTAL', NULL, NULL, NULL, NULL, NULL, NULL, NULL, NULL, NULL, NULL, 0);
INSERT INTO `sys_rule_condition_constraint` VALUES ('RCONST2671fb3e:15b76f0ce63:-7341', 'RCOND2671fb3e:15b76f0ce63:-7388', 'obo.facts.OboDecimalInfo.value', 'value', 'KW', NULL, NULL, NULL, NULL, NULL, NULL, NULL, NULL, NULL, NULL, 1);
INSERT INTO `sys_rule_condition_constraint` VALUES ('RCONST2671fb3e:15b76f0ce63:-737c', 'RCOND2671fb3e:15b76f0ce63:-7388', 'obo.facts.OboDecimalInfo.name', 'name', NULL, 'is any of the ff.', 'matches', NULL, NULL, NULL, NULL, NULL, NULL, '[[key:\"BOILER\",value:\"BOILER (kW)\"]]', NULL, 0);
INSERT INTO `sys_rule_condition_constraint` VALUES ('RCONST2671fb3e:15b76f0ce63:-75d6', 'RCOND2671fb3e:15b76f0ce63:-761d', 'obo.facts.OboDecimalInfo.value', 'value', 'KW', NULL, NULL, NULL, NULL, NULL, NULL, NULL, NULL, NULL, NULL, 1);
INSERT INTO `sys_rule_condition_constraint` VALUES ('RCONST2671fb3e:15b76f0ce63:-7611', 'RCOND2671fb3e:15b76f0ce63:-761d', 'obo.facts.OboDecimalInfo.name', 'name', NULL, 'is any of the ff.', 'matches', NULL, NULL, NULL, NULL, NULL, NULL, '[[key:\"MV_BLOWER_FAN\",value:\"MECHANICAL VENTILATION - BLOWER OR FAN (kW)\"]]', NULL, 0);
INSERT INTO `sys_rule_condition_constraint` VALUES ('RCONST2671fb3e:15b76f0ce63:-7799', 'RCOND2671fb3e:15b76f0ce63:-77f8', 'obo.facts.OboDecimalInfo.value', 'value', 'TON', NULL, NULL, NULL, NULL, NULL, NULL, NULL, NULL, NULL, NULL, 1);
INSERT INTO `sys_rule_condition_constraint` VALUES ('RCONST2671fb3e:15b76f0ce63:-77e0', 'RCOND2671fb3e:15b76f0ce63:-77f8', 'obo.facts.OboDecimalInfo.name', 'name', NULL, 'is any of the ff.', 'matches', NULL, NULL, NULL, NULL, NULL, NULL, '[[key:\"REFRIGERATION_COLD_STORAGE\",value:\"REFRIGERATION COLD STORAGE (TONS)\"],[key:\"ICE_PLANT\",value:\"ICE PLANTS (TONS)\"]]', NULL, 0);
INSERT INTO `sys_rule_condition_constraint` VALUES ('RCONST2671fb3e:15b76f0ce63:-7862', 'RCOND2671fb3e:15b76f0ce63:-7884', 'treasury.facts.BillItem.txntype', 'txntype', NULL, 'is any of the ff.', 'matches', NULL, NULL, NULL, NULL, NULL, NULL, '[[key:\"MECHANICAL_INSPECTION\",value:\"MECHANICAL INSPECTION FEE\"]]', NULL, 0);
INSERT INTO `sys_rule_condition_constraint` VALUES ('RCONST27db1036:16a38f07d48:-6f7d', 'RC-1b89c680:16a38f14701:-7f42', 'obo.facts.OboIntegerInfo.name', 'name', NULL, 'is any of the ff.', 'matches', NULL, NULL, NULL, NULL, NULL, NULL, '[[key:\"ANTENNA_TOWER_COMMUNICATION\",value:\"ANTENNA TOWERS/MASTS OR OTHER STRUCTURES FOR COMMUNICATIONS TRANSMISSION\"]]', NULL, 1);
INSERT INTO `sys_rule_condition_constraint` VALUES ('RCONST27db1036:16a38f07d48:-70df', 'RC-1b89c680:16a38f14701:-7f39', 'obo.facts.OboIntegerInfo.name', 'name', NULL, 'is any of the ff.', 'matches', NULL, NULL, NULL, NULL, NULL, NULL, '[[key:\"ELECTRONIC_SIGNAGE\",value:\"ELECTRONIC INDOOR AND OUTDOOR SIGNAGES AND DISPLAY SYSTEMS\"]]', NULL, 1);
INSERT INTO `sys_rule_condition_constraint` VALUES ('RCONST27db1036:16a38f07d48:-7817', 'RC-1b89c680:16a38f14701:-7fba', 'obo.facts.OboIntegerInfo.category', 'category', NULL, 'equal to', '==', NULL, NULL, NULL, NULL, NULL, 'A', NULL, NULL, 1);
INSERT INTO `sys_rule_condition_constraint` VALUES ('RCONST2bdcadbe:16c2d9fc74a:-5ba6', 'RCOND2bdcadbe:16c2d9fc74a:-5c0a', 'obo.facts.BuildingApplication.highercost', 'highercost', 'COST', NULL, NULL, NULL, NULL, NULL, NULL, NULL, NULL, NULL, NULL, 0);
INSERT INTO `sys_rule_condition_constraint` VALUES ('RCONST2bdcadbe:16c2d9fc74a:-5c8c', 'RCOND2bdcadbe:16c2d9fc74a:-5cb4', 'obo.facts.OccupancyType.division', 'division', NULL, 'is any of the ff.', 'matches', NULL, NULL, NULL, NULL, NULL, NULL, '[[key:\"A1\",value:\"A1\"],[key:\"A2\",value:\"A2\"]]', NULL, 0);
INSERT INTO `sys_rule_condition_constraint` VALUES ('RCONST2bdcadbe:16c2d9fc74a:-5d9c', 'RCOND2bdcadbe:16c2d9fc74a:-5e00', 'obo.facts.BuildingApplication.highercost', 'highercost', 'COST', NULL, NULL, NULL, NULL, NULL, NULL, NULL, NULL, NULL, NULL, 0);
INSERT INTO `sys_rule_condition_constraint` VALUES ('RCONST2bdcadbe:16c2d9fc74a:-5f04', 'RCOND2bdcadbe:16c2d9fc74a:-5f2c', 'obo.facts.OccupancyType.division', 'division', NULL, 'is any of the ff.', 'matches', NULL, NULL, NULL, NULL, NULL, NULL, '[[key:\"B1\",value:\"B1\"],[key:\"E1\",value:\"E1\"],[key:\"E2\",value:\"E2\"],[key:\"E3\",value:\"E3\"],[key:\"F1\",value:\"F1\"],[key:\"G1\",value:\"G1\"],[key:\"G2\",value:\"G2\"],[key:\"G3\",value:\"G3\"],[key:\"G4\",value:\"G4\"],[key:\"G5\",value:\"G5\"],[key:\"H1\",value:\"H1\"],[key:\"H2\",value:\"H2\"],[key:\"H3\",value:\"H3\"],[key:\"I1\",value:\"I1\"]]', NULL, 0);
INSERT INTO `sys_rule_condition_constraint` VALUES ('RCONST2bdcadbe:16c2d9fc74a:-6014', 'RCOND2bdcadbe:16c2d9fc74a:-6078', 'obo.facts.BuildingApplication.highercost', 'highercost', 'COST', NULL, NULL, NULL, NULL, NULL, NULL, NULL, NULL, NULL, NULL, 0);
INSERT INTO `sys_rule_condition_constraint` VALUES ('RCONST2bdcadbe:16c2d9fc74a:-611d', 'RCOND2bdcadbe:16c2d9fc74a:-6145', 'obo.facts.OccupancyType.division', 'division', NULL, 'is any of the ff.', 'matches', NULL, NULL, NULL, NULL, NULL, NULL, '[[key:\"C1\",value:\"C1\"],[key:\"C2\",value:\"C2\"],[key:\"D1\",value:\"D1\"],[key:\"D2\",value:\"D2\"],[key:\"D3\",value:\"D3\"]]', NULL, 0);
INSERT INTO `sys_rule_condition_constraint` VALUES ('RCONST2bdcadbe:16c2d9fc74a:-631f', 'RCOND2bdcadbe:16c2d9fc74a:-63f6', 'obo.facts.BuildingApplication.totalfloorarea', 'totalfloorarea', 'AREA', NULL, NULL, NULL, NULL, NULL, NULL, NULL, NULL, NULL, NULL, 1);
INSERT INTO `sys_rule_condition_constraint` VALUES ('RCONST2bdcadbe:16c2d9fc74a:-646e', 'RCOND2bdcadbe:16c2d9fc74a:-6498', 'obo.facts.OccupancyType.division', 'division', NULL, 'is any of the ff.', 'matches', NULL, NULL, NULL, NULL, NULL, NULL, '[[key:\"J1\",value:\"J1\"]]', NULL, 0);
INSERT INTO `sys_rule_condition_constraint` VALUES ('RCONST2bdcadbe:16c2d9fc74a:-6568', 'RCOND2bdcadbe:16c2d9fc74a:-6590', 'obo.facts.OccupancyType.division', 'division', NULL, 'is any of the ff.', 'matches', NULL, NULL, NULL, NULL, NULL, NULL, '[[key:\"A1\",value:\"A1\"],[key:\"A2\",value:\"A2\"]]', NULL, 0);
INSERT INTO `sys_rule_condition_constraint` VALUES ('RCONST2bdcadbe:16c2d9fc74a:-6639', 'RCOND2bdcadbe:16c2d9fc74a:-669d', 'obo.facts.BuildingApplication.highercost', 'highercost', 'COST', NULL, NULL, NULL, NULL, NULL, NULL, NULL, NULL, NULL, NULL, 0);
INSERT INTO `sys_rule_condition_constraint` VALUES ('RCONST2bdcadbe:16c2d9fc74a:-6ac6', 'RCOND-7385ffbe:16a438b05b7:-7c4e', 'obo.facts.BuildingApplication.highercost', 'highercost', 'COST', NULL, NULL, NULL, NULL, NULL, NULL, NULL, NULL, NULL, NULL, 1);
INSERT INTO `sys_rule_condition_constraint` VALUES ('RCONST2bdcadbe:16c2d9fc74a:-6c91', 'RC-37d558f5:16a4fd0d79e:-7ff6', 'obo.facts.BuildingApplication.highercost', 'highercost', 'COST', NULL, NULL, NULL, NULL, NULL, NULL, NULL, NULL, NULL, NULL, 1);
INSERT INTO `sys_rule_condition_constraint` VALUES ('RCONST2bdcadbe:16c2d9fc74a:-6e5c', 'RC-37d558f5:16a4fd0d79e:-7fdb', 'obo.facts.BuildingApplication.highercost', 'highercost', 'COST', NULL, NULL, NULL, NULL, NULL, NULL, NULL, NULL, NULL, NULL, 1);
INSERT INTO `sys_rule_condition_constraint` VALUES ('RCONST2bdcadbe:16c2d9fc74a:-7027', 'RC-37d558f5:16a4fd0d79e:-7fba', 'obo.facts.BuildingApplication.highercost', 'highercost', 'COST', NULL, NULL, NULL, NULL, NULL, NULL, NULL, NULL, NULL, NULL, 1);
INSERT INTO `sys_rule_condition_constraint` VALUES ('RCONST2bdcadbe:16c2d9fc74a:-71f2', 'RC-37d558f5:16a4fd0d79e:-7fa7', 'obo.facts.BuildingApplication.highercost', 'highercost', 'COST', NULL, NULL, NULL, NULL, NULL, NULL, NULL, NULL, NULL, NULL, 1);
INSERT INTO `sys_rule_condition_constraint` VALUES ('RCONST2bdcadbe:16c2d9fc74a:-748a', 'RC-37d558f5:16a4fd0d79e:-7f6b', 'obo.facts.BuildingApplication.highercost', 'highercost', 'COST', NULL, NULL, NULL, NULL, NULL, NULL, NULL, NULL, NULL, NULL, 1);
INSERT INTO `sys_rule_condition_constraint` VALUES ('RCONST36ece640:15b3cf0a031:-7667', 'RCOND36ece640:15b3cf0a031:-76c3', 'obo.facts.OboDecimalInfo.value', 'value', 'KW', NULL, NULL, NULL, NULL, NULL, NULL, NULL, NULL, NULL, NULL, 1);
INSERT INTO `sys_rule_condition_constraint` VALUES ('RCONST36ece640:15b3cf0a031:-76b6', 'RCOND36ece640:15b3cf0a031:-76c3', 'obo.facts.OboDecimalInfo.name', 'name', NULL, 'is any of the ff.', 'matches', NULL, NULL, NULL, NULL, NULL, NULL, '[[key:\"DIESEL_GASOLINE_ENGINE\",value:\"DIESEL/GASOLINE ENGINE\"],[key:\"STEAM_GAS_TURBINE_ENGINE\",value:\"STEAM/GAS TURBINE ENGINE\"],[key:\"HYDRO_NUCLEAR_SOLAR_GEN_UNIT\",value:\"HYDRO NUCLEAR OR SOLAR GENERATING UNIT\"]]', NULL, 0);
INSERT INTO `sys_rule_condition_constraint` VALUES ('RCONST36ece640:15b3cf0a031:-7a48', 'RCOND36ece640:15b3cf0a031:-7a90', 'obo.facts.OboIntegerInfo.value', 'value', 'HEAD', NULL, NULL, NULL, NULL, NULL, NULL, NULL, NULL, NULL, NULL, 1);
INSERT INTO `sys_rule_condition_constraint` VALUES ('RCONST36ece640:15b3cf0a031:-7a83', 'RCOND36ece640:15b3cf0a031:-7a90', 'obo.facts.OboIntegerInfo.name', 'name', NULL, 'is any of the ff.', 'matches', NULL, NULL, NULL, NULL, NULL, NULL, '[[key:\"FIRE_SPRINKLER\",value:\"AUTOMATIC FIRE SPRINKLER\"]]', NULL, 0);
INSERT INTO `sys_rule_condition_constraint` VALUES ('RCONST36ece640:15b3cf0a031:-7b50', 'RCOND36ece640:15b3cf0a031:-7b97', 'obo.facts.OboDecimalInfo.value', 'value', 'KW', NULL, NULL, NULL, NULL, NULL, NULL, NULL, NULL, NULL, NULL, 1);
INSERT INTO `sys_rule_condition_constraint` VALUES ('RCONST36ece640:15b3cf0a031:-7b8b', 'RCOND36ece640:15b3cf0a031:-7b97', 'obo.facts.OboDecimalInfo.name', 'name', NULL, 'is any of the ff.', 'matches', NULL, NULL, NULL, NULL, NULL, NULL, '[[key:\"WATER_SUMP\",value:\"WATER SUMP\"],[key:\"SEWAGE_PUMP\",value:\"SEWAGE PUMP\"]]', NULL, 0);
INSERT INTO `sys_rule_condition_constraint` VALUES ('RCONST36ece640:15b3cf0a031:-7c91', 'RCOND36ece640:15b3cf0a031:-7cd8', 'obo.facts.OboIntegerInfo.value', 'value', 'UNIT', NULL, NULL, NULL, NULL, NULL, NULL, NULL, NULL, NULL, NULL, 1);
INSERT INTO `sys_rule_condition_constraint` VALUES ('RCONST36ece640:15b3cf0a031:-7ccc', 'RCOND36ece640:15b3cf0a031:-7cd8', 'obo.facts.OboIntegerInfo.name', 'name', NULL, 'is any of the ff.', 'matches', NULL, NULL, NULL, NULL, NULL, NULL, '[[key:\"PRESSURIZED_WATER_HEATER\",value:\"PRESSURIZED WATER HEATER\"]]', NULL, 0);
INSERT INTO `sys_rule_condition_constraint` VALUES ('RCONST3b31d1e8:16a5826cfa5:-7b8b', 'RCOND48d65dac:169e67264db:-7ec5', 'obo.facts.BuildingApplication.totalfloorarea', 'totalfloorarea', 'AREA', NULL, NULL, NULL, NULL, NULL, NULL, NULL, NULL, NULL, NULL, 1);
INSERT INTO `sys_rule_condition_constraint` VALUES ('RCONST3b31d1e8:16a5826cfa5:-7c46', 'RCOND3b31d1e8:16a5826cfa5:-7c8d', 'obo.facts.BuildingApplication.totalfloorarea', 'totalfloorarea', 'AREA', NULL, NULL, NULL, NULL, NULL, NULL, NULL, NULL, NULL, NULL, 0);
INSERT INTO `sys_rule_condition_constraint` VALUES ('RCONST3b31d1e8:16a5826cfa5:-7cd8', 'RCOND3b31d1e8:16a5826cfa5:-7d02', 'obo.facts.OccupancyType.group', 'group', NULL, 'is any of the ff.', 'matches', NULL, NULL, NULL, NULL, NULL, NULL, '[[key:\"F\",value:\"F\"]]', NULL, 0);
INSERT INTO `sys_rule_condition_constraint` VALUES ('RCONST3b3fed41:16bdd640b5c:-7320', 'RCOND3b3fed41:16bdd640b5c:-7351', 'obo.facts.OccupancyType.group', 'group', NULL, 'is any of the ff.', 'matches', NULL, NULL, NULL, NULL, NULL, NULL, '[[key:\"J\",value:\"J\"]]', NULL, 0);
INSERT INTO `sys_rule_condition_constraint` VALUES ('RCONST3b3fed41:16bdd640b5c:-746a', 'RCOND3b3fed41:16bdd640b5c:-74b1', 'obo.facts.BuildingApplication.totalfloorarea', 'totalfloorarea', 'AREA', NULL, NULL, NULL, NULL, NULL, NULL, NULL, NULL, NULL, NULL, 0);
INSERT INTO `sys_rule_condition_constraint` VALUES ('RCONST3f65f585:15b74b1144b:-5cea', 'RCOND3f65f585:15b74b1144b:-5d0d', 'FACTFLD-75b995c:15b18c6b9a6:-7b80', 'classificationid', NULL, 'is any of the ff.', 'matches', NULL, NULL, NULL, NULL, NULL, NULL, '[[key:\"COM\",value:\"COM\"],[key:\"IND\",value:\"IND\"]]', NULL, 0);
INSERT INTO `sys_rule_condition_constraint` VALUES ('RCONST3f65f585:15b74b1144b:-5dca', 'RCOND3f65f585:15b74b1144b:-5e11', 'obo.facts.OboDecimalInfo.value', 'value', 'AREA', NULL, NULL, NULL, NULL, NULL, NULL, NULL, NULL, NULL, NULL, 1);
INSERT INTO `sys_rule_condition_constraint` VALUES ('RCONST3f65f585:15b74b1144b:-5e05', 'RCOND3f65f585:15b74b1144b:-5e11', 'obo.facts.OboDecimalInfo.name', 'name', NULL, 'is any of the ff.', 'matches', NULL, NULL, NULL, NULL, NULL, NULL, '[[key:\"FIXED_OVEN\",value:\"FIXED OVEN (SQM)\"]]', NULL, 0);
INSERT INTO `sys_rule_condition_constraint` VALUES ('RCONST3f65f585:15b74b1144b:-5f34', 'RCOND3f65f585:15b74b1144b:-5f56', 'treasury.facts.BillItem.txntype', 'txntype', NULL, 'is any of the ff.', 'matches', NULL, NULL, NULL, NULL, NULL, NULL, '[[key:\"BLDG_ACCESSORY\",value:\"BLDG ACCESSORY FEE\"]]', NULL, 0);
INSERT INTO `sys_rule_condition_constraint` VALUES ('RCONST3f65f585:15b74b1144b:-6054', 'RCOND3f65f585:15b74b1144b:-609b', 'obo.facts.OboDecimalInfo.value', 'value', 'HEIGHT', NULL, NULL, NULL, NULL, NULL, NULL, NULL, NULL, NULL, NULL, 1);
INSERT INTO `sys_rule_condition_constraint` VALUES ('RCONST3f65f585:15b74b1144b:-608f', 'RCOND3f65f585:15b74b1144b:-609b', 'obo.facts.OboDecimalInfo.name', 'name', NULL, 'is any of the ff.', 'matches', NULL, NULL, NULL, NULL, NULL, NULL, '[[key:\"CHIMNEY\",value:\"CHIMNEY (HEIGHT IN M)\"]]', NULL, 0);
INSERT INTO `sys_rule_condition_constraint` VALUES ('RCONST3f65f585:15b74b1144b:-6107', 'RCOND3f65f585:15b74b1144b:-6129', 'treasury.facts.BillItem.txntype', 'txntype', NULL, 'is any of the ff.', 'matches', NULL, NULL, NULL, NULL, NULL, NULL, '[[key:\"BLDG_ACCESSORY\",value:\"BLDG ACCESSORY FEE\"]]', NULL, 0);
INSERT INTO `sys_rule_condition_constraint` VALUES ('RCONST3f65f585:15b74b1144b:-6278', 'RCOND3f65f585:15b74b1144b:-62bf', 'obo.facts.OboDecimalInfo.value', 'value', 'HEIGHT', NULL, NULL, NULL, NULL, NULL, NULL, NULL, NULL, NULL, NULL, 1);
INSERT INTO `sys_rule_condition_constraint` VALUES ('RCONST3f65f585:15b74b1144b:-62b3', 'RCOND3f65f585:15b74b1144b:-62bf', 'obo.facts.OboDecimalInfo.name', 'name', NULL, 'is any of the ff.', 'matches', NULL, NULL, NULL, NULL, NULL, NULL, '[[key:\"SMOKESTACK\",value:\"SMOKE STACK (HEIGHT IN M)\"]]', NULL, 0);
INSERT INTO `sys_rule_condition_constraint` VALUES ('RCONST3f65f585:15b74b1144b:-6327', 'RCOND3f65f585:15b74b1144b:-6349', 'treasury.facts.BillItem.txntype', 'txntype', NULL, 'is any of the ff.', 'matches', NULL, NULL, NULL, NULL, NULL, NULL, '[[key:\"BLDG_ACCESSORY\",value:\"BLDG ACCESSORY FEE\"]]', NULL, 0);
INSERT INTO `sys_rule_condition_constraint` VALUES ('RCONST3f65f585:15b74b1144b:-6473', 'RCOND3f65f585:15b74b1144b:-64dd', 'obo.facts.OboDecimalInfo.value', 'value', 'HEIGHT', NULL, NULL, NULL, NULL, NULL, NULL, NULL, NULL, NULL, NULL, 1);
INSERT INTO `sys_rule_condition_constraint` VALUES ('RCONST3f65f585:15b74b1144b:-64d1', 'RCOND3f65f585:15b74b1144b:-64dd', 'obo.facts.OboDecimalInfo.name', 'name', NULL, 'is any of the ff.', 'matches', NULL, NULL, NULL, NULL, NULL, NULL, '[[key:\"STORAGE_SILOS\",value:\"STORAGE SILOS (HEIGHT IN M)\"]]', NULL, 0);
INSERT INTO `sys_rule_condition_constraint` VALUES ('RCONST3f65f585:15b74b1144b:-6545', 'RCOND3f65f585:15b74b1144b:-6567', 'treasury.facts.BillItem.txntype', 'txntype', NULL, 'is any of the ff.', 'matches', NULL, NULL, NULL, NULL, NULL, NULL, '[[key:\"BLDG_ACCESSORY\",value:\"BLDG ACCESSORY FEE\"]]', NULL, 0);
INSERT INTO `sys_rule_condition_constraint` VALUES ('RCONST3f65f585:15b74b1144b:-7066', 'RCOND3f65f585:15b74b1144b:-7369', 'FACTFLD-75b995c:15b18c6b9a6:-7b5f', 'groupid', NULL, 'is any of the ff.', 'matches', NULL, NULL, NULL, NULL, NULL, NULL, '[[key:\"A\",value:\"A\"]]', NULL, 0);
INSERT INTO `sys_rule_condition_constraint` VALUES ('RCONST3f65f585:15b74b1144b:-7151', 'RCOND3f65f585:15b74b1144b:-71c9', 'obo.facts.OboDecimalInfo.value', 'value', 'M', NULL, NULL, NULL, NULL, NULL, NULL, NULL, NULL, NULL, NULL, 1);
INSERT INTO `sys_rule_condition_constraint` VALUES ('RCONST3f65f585:15b74b1144b:-718f', 'RCOND3f65f585:15b74b1144b:-71c9', 'obo.facts.OboDecimalInfo.name', 'name', NULL, 'is any of the ff.', 'matches', NULL, NULL, NULL, NULL, NULL, NULL, '[[key:\"ERECTION_OF_TOWER_SELF_SUPPORTING\",value:\"ERECTION OF TOWER - SELF SUPPORTING (HEIGHT IN M)\"]]', NULL, 0);
INSERT INTO `sys_rule_condition_constraint` VALUES ('RCONST3f65f585:15b74b1144b:-7231', 'RCOND3f65f585:15b74b1144b:-7253', 'treasury.facts.BillItem.txntype', 'txntype', NULL, 'is any of the ff.', 'matches', NULL, NULL, NULL, NULL, NULL, NULL, '[[key:\"BLDG_ACCESSORY\",value:\"BLDG ACCESSORY FEE\"]]', NULL, 0);
INSERT INTO `sys_rule_condition_constraint` VALUES ('RCONST3f65f585:15b74b1144b:-7528', 'RCOND3f65f585:15b74b1144b:-756f', 'obo.facts.OboDecimalInfo.value', 'value', 'SQM', NULL, NULL, NULL, NULL, NULL, NULL, NULL, NULL, NULL, NULL, 1);
INSERT INTO `sys_rule_condition_constraint` VALUES ('RCONST3f65f585:15b74b1144b:-7563', 'RCOND3f65f585:15b74b1144b:-756f', 'obo.facts.OboDecimalInfo.name', 'name', NULL, 'is any of the ff.', 'matches', NULL, NULL, NULL, NULL, NULL, NULL, '[[key:\"FIREWALL_SEPARATE_FROM_BLDG\",value:\"CONSTRUCTION OF FIREWALL SEPARATE FROM BLDG (sqm)\"]]', NULL, 0);
INSERT INTO `sys_rule_condition_constraint` VALUES ('RCONST3f65f585:15b74b1144b:-75d8', 'RCOND3f65f585:15b74b1144b:-75fa', 'treasury.facts.BillItem.txntype', 'txntype', NULL, 'is any of the ff.', 'matches', NULL, NULL, NULL, NULL, NULL, NULL, '[[key:\"BLDG_ACCESSORY\",value:\"BLDG ACCESSORY FEE\"]]', NULL, 0);
INSERT INTO `sys_rule_condition_constraint` VALUES ('RCONST40323fc0:16be40fb66a:-7cab', 'RC-37d558f5:16a4fd0d79e:-7f6d', 'obo.facts.OccupancyType.type', 'type', NULL, 'is any of the ff.', 'matches', NULL, NULL, NULL, NULL, NULL, NULL, '[[key:\"E102\",value:\"gasoline filling and service stations\"],[key:\"E220\",value:\"cell (mobile) phone towers\"]]', NULL, 1);
INSERT INTO `sys_rule_condition_constraint` VALUES ('RCONST4cf13b0:15b4dbc7b17:-755d', 'RCOND4cf13b0:15b4dbc7b17:-75c5', 'obo.facts.OboDecimalInfo.value', 'value', 'CUM', NULL, NULL, NULL, NULL, NULL, NULL, NULL, NULL, NULL, NULL, 1);
INSERT INTO `sys_rule_condition_constraint` VALUES ('RCONST4cf13b0:15b4dbc7b17:-75b9', 'RCOND4cf13b0:15b4dbc7b17:-75c5', 'obo.facts.OboDecimalInfo.name', 'name', NULL, 'is any of the ff.', 'matches', NULL, NULL, NULL, NULL, NULL, NULL, '[[key:\"SEPTIC_TANK\",value:\"SEPTIC TANK\"]]', NULL, 0);
INSERT INTO `sys_rule_condition_constraint` VALUES ('RCONST51c2b1c4:15b69a42d57:-7555', 'RCOND51c2b1c4:15b69a42d57:-7630', 'obo.facts.OboDecimalInfo.value', 'value', 'CUM', NULL, NULL, NULL, NULL, NULL, NULL, NULL, NULL, NULL, NULL, 1);
INSERT INTO `sys_rule_condition_constraint` VALUES ('RCONST51c2b1c4:15b69a42d57:-7624', 'RCOND51c2b1c4:15b69a42d57:-7630', 'obo.facts.OboDecimalInfo.name', 'name', NULL, 'is any of the ff.', 'matches', NULL, NULL, NULL, NULL, NULL, NULL, '[[key:\"BLDG_HEIGHT_ABOVE_8_METERS\",value:\"BLDG HEIGHT ABOVE 8 METERS (cuM)\"]]', NULL, 0);
INSERT INTO `sys_rule_condition_constraint` VALUES ('RCONST556b1af5:16a3311c7aa:-648c', 'RCOND36ece640:15b3cf0a031:-774c', 'treasury.facts.BillItem.billcode', 'billcode', NULL, 'is any of the ff.', 'matches', NULL, NULL, NULL, NULL, NULL, NULL, '[[key:\"MECHANICAL_FEE\",value:\"MECHANICAL FEE\"]]', NULL, 0);
INSERT INTO `sys_rule_condition_constraint` VALUES ('RCONST556b1af5:16a3311c7aa:-6697', 'RC33115abb:15b366b9fbd:-7f56', 'treasury.facts.BillItem.billcode', 'billcode', NULL, 'is any of the ff.', 'matches', NULL, NULL, NULL, NULL, NULL, NULL, '[[key:\"MECHANICAL_FEE\",value:\"MECHANICAL FEE\"]]', NULL, 0);
INSERT INTO `sys_rule_condition_constraint` VALUES ('RCONST556b1af5:16a3311c7aa:-6850', 'RC33115abb:15b366b9fbd:-7f5e', 'treasury.facts.BillItem.billcode', 'billcode', NULL, 'is any of the ff.', 'matches', NULL, NULL, NULL, NULL, NULL, NULL, '[[key:\"MECHANICAL_FEE\",value:\"MECHANICAL FEE\"]]', NULL, 0);
INSERT INTO `sys_rule_condition_constraint` VALUES ('RCONST556b1af5:16a3311c7aa:-69be', 'RC33115abb:15b366b9fbd:-7f68', 'treasury.facts.BillItem.billcode', 'billcode', NULL, 'is any of the ff.', 'matches', NULL, NULL, NULL, NULL, NULL, NULL, '[[key:\"MECHANICAL_FEE\",value:\"MECHANICAL FEE\"]]', NULL, 0);
INSERT INTO `sys_rule_condition_constraint` VALUES ('RCONST556b1af5:16a3311c7aa:-6b71', 'RCOND4e513a84:15b291a0165:-7eba', 'treasury.facts.BillItem.billcode', 'billcode', NULL, 'is any of the ff.', 'matches', NULL, NULL, NULL, NULL, NULL, NULL, '[[key:\"MECHANICAL_FEE\",value:\"MECHANICAL FEE\"]]', NULL, 0);
INSERT INTO `sys_rule_condition_constraint` VALUES ('RCONST556b1af5:16a3311c7aa:-6dbb', 'RC-52beabf2:15b3c40641b:-7ff4', 'treasury.facts.BillItem.billcode', 'billcode', NULL, 'is any of the ff.', 'matches', NULL, NULL, NULL, NULL, NULL, NULL, '[[key:\"MECHANICAL_FEE\",value:\"MECHANICAL FEE\"]]', NULL, 0);
INSERT INTO `sys_rule_condition_constraint` VALUES ('RCONST556b1af5:16a3311c7aa:-6f2f', 'RC33115abb:15b366b9fbd:-7f88', 'treasury.facts.BillItem.billcode', 'billcode', NULL, 'is any of the ff.', 'matches', NULL, NULL, NULL, NULL, NULL, NULL, '[[key:\"MECHANICAL_FEE\",value:\"MECHANICAL FEE\"]]', NULL, 0);
INSERT INTO `sys_rule_condition_constraint` VALUES ('RCONST556b1af5:16a3311c7aa:-7098', 'RC33115abb:15b366b9fbd:-7f90', 'treasury.facts.BillItem.billcode', 'billcode', NULL, 'is any of the ff.', 'matches', NULL, NULL, NULL, NULL, NULL, NULL, '[[key:\"MECHANICAL_FEE\",value:\"MECHANICAL FEE\"]]', NULL, 0);
INSERT INTO `sys_rule_condition_constraint` VALUES ('RCONST556b1af5:16a3311c7aa:-72e5', 'RC33115abb:15b366b9fbd:-7fca', 'treasury.facts.BillItem.billcode', 'billcode', NULL, 'is any of the ff.', 'matches', NULL, NULL, NULL, NULL, NULL, NULL, '[[key:\"MECHANICAL_FEE\",value:\"MECHANICAL FEE\"]]', NULL, 0);
INSERT INTO `sys_rule_condition_constraint` VALUES ('RCONST556b1af5:16a3311c7aa:-7491', 'RC33115abb:15b366b9fbd:-7fd2', 'treasury.facts.BillItem.billcode', 'billcode', NULL, 'is any of the ff.', 'matches', NULL, NULL, NULL, NULL, NULL, NULL, '[[key:\"MECHANICAL_FEE\",value:\"MECHANICAL FEE\"]]', NULL, 0);
INSERT INTO `sys_rule_condition_constraint` VALUES ('RCONST556b1af5:16a3311c7aa:-76d5', 'RC33115abb:15b366b9fbd:-7fda', 'treasury.facts.BillItem.billcode', 'billcode', NULL, 'is any of the ff.', 'matches', NULL, NULL, NULL, NULL, NULL, NULL, '[[key:\"MECHANICAL_FEE\",value:\"MECHANICAL FEE\"]]', NULL, 0);
INSERT INTO `sys_rule_condition_constraint` VALUES ('RCONST556b1af5:16a3311c7aa:-7cf3', 'RC33115abb:15b366b9fbd:-7fe2', 'treasury.facts.BillItem.billcode', 'billcode', NULL, 'is any of the ff.', 'matches', NULL, NULL, NULL, NULL, NULL, NULL, '[[key:\"MECHANICAL_FEE\",value:\"MECHANICAL FEE\"]]', NULL, 0);
INSERT INTO `sys_rule_condition_constraint` VALUES ('RCONST59515aa4:16a3a32fa5e:-433c', 'RC16c3fcb:16a3a19e4b9:-7aff', 'obo.facts.OccupancyType.group', 'group', NULL, 'is any of the ff.', 'matches', NULL, NULL, NULL, NULL, NULL, NULL, '[[key:\"A\",value:\"A\"]]', NULL, 0);
INSERT INTO `sys_rule_condition_constraint` VALUES ('RCONST59515aa4:16a3a32fa5e:-4656', 'RCOND59515aa4:16a3a32fa5e:-4696', 'treasury.facts.BillItem.billcode', 'billcode', NULL, 'is any of the ff.', 'matches', NULL, NULL, NULL, NULL, NULL, NULL, '[[key:\"ACCESSORY_STRUCTURE_FEE\",value:\"ACCESSORY STRUCTURE FEE\"]]', NULL, 0);
INSERT INTO `sys_rule_condition_constraint` VALUES ('RCONST59515aa4:16a3a32fa5e:-5568', 'RCOND59515aa4:16a3a32fa5e:-5578', 'obo.facts.AncillaryPermit.type', 'type', NULL, 'is any of the ff.', 'matches', NULL, NULL, NULL, NULL, NULL, NULL, '[[key:\"ACCESSORY_STRUCTURE\",value:\"ACCESSORIES TO BUILDING STRUCTURE\"]]', NULL, 0);
INSERT INTO `sys_rule_condition_constraint` VALUES ('RCONST59515aa4:16a3a32fa5e:-5ef4', 'RCOND59515aa4:16a3a32fa5e:-5f34', 'treasury.facts.BillItem.billcode', 'billcode', NULL, 'is any of the ff.', 'matches', NULL, NULL, NULL, NULL, NULL, NULL, '[[key:\"ACCESSORY_STRUCTURE_FEE\",value:\"ACCESSORY STRUCTURE FEE\"]]', NULL, 0);
INSERT INTO `sys_rule_condition_constraint` VALUES ('RCONST59515aa4:16a3a32fa5e:-5fd2', 'RCOND59515aa4:16a3a32fa5e:-6012', 'treasury.facts.BillItem.billcode', 'billcode', NULL, 'is any of the ff.', 'matches', NULL, NULL, NULL, NULL, NULL, NULL, '[[key:\"ACCESSORY_STRUCTURE_FEE\",value:\"ACCESSORY STRUCTURE FEE\"]]', NULL, 0);
INSERT INTO `sys_rule_condition_constraint` VALUES ('RCONST59515aa4:16a3a32fa5e:-60b0', 'RCOND59515aa4:16a3a32fa5e:-60f0', 'treasury.facts.BillItem.billcode', 'billcode', NULL, 'is any of the ff.', 'matches', NULL, NULL, NULL, NULL, NULL, NULL, '[[key:\"ACCESSORY_STRUCTURE_FEE\",value:\"ACCESSORY STRUCTURE FEE\"]]', NULL, 0);
INSERT INTO `sys_rule_condition_constraint` VALUES ('RCONST59515aa4:16a3a32fa5e:-618e', 'RCOND59515aa4:16a3a32fa5e:-61ce', 'treasury.facts.BillItem.billcode', 'billcode', NULL, 'is any of the ff.', 'matches', NULL, NULL, NULL, NULL, NULL, NULL, '[[key:\"ACCESSORY_STRUCTURE_FEE\",value:\"ACCESSORY STRUCTURE FEE\"]]', NULL, 0);
INSERT INTO `sys_rule_condition_constraint` VALUES ('RCONST59515aa4:16a3a32fa5e:-626c', 'RCOND59515aa4:16a3a32fa5e:-62ac', 'treasury.facts.BillItem.billcode', 'billcode', NULL, 'is any of the ff.', 'matches', NULL, NULL, NULL, NULL, NULL, NULL, '[[key:\"ACCESSORY_STRUCTURE_FEE\",value:\"ACCESSORY STRUCTURE FEE\"]]', NULL, 0);
INSERT INTO `sys_rule_condition_constraint` VALUES ('RCONST59515aa4:16a3a32fa5e:-636a', 'RCOND59515aa4:16a3a32fa5e:-63aa', 'treasury.facts.BillItem.billcode', 'billcode', NULL, 'is any of the ff.', 'matches', NULL, NULL, NULL, NULL, NULL, NULL, '[[key:\"ACCESSORY_STRUCTURE_FEE\",value:\"ACCESSORY STRUCTURE FEE\"]]', NULL, 0);
INSERT INTO `sys_rule_condition_constraint` VALUES ('RCONST59515aa4:16a3a32fa5e:-6c9a', 'RCOND59515aa4:16a3a32fa5e:-6d02', 'obo.facts.OboDecimalInfo.value', 'value', 'AREA', NULL, NULL, NULL, NULL, NULL, NULL, NULL, NULL, NULL, NULL, 1);
INSERT INTO `sys_rule_condition_constraint` VALUES ('RCONST59515aa4:16a3a32fa5e:-6ce6', 'RCOND59515aa4:16a3a32fa5e:-6d02', 'obo.facts.OboDecimalInfo.name', 'name', NULL, 'is any of the ff.', 'matches', NULL, NULL, NULL, NULL, NULL, NULL, '[[key:\"BALCONY_TERRACE\",value:\"BALCONY, TERRACES, LANAI\"]]', NULL, 0);
INSERT INTO `sys_rule_condition_constraint` VALUES ('RCONST59515aa4:16a3a32fa5e:-6e00', 'RCOND59515aa4:16a3a32fa5e:-6e68', 'obo.facts.OboDecimalInfo.value', 'value', 'AREA', NULL, NULL, NULL, NULL, NULL, NULL, NULL, NULL, NULL, NULL, 1);
INSERT INTO `sys_rule_condition_constraint` VALUES ('RCONST59515aa4:16a3a32fa5e:-6e4c', 'RCOND59515aa4:16a3a32fa5e:-6e68', 'obo.facts.OboDecimalInfo.name', 'name', NULL, 'is any of the ff.', 'matches', NULL, NULL, NULL, NULL, NULL, NULL, '[[key:\"BALCONY_TERRACE\",value:\"BALCONY, TERRACES, LANAI\"]]', NULL, 0);
INSERT INTO `sys_rule_condition_constraint` VALUES ('RCONST59515aa4:16a3a32fa5e:-6f63', 'RCOND59515aa4:16a3a32fa5e:-6fcb', 'obo.facts.OboDecimalInfo.value', 'value', 'AREA', NULL, NULL, NULL, NULL, NULL, NULL, NULL, NULL, NULL, NULL, 1);
INSERT INTO `sys_rule_condition_constraint` VALUES ('RCONST59515aa4:16a3a32fa5e:-6faf', 'RCOND59515aa4:16a3a32fa5e:-6fcb', 'obo.facts.OboDecimalInfo.name', 'name', NULL, 'is any of the ff.', 'matches', NULL, NULL, NULL, NULL, NULL, NULL, '[[key:\"BALCONY_TERRACE\",value:\"BALCONY, TERRACES, LANAI\"]]', NULL, 0);
INSERT INTO `sys_rule_condition_constraint` VALUES ('RCONST59515aa4:16a3a32fa5e:-7154', 'RCOND59515aa4:16a3a32fa5e:-71bc', 'obo.facts.OboDecimalInfo.value', 'value', 'AREA', NULL, NULL, NULL, NULL, NULL, NULL, NULL, NULL, NULL, NULL, 1);
INSERT INTO `sys_rule_condition_constraint` VALUES ('RCONST59515aa4:16a3a32fa5e:-71a0', 'RCOND59515aa4:16a3a32fa5e:-71bc', 'obo.facts.OboDecimalInfo.name', 'name', NULL, 'is any of the ff.', 'matches', NULL, NULL, NULL, NULL, NULL, NULL, '[[key:\"BALCONY_TERRACE\",value:\"BALCONY, TERRACES, LANAI\"]]', NULL, 0);
INSERT INTO `sys_rule_condition_constraint` VALUES ('RCONST59515aa4:16a3a32fa5e:-72f2', 'RCOND59515aa4:16a3a32fa5e:-735a', 'obo.facts.OboDecimalInfo.value', 'value', 'AREA', NULL, NULL, NULL, NULL, NULL, NULL, NULL, NULL, NULL, NULL, 1);
INSERT INTO `sys_rule_condition_constraint` VALUES ('RCONST59515aa4:16a3a32fa5e:-733e', 'RCOND59515aa4:16a3a32fa5e:-735a', 'obo.facts.OboDecimalInfo.name', 'name', NULL, 'is any of the ff.', 'matches', NULL, NULL, NULL, NULL, NULL, NULL, '[[key:\"BALCONY_TERRACE\",value:\"BALCONY, TERRACES, LANAI\"]]', NULL, 0);
INSERT INTO `sys_rule_condition_constraint` VALUES ('RCONST59515aa4:16a3a32fa5e:-73fc', 'RCOND59515aa4:16a3a32fa5e:-7412', 'obo.facts.OccupancyType.division', 'division', NULL, 'is any of the ff.', 'matches', NULL, NULL, NULL, NULL, NULL, NULL, '[[key:\"A1\",value:\"A1\"]]', NULL, 0);
INSERT INTO `sys_rule_condition_constraint` VALUES ('RCONST59515aa4:16a3a32fa5e:-74ed', 'RCOND59515aa4:16a3a32fa5e:-7555', 'obo.facts.OboDecimalInfo.value', 'value', 'AREA', NULL, NULL, NULL, NULL, NULL, NULL, NULL, NULL, NULL, NULL, 1);
INSERT INTO `sys_rule_condition_constraint` VALUES ('RCONST59515aa4:16a3a32fa5e:-7539', 'RCOND59515aa4:16a3a32fa5e:-7555', 'obo.facts.OboDecimalInfo.name', 'name', NULL, 'is any of the ff.', 'matches', NULL, NULL, NULL, NULL, NULL, NULL, '[[key:\"BALCONY_TERRACE\",value:\"BALCONY, TERRACES, LANAI\"]]', NULL, 0);
INSERT INTO `sys_rule_condition_constraint` VALUES ('RCONST600be745:16db42dd2f7:-7acf', 'RCOND-5187b96a:16c2cb56fb8:-5d8c', 'obo.facts.BuildingApplication.fixedcost', 'fixedcost', 'FIXEDCOST', NULL, NULL, NULL, NULL, NULL, NULL, NULL, NULL, NULL, NULL, 1);
INSERT INTO `sys_rule_condition_constraint` VALUES ('RCONST600be745:16db42dd2f7:-7b48', 'RCOND-5187b96a:16c2cb56fb8:-5d8c', 'obo.facts.BuildingApplication.projectcost', 'projectcost', 'PROJCOST', NULL, NULL, NULL, NULL, NULL, NULL, NULL, NULL, NULL, NULL, 0);
INSERT INTO `sys_rule_condition_constraint` VALUES ('RCONST67f85531:15b22c52b19:-78d9', 'RCOND67f85531:15b22c52b19:-78f7', 'treasury.facts.BillItem.amount', 'amount', NULL, 'equal to', '==', NULL, NULL, NULL, 0.00, NULL, NULL, NULL, NULL, 0);
INSERT INTO `sys_rule_condition_constraint` VALUES ('RCONST6cc4d33e:15b3c1e2e72:-4b93', 'RCOND6cc4d33e:15b3c1e2e72:-4bda', 'obo.facts.OboDecimalInfo.value', 'value', 'KW', NULL, NULL, NULL, NULL, NULL, NULL, NULL, NULL, NULL, NULL, 1);
INSERT INTO `sys_rule_condition_constraint` VALUES ('RCONST6cc4d33e:15b3c1e2e72:-4bce', 'RCOND6cc4d33e:15b3c1e2e72:-4bda', 'obo.facts.OboDecimalInfo.name', 'name', NULL, 'is any of the ff.', 'matches', NULL, NULL, NULL, NULL, NULL, NULL, '[[key:\"BOILER\",value:\"BOILER\"]]', NULL, 0);
INSERT INTO `sys_rule_condition_constraint` VALUES ('RCONST6cc4d33e:15b3c1e2e72:-4cf8', 'RCOND6cc4d33e:15b3c1e2e72:-4d55', 'obo.facts.OboIntegerInfo.value', 'value', 'UNIT', NULL, NULL, NULL, NULL, NULL, NULL, NULL, NULL, NULL, NULL, 1);
INSERT INTO `sys_rule_condition_constraint` VALUES ('RCONST6cc4d33e:15b3c1e2e72:-4d49', 'RCOND6cc4d33e:15b3c1e2e72:-4d55', 'obo.facts.OboIntegerInfo.name', 'name', NULL, 'is any of the ff.', 'matches', NULL, NULL, NULL, NULL, NULL, NULL, '[[key:\"PASSENGER_ELEVATOR\",value:\"PASSENGER ELEVATOR\"],[key:\"FREIGHT_ELEVATOR\",value:\"FREIGHT ELEVATOR\"],[key:\"CAR_ELEVATOR\",value:\"CAR ELEVATOR\"]]', NULL, 0);
INSERT INTO `sys_rule_condition_constraint` VALUES ('RCONST6cc4d33e:15b3c1e2e72:-4f5a', 'RCOND6cc4d33e:15b3c1e2e72:-4fa2', 'obo.facts.OboIntegerInfo.value', 'value', 'UNIT', NULL, NULL, NULL, NULL, NULL, NULL, NULL, NULL, NULL, NULL, 1);
INSERT INTO `sys_rule_condition_constraint` VALUES ('RCONST6cc4d33e:15b3c1e2e72:-4f95', 'RCOND6cc4d33e:15b3c1e2e72:-4fa2', 'obo.facts.OboIntegerInfo.name', 'name', NULL, 'is any of the ff.', 'matches', NULL, NULL, NULL, NULL, NULL, NULL, '[[key:\"CONSTRUCTION_ELEVATOR\",value:\"CONSTRUCTION ELEVATOR (FOR MATERIALS)\"]]', NULL, 0);
INSERT INTO `sys_rule_condition_constraint` VALUES ('RCONST6cc4d33e:15b3c1e2e72:-50b2', 'RCOND6cc4d33e:15b3c1e2e72:-50f9', 'obo.facts.OboIntegerInfo.value', 'value', 'UNIT', NULL, NULL, NULL, NULL, NULL, NULL, NULL, NULL, NULL, NULL, 1);
INSERT INTO `sys_rule_condition_constraint` VALUES ('RCONST6cc4d33e:15b3c1e2e72:-50ed', 'RCOND6cc4d33e:15b3c1e2e72:-50f9', 'obo.facts.OboIntegerInfo.name', 'name', NULL, 'is any of the ff.', 'matches', NULL, NULL, NULL, NULL, NULL, NULL, '[[key:\"DUMBWAITER\",value:\"DUMBWAITER\"]]', NULL, 0);
INSERT INTO `sys_rule_condition_constraint` VALUES ('RCONST6cc4d33e:15b3c1e2e72:-51f4', 'RCOND6cc4d33e:15b3c1e2e72:-523d', 'obo.facts.OboDecimalInfo.value', 'value', 'LNM', NULL, NULL, NULL, NULL, NULL, NULL, NULL, NULL, NULL, NULL, 1);
INSERT INTO `sys_rule_condition_constraint` VALUES ('RCONST6cc4d33e:15b3c1e2e72:-5231', 'RCOND6cc4d33e:15b3c1e2e72:-523d', 'obo.facts.OboDecimalInfo.name', 'name', NULL, 'is any of the ff.', 'matches', NULL, NULL, NULL, NULL, NULL, NULL, '[[key:\"CABLE_CAR_LINEAL\",value:\"CABLE CAR LINEAL METER\"]]', NULL, 0);
INSERT INTO `sys_rule_condition_constraint` VALUES ('RCONST6cc4d33e:15b3c1e2e72:-52f1', 'RCOND6cc4d33e:15b3c1e2e72:-5338', 'obo.facts.OboDecimalInfo.value', 'value', 'KW', NULL, NULL, NULL, NULL, NULL, NULL, NULL, NULL, NULL, NULL, 1);
INSERT INTO `sys_rule_condition_constraint` VALUES ('RCONST6cc4d33e:15b3c1e2e72:-532c', 'RCOND6cc4d33e:15b3c1e2e72:-5338', 'obo.facts.OboDecimalInfo.name', 'name', NULL, 'is any of the ff.', 'matches', NULL, NULL, NULL, NULL, NULL, NULL, '[[key:\"CABLE_CAR\",value:\"CABLE CAR (KW)\"]]', NULL, 0);
INSERT INTO `sys_rule_condition_constraint` VALUES ('RCONST6cc4d33e:15b3c1e2e72:-545e', 'RCOND6cc4d33e:15b3c1e2e72:-54dc', 'obo.facts.OboDecimalInfo.value', 'value', 'LNM', NULL, NULL, NULL, NULL, NULL, NULL, NULL, NULL, NULL, NULL, 1);
INSERT INTO `sys_rule_condition_constraint` VALUES ('RCONST6cc4d33e:15b3c1e2e72:-54a2', 'RCOND6cc4d33e:15b3c1e2e72:-54dc', 'obo.facts.OboDecimalInfo.name', 'name', NULL, 'is any of the ff.', 'matches', NULL, NULL, NULL, NULL, NULL, NULL, '[[key:\"FUNICULAR_LINEAL\",value:\"FUNICULAR (LINEAL METER)\"]]', NULL, 0);
INSERT INTO `sys_rule_condition_constraint` VALUES ('RCONST6cc4d33e:15b3c1e2e72:-5599', 'RCOND6cc4d33e:15b3c1e2e72:-55e0', 'obo.facts.OboDecimalInfo.value', 'value', 'KW', NULL, NULL, NULL, NULL, NULL, NULL, NULL, NULL, NULL, NULL, 1);
INSERT INTO `sys_rule_condition_constraint` VALUES ('RCONST6cc4d33e:15b3c1e2e72:-55d4', 'RCOND6cc4d33e:15b3c1e2e72:-55e0', 'obo.facts.OboDecimalInfo.name', 'name', NULL, 'is any of the ff.', 'matches', NULL, NULL, NULL, NULL, NULL, NULL, '[[key:\"FUNICULAR\",value:\"FUNICULAR (KW)\"]]', NULL, 0);
INSERT INTO `sys_rule_condition_constraint` VALUES ('RCONST6cc4d33e:15b3c1e2e72:-5746', 'RCOND6cc4d33e:15b3c1e2e72:-578f', 'obo.facts.OboDecimalInfo.value', 'value', 'LNM', NULL, NULL, NULL, NULL, NULL, NULL, NULL, NULL, NULL, NULL, 1);
INSERT INTO `sys_rule_condition_constraint` VALUES ('RCONST6cc4d33e:15b3c1e2e72:-5783', 'RCOND6cc4d33e:15b3c1e2e72:-578f', 'obo.facts.OboDecimalInfo.name', 'name', NULL, 'is any of the ff.', 'matches', NULL, NULL, NULL, NULL, NULL, NULL, '[[key:\"ESCALATOR_LINEAL\",value:\"ESCALATOR AND MOVING WALK (LINEAL METER)\"]]', NULL, 0);
INSERT INTO `sys_rule_condition_constraint` VALUES ('RCONST6cc4d33e:15b3c1e2e72:-5856', 'RCOND6cc4d33e:15b3c1e2e72:-589d', 'obo.facts.OboDecimalInfo.value', 'value', 'KW', NULL, NULL, NULL, NULL, NULL, NULL, NULL, NULL, NULL, NULL, 1);
INSERT INTO `sys_rule_condition_constraint` VALUES ('RCONST6cc4d33e:15b3c1e2e72:-5891', 'RCOND6cc4d33e:15b3c1e2e72:-589d', 'obo.facts.OboDecimalInfo.name', 'name', NULL, 'is any of the ff.', 'matches', NULL, NULL, NULL, NULL, NULL, NULL, '[[key:\"ESCALATOR\",value:\"ESCALATOR AND MOVING WALK (KW)\"]]', NULL, 0);
INSERT INTO `sys_rule_condition_constraint` VALUES ('RCONST6cc4d33e:15b3c1e2e72:-5a45', 'RCOND6cc4d33e:15b3c1e2e72:-5a98', 'obo.facts.OboDecimalInfo.value', 'value', 'KW', NULL, NULL, NULL, NULL, NULL, NULL, NULL, NULL, NULL, NULL, 1);
INSERT INTO `sys_rule_condition_constraint` VALUES ('RCONST6cc4d33e:15b3c1e2e72:-5a8c', 'RCOND6cc4d33e:15b3c1e2e72:-5a98', 'obo.facts.OboDecimalInfo.name', 'name', NULL, 'is any of the ff.', 'matches', NULL, NULL, NULL, NULL, NULL, NULL, '[[key:\"MECHANICAL_VENTILATION\",value:\"MECHANICAL VENTILATION\"]]', NULL, 0);
INSERT INTO `sys_rule_condition_constraint` VALUES ('RCONST6cc4d33e:15b3c1e2e72:-5bd0', 'RCOND6cc4d33e:15b3c1e2e72:-5c17', 'obo.facts.OboIntegerInfo.value', 'value', 'UNITS', NULL, NULL, NULL, NULL, NULL, NULL, NULL, NULL, NULL, NULL, 1);
INSERT INTO `sys_rule_condition_constraint` VALUES ('RCONST6cc4d33e:15b3c1e2e72:-5c0b', 'RCOND6cc4d33e:15b3c1e2e72:-5c17', 'obo.facts.OboIntegerInfo.name', 'name', NULL, 'is any of the ff.', 'matches', NULL, NULL, NULL, NULL, NULL, NULL, '[[key:\"WINDOW_TYPE_AIRCON\",value:\"WINDOW TYPE AIRCONDITIONING\"]]', NULL, 0);
INSERT INTO `sys_rule_condition_constraint` VALUES ('RCONST6cc4d33e:15b3c1e2e72:-5d83', 'RCOND6cc4d33e:15b3c1e2e72:-5dca', 'obo.facts.OboDecimalInfo.value', 'value', 'TONS', NULL, NULL, NULL, NULL, NULL, NULL, NULL, NULL, NULL, NULL, 1);
INSERT INTO `sys_rule_condition_constraint` VALUES ('RCONST6cc4d33e:15b3c1e2e72:-5dbe', 'RCOND6cc4d33e:15b3c1e2e72:-5dca', 'obo.facts.OboDecimalInfo.name', 'name', NULL, 'is any of the ff.', 'matches', NULL, NULL, NULL, NULL, NULL, NULL, '[[key:\"PACKAGED_SPLIT_TYPE_AIRCON\",value:\"PACKAGED/SPLIT TYPE AIRCONDITIONG\"],[key:\"CENTRAILIZED_AIRCON\",value:\"CENTRALIZED AIRCONDITION\"]]', NULL, 0);
INSERT INTO `sys_rule_condition_constraint` VALUES ('RCONST6cc4d33e:15b3c1e2e72:-5ee5', 'RCOND6cc4d33e:15b3c1e2e72:-5f4e', 'obo.facts.OboDecimalInfo.value', 'value', 'TONS', NULL, NULL, NULL, NULL, NULL, NULL, NULL, NULL, NULL, NULL, 1);
INSERT INTO `sys_rule_condition_constraint` VALUES ('RCONST6cc4d33e:15b3c1e2e72:-5f42', 'RCOND6cc4d33e:15b3c1e2e72:-5f4e', 'obo.facts.OboDecimalInfo.name', 'name', NULL, 'is any of the ff.', 'matches', NULL, NULL, NULL, NULL, NULL, NULL, '[[key:\"ICE_PLANT\",value:\"ICE PLANT\"]]', NULL, 0);
INSERT INTO `sys_rule_condition_constraint` VALUES ('RCONST6cc4d33e:15b3c1e2e72:-653a', 'RCOND6cc4d33e:15b3c1e2e72:-6581', 'obo.facts.OboDecimalInfo.value', 'value', 'TONS', NULL, NULL, NULL, NULL, NULL, NULL, NULL, NULL, NULL, NULL, 1);
INSERT INTO `sys_rule_condition_constraint` VALUES ('RCONST6cc4d33e:15b3c1e2e72:-6575', 'RCOND6cc4d33e:15b3c1e2e72:-6581', 'obo.facts.OboDecimalInfo.name', 'name', NULL, 'is any of the ff.', 'matches', NULL, NULL, NULL, NULL, NULL, NULL, '[[key:\"REFRIGERATION\",value:\"REFRIGERATION\"]]', NULL, 0);
INSERT INTO `sys_rule_condition_constraint` VALUES ('RCONST6cc4d33e:15b3c1e2e72:-6fd9', 'RCOND6cc4d33e:15b3c1e2e72:-702e', 'obo.facts.OboDecimalInfo.value', 'value', 'KVA', NULL, NULL, NULL, NULL, NULL, NULL, NULL, NULL, NULL, NULL, 1);
INSERT INTO `sys_rule_condition_constraint` VALUES ('RCONST6cc4d33e:15b3c1e2e72:-7022', 'RCOND6cc4d33e:15b3c1e2e72:-702e', 'obo.facts.OboDecimalInfo.name', 'name', NULL, 'is any of the ff.', 'matches', NULL, NULL, NULL, NULL, NULL, NULL, '[[key:\"TOTAL_TRANSFORMER_CAPACITY\",value:\"TOTAL TRANSFORMER CAPACITY\"],[key:\"TOTAL_GENERATOR_UPS_CAPACITY\",value:\"TOTAL GENERATOR/UPS CAPACITY\"]]', NULL, 0);
INSERT INTO `sys_rule_condition_constraint` VALUES ('RCONST6cc4d33e:15b3c1e2e72:-71b9', 'RCOND6cc4d33e:15b3c1e2e72:-7200', 'obo.facts.OboDecimalInfo.value', 'value', 'KVA', NULL, NULL, NULL, NULL, NULL, NULL, NULL, NULL, NULL, NULL, 1);
INSERT INTO `sys_rule_condition_constraint` VALUES ('RCONST6cc4d33e:15b3c1e2e72:-71f4', 'RCOND6cc4d33e:15b3c1e2e72:-7200', 'obo.facts.OboDecimalInfo.name', 'name', NULL, 'is any of the ff.', 'matches', NULL, NULL, NULL, NULL, NULL, NULL, '[[key:\"TOTAL_CONNECTED_LOAD\",value:\"TOTAL CONNECTED LOAD\"]]', NULL, 0);
INSERT INTO `sys_rule_condition_constraint` VALUES ('RCONST6cc4d33e:15b3c1e2e72:-72ce', 'RCOND6cc4d33e:15b3c1e2e72:-7315', 'obo.facts.OboIntegerInfo.value', 'value', 'POLES', NULL, NULL, NULL, NULL, NULL, NULL, NULL, NULL, NULL, NULL, 1);
INSERT INTO `sys_rule_condition_constraint` VALUES ('RCONST6cc4d33e:15b3c1e2e72:-7309', 'RCOND6cc4d33e:15b3c1e2e72:-7315', 'obo.facts.OboIntegerInfo.name', 'name', NULL, 'is any of the ff.', 'matches', NULL, NULL, NULL, NULL, NULL, NULL, '[[key:\"POWER_SUPPLY_POLE_LOCATION\",value:\"POWER SUPPLY POLE LOCATION\"]]', NULL, 0);
INSERT INTO `sys_rule_condition_constraint` VALUES ('RCONST6cc4d33e:15b3c1e2e72:-73e7', 'RCOND6cc4d33e:15b3c1e2e72:-7432', 'obo.facts.OboIntegerInfo.value', 'value', 'UNIT', NULL, NULL, NULL, NULL, NULL, NULL, NULL, NULL, NULL, NULL, 1);
INSERT INTO `sys_rule_condition_constraint` VALUES ('RCONST6cc4d33e:15b3c1e2e72:-7426', 'RCOND6cc4d33e:15b3c1e2e72:-7432', 'obo.facts.OboIntegerInfo.name', 'name', NULL, 'is any of the ff.', 'matches', NULL, NULL, NULL, NULL, NULL, NULL, '[[key:\"GUYING_ATTACHMENT\",value:\"GUYING ATTACHMENT\"]]', NULL, 0);
INSERT INTO `sys_rule_condition_constraint` VALUES ('RCONST6cc4d33e:15b3c1e2e72:-7505', 'RCOND6cc4d33e:15b3c1e2e72:-754c', 'obo.facts.OboIntegerInfo.value', 'value', 'NUM_METER', NULL, NULL, NULL, NULL, NULL, NULL, NULL, NULL, NULL, NULL, 1);
INSERT INTO `sys_rule_condition_constraint` VALUES ('RCONST6cc4d33e:15b3c1e2e72:-7540', 'RCOND6cc4d33e:15b3c1e2e72:-754c', 'obo.facts.OboIntegerInfo.name', 'name', NULL, 'is any of the ff.', 'matches', NULL, NULL, NULL, NULL, NULL, NULL, '[[key:\"ELECTRIC_METER\",value:\"ELECTRIC METER\"]]', NULL, 0);
INSERT INTO `sys_rule_condition_constraint` VALUES ('RCONST6cc4d33e:15b3c1e2e72:-761f', 'RCOND6cc4d33e:15b3c1e2e72:-7666', 'obo.facts.OboIntegerInfo.value', 'value', 'UNIT', NULL, NULL, NULL, NULL, NULL, NULL, NULL, NULL, NULL, NULL, 1);
INSERT INTO `sys_rule_condition_constraint` VALUES ('RCONST6cc4d33e:15b3c1e2e72:-765a', 'RCOND6cc4d33e:15b3c1e2e72:-7666', 'obo.facts.OboIntegerInfo.name', 'name', NULL, 'is any of the ff.', 'matches', NULL, NULL, NULL, NULL, NULL, NULL, '[[key:\"ELECTRIC_METER\",value:\"ELECTRIC METER\"]]', NULL, 0);
INSERT INTO `sys_rule_condition_constraint` VALUES ('RCONST6cc4d33e:15b3c1e2e72:-7a67', 'RCOND6cc4d33e:15b3c1e2e72:-7ab0', 'obo.facts.OboIntegerInfo.value', 'value', 'UNIT', NULL, NULL, NULL, NULL, NULL, NULL, NULL, NULL, NULL, NULL, 1);
INSERT INTO `sys_rule_condition_constraint` VALUES ('RCONST6cc4d33e:15b3c1e2e72:-7aa4', 'RCOND6cc4d33e:15b3c1e2e72:-7ab0', 'obo.facts.OboIntegerInfo.name', 'name', NULL, 'is any of the ff.', 'matches', NULL, NULL, NULL, NULL, NULL, NULL, '[[key:\"ELECTRIC_METER\",value:\"ELECTRIC METER\"]]', NULL, 0);
INSERT INTO `sys_rule_condition_constraint` VALUES ('RCONST6e008a5f:15b6c73a9f2:-7cae', 'RCOND6e008a5f:15b6c73a9f2:-7cd4', 'FACTFLD-75b995c:15b18c6b9a6:-7b5f', 'groupid', NULL, 'is any of the ff.', 'matches', NULL, NULL, NULL, NULL, NULL, NULL, '[[key:\"A\",value:\"A\"]]', NULL, 0);
INSERT INTO `sys_rule_condition_constraint` VALUES ('RCONST6e008a5f:15b6c73a9f2:-7d46', 'RCOND6e008a5f:15b6c73a9f2:-7d8d', 'obo.facts.OboDecimalInfo.value', 'value', 'CUM', NULL, NULL, NULL, NULL, NULL, NULL, NULL, NULL, NULL, NULL, 1);
INSERT INTO `sys_rule_condition_constraint` VALUES ('RCONST6e008a5f:15b6c73a9f2:-7d81', 'RCOND6e008a5f:15b6c73a9f2:-7d8d', 'obo.facts.OboDecimalInfo.name', 'name', NULL, 'is any of the ff.', 'matches', NULL, NULL, NULL, NULL, NULL, NULL, '[[key:\"SWIMMING_POOL\",value:\"SWIMMING POOL (cuM)\"]]', NULL, 0);
INSERT INTO `sys_rule_condition_constraint` VALUES ('RCONST6e008a5f:15b6c73a9f2:-7df4', 'RCOND6e008a5f:15b6c73a9f2:-7e16', 'treasury.facts.BillItem.txntype', 'txntype', NULL, 'is any of the ff.', 'matches', NULL, NULL, NULL, NULL, NULL, NULL, '[[key:\"BLDG_ACCESSORY\",value:\"BLDG ACCESSORY FEE\"]]', NULL, 0);
INSERT INTO `sys_rule_condition_constraint` VALUES ('RCONST78d81fce:16e0d2ac78d:-71d5', 'RCOND78d81fce:16e0d2ac78d:-71e5', 'obo.facts.BuildingPermitSection.name', 'name', NULL, 'is any of the ff.', 'matches', NULL, NULL, NULL, NULL, NULL, NULL, '[[key:\"ZONING\",value:\"Zoning\"]]', NULL, 0);
INSERT INTO `sys_rule_condition_constraint` VALUES ('RCONST78d81fce:16e0d2ac78d:-72cd', 'RCOND78d81fce:16e0d2ac78d:-72dd', 'obo.facts.BuildingPermitSection.name', 'name', NULL, 'is any of the ff.', 'matches', NULL, NULL, NULL, NULL, NULL, NULL, '[[key:\"ZONING\",value:\"Zoning\"]]', NULL, 0);
INSERT INTO `sys_rule_condition_constraint` VALUES ('RCONST78d81fce:16e0d2ac78d:-73ba', 'RCOND78d81fce:16e0d2ac78d:-73ca', 'obo.facts.BuildingPermitSection.name', 'name', NULL, 'is any of the ff.', 'matches', NULL, NULL, NULL, NULL, NULL, NULL, '[[key:\"ZONING\",value:\"Zoning\"]]', NULL, 0);
INSERT INTO `sys_rule_condition_constraint` VALUES ('RCONST78d81fce:16e0d2ac78d:-74a7', 'RCOND78d81fce:16e0d2ac78d:-74b7', 'obo.facts.BuildingPermitSection.name', 'name', NULL, 'is any of the ff.', 'matches', NULL, NULL, NULL, NULL, NULL, NULL, '[[key:\"ZONING\",value:\"Zoning\"]]', NULL, 0);
INSERT INTO `sys_rule_condition_constraint` VALUES ('RCONST78d81fce:16e0d2ac78d:-7594', 'RCOND78d81fce:16e0d2ac78d:-75a4', 'obo.facts.BuildingPermitSection.name', 'name', NULL, 'is any of the ff.', 'matches', NULL, NULL, NULL, NULL, NULL, NULL, '[[key:\"ZONING\",value:\"Zoning\"]]', NULL, 0);
INSERT INTO `sys_rule_condition_constraint` VALUES ('RCONST78d81fce:16e0d2ac78d:-7681', 'RCOND78d81fce:16e0d2ac78d:-7691', 'obo.facts.BuildingPermitSection.name', 'name', NULL, 'is any of the ff.', 'matches', NULL, NULL, NULL, NULL, NULL, NULL, '[[key:\"ZONING\",value:\"Zoning\"]]', NULL, 0);
INSERT INTO `sys_rule_condition_constraint` VALUES ('RCONST78d81fce:16e0d2ac78d:-788b', 'RCOND78d81fce:16e0d2ac78d:-789b', 'obo.facts.BuildingPermitSection.name', 'name', NULL, 'is any of the ff.', 'matches', NULL, NULL, NULL, NULL, NULL, NULL, '[[key:\"FSEC\",value:\"Fire Safety Evaluation Clearance\"]]', NULL, 0);
INSERT INTO `sys_rule_condition_constraint` VALUES ('RCONST78d81fce:16e0d2ac78d:-7982', 'RCOND78d81fce:16e0d2ac78d:-7992', 'obo.facts.BuildingPermitSection.name', 'name', NULL, 'is any of the ff.', 'matches', NULL, NULL, NULL, NULL, NULL, NULL, '[[key:\"ELECTRICAL\",value:\"Electrical\"]]', NULL, 0);
INSERT INTO `sys_rule_condition_constraint` VALUES ('RCONST78d81fce:16e0d2ac78d:-7a75', 'RCOND78d81fce:16e0d2ac78d:-7a85', 'obo.facts.BuildingPermitSection.name', 'name', NULL, 'is any of the ff.', 'matches', NULL, NULL, NULL, NULL, NULL, NULL, '[[key:\"ELECTRONIC\",value:\"Electronic\"]]', NULL, 0);
INSERT INTO `sys_rule_condition_constraint` VALUES ('RCONST78d81fce:16e0d2ac78d:-7b62', 'RCOND78d81fce:16e0d2ac78d:-7b72', 'obo.facts.BuildingPermitSection.name', 'name', NULL, 'is any of the ff.', 'matches', NULL, NULL, NULL, NULL, NULL, NULL, '[[key:\"MECHANICAL\",value:\"Mechanical\"]]', NULL, 0);
INSERT INTO `sys_rule_condition_constraint` VALUES ('RCONST78d81fce:16e0d2ac78d:-7c65', 'RCOND78d81fce:16e0d2ac78d:-7c75', 'obo.facts.BuildingPermitSection.name', 'name', NULL, 'is any of the ff.', 'matches', NULL, NULL, NULL, NULL, NULL, NULL, '[[key:\"PLUMBING\",value:\"Plumbing\"]]', NULL, 0);
INSERT INTO `sys_rule_condition_constraint` VALUES ('RCONST7a4cba33:16a44844397:-7362', 'RCOND1fc2e40d:169eb7a6037:-6474', 'obo.facts.BuildingApplication.totalfloorarea', 'totalfloorarea', 'AREA', NULL, NULL, NULL, NULL, NULL, NULL, NULL, NULL, NULL, NULL, 2);
INSERT INTO `sys_rule_condition_constraint` VALUES ('RCONST7a4cba33:16a44844397:-756f', 'RCOND1fc2e40d:169eb7a6037:-5f53', 'obo.facts.BuildingApplication.totalfloorarea', 'totalfloorarea', 'AREA', NULL, NULL, NULL, NULL, NULL, NULL, NULL, NULL, NULL, NULL, 2);
INSERT INTO `sys_rule_condition_constraint` VALUES ('RCONST7a4cba33:16a44844397:-770a', 'RCOND-685b3759:16a2fd8270e:-7120', 'obo.facts.BuildingApplication.totalfloorarea', 'totalfloorarea', 'AREA', NULL, NULL, NULL, NULL, NULL, NULL, NULL, NULL, NULL, NULL, 1);
INSERT INTO `sys_rule_condition_constraint` VALUES ('RCONST7a4cba33:16a44844397:-7899', 'RCOND-685b3759:16a2fd8270e:-7411', 'obo.facts.BuildingApplication.totalfloorarea', 'totalfloorarea', 'AREA', NULL, NULL, NULL, NULL, NULL, NULL, NULL, NULL, NULL, NULL, 1);
INSERT INTO `sys_rule_condition_constraint` VALUES ('RCONST7a4cba33:16a44844397:-7a9a', 'RCOND-685b3759:16a2fd8270e:-76bd', 'obo.facts.BuildingApplication.totalfloorarea', 'totalfloorarea', 'AREA', NULL, NULL, NULL, NULL, NULL, NULL, NULL, NULL, NULL, NULL, 2);
INSERT INTO `sys_rule_condition_constraint` VALUES ('RCONST7a4cba33:16a44844397:-7d6c', 'RCOND-685b3759:16a2fd8270e:-796b', 'obo.facts.BuildingApplication.totalfloorarea', 'totalfloorarea', 'AREA', NULL, NULL, NULL, NULL, NULL, NULL, NULL, NULL, NULL, NULL, 2);
COMMIT;

-- ----------------------------
-- Table structure for sys_rule_condition_var
-- ----------------------------
DROP TABLE IF EXISTS `sys_rule_condition_var`;
CREATE TABLE `sys_rule_condition_var` (
  `objid` varchar(50) NOT NULL,
  `parentid` varchar(50) DEFAULT NULL,
  `ruleid` varchar(50) DEFAULT NULL,
  `varname` varchar(50) DEFAULT NULL,
  `datatype` varchar(50) DEFAULT NULL,
  `pos` int(11) DEFAULT NULL,
  PRIMARY KEY (`objid`),
  KEY `parentid` (`parentid`),
  CONSTRAINT `sys_rule_condition_var_ibfk_1` FOREIGN KEY (`parentid`) REFERENCES `sys_rule_condition` (`objid`)
) ENGINE=InnoDB DEFAULT CHARSET=utf8;

-- ----------------------------
-- Records of sys_rule_condition_var
-- ----------------------------
BEGIN;
INSERT INTO `sys_rule_condition_var` VALUES ('RC-10cfc191:15b48bf8d6b:-7ff2', 'RC-10cfc191:15b48bf8d6b:-7ff2', 'RUL2e43f3c6:15b48c07f72:-78ea', 'BILLITEM', 'treasury.facts.BillItem', 1);
INSERT INTO `sys_rule_condition_var` VALUES ('RC-1b89c680:16a38f14701:-7e90', 'RC-1b89c680:16a38f14701:-7e90', 'RUL27db1036:16a38f07d48:-6e8b', 'BILLITEM', 'treasury.facts.BillItem', 1);
INSERT INTO `sys_rule_condition_var` VALUES ('RC-1b89c680:16a38f14701:-7f3b', 'RC-1b89c680:16a38f14701:-7f3b', 'RUL27db1036:16a38f07d48:-75b1', 'BILLITEM', 'treasury.facts.BillItem', 1);
INSERT INTO `sys_rule_condition_var` VALUES ('RC-1b89c680:16a38f14701:-7f44', 'RC-1b89c680:16a38f14701:-7f44', 'RUL27db1036:16a38f07d48:-75c2', 'BILLITEM', 'treasury.facts.BillItem', 1);
INSERT INTO `sys_rule_condition_var` VALUES ('RC-1b89c680:16a38f14701:-7f56', 'RC-1b89c680:16a38f14701:-7f56', 'RUL27db1036:16a38f07d48:-75e4', 'BILLITEM', 'treasury.facts.BillItem', 1);
INSERT INTO `sys_rule_condition_var` VALUES ('RC-1b89c680:16a38f14701:-7f5f', 'RC-1b89c680:16a38f14701:-7f5f', 'RUL27db1036:16a38f07d48:-75f5', 'BILLITEM', 'treasury.facts.BillItem', 1);
INSERT INTO `sys_rule_condition_var` VALUES ('RC-1b89c680:16a38f14701:-7f68', 'RC-1b89c680:16a38f14701:-7f68', 'RUL27db1036:16a38f07d48:-7606', 'BILLITEM', 'treasury.facts.BillItem', 1);
INSERT INTO `sys_rule_condition_var` VALUES ('RC-1b89c680:16a38f14701:-7f71', 'RC-1b89c680:16a38f14701:-7f71', 'RUL27db1036:16a38f07d48:-7617', 'BILLITEM', 'treasury.facts.BillItem', 1);
INSERT INTO `sys_rule_condition_var` VALUES ('RC-1b89c680:16a38f14701:-7fb7', 'RC-1b89c680:16a38f14701:-7fb7', 'RUL27db1036:16a38f07d48:-7952', 'BILLITEM', 'treasury.facts.BillItem', 1);
INSERT INTO `sys_rule_condition_var` VALUES ('RC-3394437b:16a4396e5cb:-7a73', 'RC-3394437b:16a4396e5cb:-7a73', 'RUL-4267ff2c:16a444aba70:-6950', 'BILLITEM', 'treasury.facts.BillItem', 1);
INSERT INTO `sys_rule_condition_var` VALUES ('RC-3394437b:16a4396e5cb:-7a96', 'RC-3394437b:16a4396e5cb:-7a96', 'RUL-4267ff2c:16a444aba70:-6a5e', 'BILLITEM', 'treasury.facts.BillItem', 1);
INSERT INTO `sys_rule_condition_var` VALUES ('RC-3394437b:16a4396e5cb:-7ad5', 'RC-3394437b:16a4396e5cb:-7ad5', 'RUL-4267ff2c:16a444aba70:-6f9a', 'BILLITEM', 'treasury.facts.BillItem', 2);
INSERT INTO `sys_rule_condition_var` VALUES ('RC-3394437b:16a4396e5cb:-7af5', 'RC-3394437b:16a4396e5cb:-7af5', 'RUL-4267ff2c:16a444aba70:-7247', 'BILLITEM', 'treasury.facts.BillItem', 2);
INSERT INTO `sys_rule_condition_var` VALUES ('RC-3394437b:16a4396e5cb:-7b2b', 'RC-3394437b:16a4396e5cb:-7b2b', 'RUL-4267ff2c:16a444aba70:-744a', 'BILLITEM', 'treasury.facts.BillItem', 2);
INSERT INTO `sys_rule_condition_var` VALUES ('RC-3394437b:16a4396e5cb:-7b38', 'RC-3394437b:16a4396e5cb:-7b38', 'RUL-4267ff2c:16a444aba70:-7493', 'BILLITEM', 'treasury.facts.BillItem', 2);
INSERT INTO `sys_rule_condition_var` VALUES ('RC-3394437b:16a4396e5cb:-7bd6', 'RC-3394437b:16a4396e5cb:-7bd6', 'RUL-4267ff2c:16a444aba70:-7b89', 'BILLITEM', 'treasury.facts.BillItem', 2);
INSERT INTO `sys_rule_condition_var` VALUES ('RC-3394437b:16a4396e5cb:-7c14', 'RC-3394437b:16a4396e5cb:-7c14', 'RUL-4267ff2c:16a444aba70:-7d9d', 'BILLITEM', 'treasury.facts.BillItem', 2);
INSERT INTO `sys_rule_condition_var` VALUES ('RC-3394437b:16a4396e5cb:-7c89', 'RC-3394437b:16a4396e5cb:-7c89', 'RUL-7385ffbe:16a438b05b7:-5b9d', 'BILLITEM', 'treasury.facts.BillItem', 2);
INSERT INTO `sys_rule_condition_var` VALUES ('RC-3394437b:16a4396e5cb:-7cb0', 'RC-3394437b:16a4396e5cb:-7cb0', 'RUL-7385ffbe:16a438b05b7:-5cab', 'BILLITEM', 'treasury.facts.BillItem', 2);
INSERT INTO `sys_rule_condition_var` VALUES ('RC-3394437b:16a4396e5cb:-7ea0', 'RC-3394437b:16a4396e5cb:-7ea0', 'RUL-7385ffbe:16a438b05b7:-6f3a', 'BILLITEM', 'treasury.facts.BillItem', 2);
INSERT INTO `sys_rule_condition_var` VALUES ('RC-3394437b:16a4396e5cb:-7eb0', 'RC-3394437b:16a4396e5cb:-7eb0', 'RUL-7385ffbe:16a438b05b7:-6f77', 'BILLITEM', 'treasury.facts.BillItem', 2);
INSERT INTO `sys_rule_condition_var` VALUES ('RC-3394437b:16a4396e5cb:-7ebb', 'RC-3394437b:16a4396e5cb:-7ebb', 'RUL-7385ffbe:16a438b05b7:-6fb0', 'BILLITEM', 'treasury.facts.BillItem', 2);
INSERT INTO `sys_rule_condition_var` VALUES ('RC-3394437b:16a4396e5cb:-7ecd', 'RC-3394437b:16a4396e5cb:-7ecd', 'RUL-7385ffbe:16a438b05b7:-6feb', 'BILLITEM', 'treasury.facts.BillItem', 2);
INSERT INTO `sys_rule_condition_var` VALUES ('RC-3394437b:16a4396e5cb:-7ed7', 'RC-3394437b:16a4396e5cb:-7ed7', 'RUL-7385ffbe:16a438b05b7:-6ffc', 'BILLITEM', 'treasury.facts.BillItem', 2);
INSERT INTO `sys_rule_condition_var` VALUES ('RC-3394437b:16a4396e5cb:-7efa', 'RC-3394437b:16a4396e5cb:-7efa', 'RUL-7385ffbe:16a438b05b7:-7085', 'BILLITEM', 'treasury.facts.BillItem', 2);
INSERT INTO `sys_rule_condition_var` VALUES ('RC-39c9f5f6:16a4e3b1db2:-7fa0', 'RC-39c9f5f6:16a4e3b1db2:-7fa0', 'RUL-301ccfbb:16a4e3ad539:-7c37', 'BILLITEM', 'treasury.facts.BillItem', 1);
INSERT INTO `sys_rule_condition_var` VALUES ('RC-41519066:15b76f8cd83:-7fe2', 'RC-41519066:15b76f8cd83:-7fe2', 'RUL2671fb3e:15b76f0ce63:-73e5', 'BILLITEM', 'treasury.facts.BillItem', 0);
INSERT INTO `sys_rule_condition_var` VALUES ('RC-41519066:15b76f8cd83:-7fe8', 'RC-41519066:15b76f8cd83:-7fe8', 'RUL2671fb3e:15b76f0ce63:-74ce', 'BILLITEM', 'treasury.facts.BillItem', 0);
INSERT INTO `sys_rule_condition_var` VALUES ('RC-41519066:15b76f8cd83:-7ff1', 'RC-41519066:15b76f8cd83:-7ff1', 'RUL2671fb3e:15b76f0ce63:-76ce', 'BILLITEM', 'treasury.facts.BillItem', 0);
INSERT INTO `sys_rule_condition_var` VALUES ('RC-4dbf9d19:15bf4e01a24:-7fc5', 'RC-4dbf9d19:15bf4e01a24:-7fc5', 'RUL-181817d3:15bf4e3b890:-7862', 'BILLITEM', 'treasury.facts.BillItem', 2);
INSERT INTO `sys_rule_condition_var` VALUES ('RC-4dbf9d19:15bf4e01a24:-7fca', 'RC-4dbf9d19:15bf4e01a24:-7fca', 'RUL-181817d3:15bf4e3b890:-7862', 'BU', 'obo.facts.BuildingUse', 0);
INSERT INTO `sys_rule_condition_var` VALUES ('RC-4dbf9d19:15bf4e01a24:-7fcc', 'RC-4dbf9d19:15bf4e01a24:-7fcc', 'RUL-181817d3:15bf4e3b890:-7862', 'APP', 'obo.facts.OboApplication', 1);
INSERT INTO `sys_rule_condition_var` VALUES ('RC-4dbf9d19:15bf4e01a24:-7fd2', 'RC-4dbf9d19:15bf4e01a24:-7fd2', 'RUL-181817d3:15bf4e3b890:-7873', 'BILLITEM', 'treasury.facts.BillItem', 2);
INSERT INTO `sys_rule_condition_var` VALUES ('RC-4dbf9d19:15bf4e01a24:-7fd7', 'RC-4dbf9d19:15bf4e01a24:-7fd7', 'RUL-181817d3:15bf4e3b890:-7873', 'BU', 'obo.facts.BuildingUse', 0);
INSERT INTO `sys_rule_condition_var` VALUES ('RC-4dbf9d19:15bf4e01a24:-7fd9', 'RC-4dbf9d19:15bf4e01a24:-7fd9', 'RUL-181817d3:15bf4e3b890:-7873', 'APP', 'obo.facts.OboApplication', 1);
INSERT INTO `sys_rule_condition_var` VALUES ('RC-4dbf9d19:15bf4e01a24:-7fdf', 'RC-4dbf9d19:15bf4e01a24:-7fdf', 'RUL-181817d3:15bf4e3b890:-7abf', 'BILLITEM', 'treasury.facts.BillItem', 2);
INSERT INTO `sys_rule_condition_var` VALUES ('RC-4dbf9d19:15bf4e01a24:-7fe4', 'RC-4dbf9d19:15bf4e01a24:-7fe4', 'RUL-181817d3:15bf4e3b890:-7abf', 'APP', 'obo.facts.OboApplication', 1);
INSERT INTO `sys_rule_condition_var` VALUES ('RC-4dbf9d19:15bf4e01a24:-7fe6', 'RC-4dbf9d19:15bf4e01a24:-7fe6', 'RUL-181817d3:15bf4e3b890:-7abf', 'BU', 'obo.facts.BuildingUse', 0);
INSERT INTO `sys_rule_condition_var` VALUES ('RC-4dbf9d19:15bf4e01a24:-7fec', 'RC-4dbf9d19:15bf4e01a24:-7fec', 'RUL-181817d3:15bf4e3b890:-7ad0', 'BILLITEM', 'treasury.facts.BillItem', 2);
INSERT INTO `sys_rule_condition_var` VALUES ('RC-4dbf9d19:15bf4e01a24:-7ff1', 'RC-4dbf9d19:15bf4e01a24:-7ff1', 'RUL-181817d3:15bf4e3b890:-7ad0', 'APP', 'obo.facts.OboApplication', 1);
INSERT INTO `sys_rule_condition_var` VALUES ('RC-4dbf9d19:15bf4e01a24:-7ff3', 'RC-4dbf9d19:15bf4e01a24:-7ff3', 'RUL-181817d3:15bf4e3b890:-7ad0', 'BU', 'obo.facts.BuildingUse', 0);
INSERT INTO `sys_rule_condition_var` VALUES ('RC-52beabf2:15b3c40641b:-7fc5', 'RC-52beabf2:15b3c40641b:-7fc5', 'RUL-108b4192:15b3d234d5c:-698a', 'BILLITEM', 'treasury.facts.BillItem', 0);
INSERT INTO `sys_rule_condition_var` VALUES ('RC-52beabf2:15b3c40641b:-7fcb', 'RC-52beabf2:15b3c40641b:-7fcb', 'RUL-108b4192:15b3d234d5c:-6ad6', 'BILLITEM', 'treasury.facts.BillItem', 0);
INSERT INTO `sys_rule_condition_var` VALUES ('RC-52beabf2:15b3c40641b:-7fd4', 'RC-52beabf2:15b3c40641b:-7fd4', 'RUL-108b4192:15b3d234d5c:-6c55', 'BILLITEM', 'treasury.facts.BillItem', 0);
INSERT INTO `sys_rule_condition_var` VALUES ('RC-52beabf2:15b3c40641b:-7fe0', 'RC-52beabf2:15b3c40641b:-7fe0', 'RUL-108b4192:15b3d234d5c:-73c4', 'BILLITEM', 'treasury.facts.BillItem', 0);
INSERT INTO `sys_rule_condition_var` VALUES ('RC-52beabf2:15b3c40641b:-7ff4', 'RC-52beabf2:15b3c40641b:-7ff4', 'RUL6cc4d33e:15b3c1e2e72:-4e7a', 'BILLITEM', 'treasury.facts.BillItem', 1);
INSERT INTO `sys_rule_condition_var` VALUES ('RC-53717d20:15b4db8478f:-7fba', 'RC-53717d20:15b4db8478f:-7fba', 'RUL4cf13b0:15b4dbc7b17:-769d', 'BILLITEM', 'treasury.facts.BillItem', 1);
INSERT INTO `sys_rule_condition_var` VALUES ('RC-53717d20:15b4db8478f:-7fcf', 'RC-53717d20:15b4db8478f:-7fcf', 'RUL4cf13b0:15b4dbc7b17:-78b3', 'BILLITEM', 'treasury.facts.BillItem', 1);
INSERT INTO `sys_rule_condition_var` VALUES ('RC-53717d20:15b4db8478f:-7fd8', 'RC-53717d20:15b4db8478f:-7fd8', 'RUL4cf13b0:15b4dbc7b17:-78c4', 'BILLITEM', 'treasury.facts.BillItem', 1);
INSERT INTO `sys_rule_condition_var` VALUES ('RC-53717d20:15b4db8478f:-7fe1', 'RC-53717d20:15b4db8478f:-7fe1', 'RUL4cf13b0:15b4dbc7b17:-7d2e', 'BILLITEM', 'treasury.facts.BillItem', 1);
INSERT INTO `sys_rule_condition_var` VALUES ('RC-53717d20:15b4db8478f:-7fe7', 'RC-53717d20:15b4db8478f:-7fe7', 'RUL4cf13b0:15b4dbc7b17:-7e4b', 'BILLITEM', 'treasury.facts.BillItem', 1);
INSERT INTO `sys_rule_condition_var` VALUES ('RC-53717d20:15b4db8478f:-7ff0', 'RC-53717d20:15b4db8478f:-7ff0', 'RUL4cf13b0:15b4dbc7b17:-7e5c', 'BILLITEM', 'treasury.facts.BillItem', 1);
INSERT INTO `sys_rule_condition_var` VALUES ('RC-59612f04:15b6c1c41a7:-7fc2', 'RC-59612f04:15b6c1c41a7:-7fc2', 'RUL6e008a5f:15b6c73a9f2:-71ec', 'BILLITEM', 'treasury.facts.BillItem', 0);
INSERT INTO `sys_rule_condition_var` VALUES ('RC-59612f04:15b6c1c41a7:-7fc5', 'RC-59612f04:15b6c1c41a7:-7fc5', 'RUL6e008a5f:15b6c73a9f2:-71ec', 'INFO', 'obo.facts.OboDecimalInfo', 1);
INSERT INTO `sys_rule_condition_var` VALUES ('RC-59612f04:15b6c1c41a7:-7fc7', 'RC-59612f04:15b6c1c41a7:-7fc7', 'RUL6e008a5f:15b6c73a9f2:-71ec', 'BU', 'obo.facts.BuildingUse', 2);
INSERT INTO `sys_rule_condition_var` VALUES ('RC-59612f04:15b6c1c41a7:-7fcd', 'RC-59612f04:15b6c1c41a7:-7fcd', 'RUL6e008a5f:15b6c73a9f2:-721e', 'BU', 'obo.facts.BuildingUse', 2);
INSERT INTO `sys_rule_condition_var` VALUES ('RC-59612f04:15b6c1c41a7:-7fd2', 'RC-59612f04:15b6c1c41a7:-7fd2', 'RUL6e008a5f:15b6c73a9f2:-721e', 'BILLITEM', 'treasury.facts.BillItem', 0);
INSERT INTO `sys_rule_condition_var` VALUES ('RC-59612f04:15b6c1c41a7:-7fd8', 'RC-59612f04:15b6c1c41a7:-7fd8', 'RUL6e008a5f:15b6c73a9f2:-7250', 'BILLITEM', 'treasury.facts.BillItem', 0);
INSERT INTO `sys_rule_condition_var` VALUES ('RC-59612f04:15b6c1c41a7:-7fdd', 'RC-59612f04:15b6c1c41a7:-7fdd', 'RUL6e008a5f:15b6c73a9f2:-7250', 'BU', 'obo.facts.BuildingUse', 2);
INSERT INTO `sys_rule_condition_var` VALUES ('RC-59612f04:15b6c1c41a7:-7fe3', 'RC-59612f04:15b6c1c41a7:-7fe3', 'RUL6e008a5f:15b6c73a9f2:-7ba0', 'BU', 'obo.facts.BuildingUse', 2);
INSERT INTO `sys_rule_condition_var` VALUES ('RC-59612f04:15b6c1c41a7:-7fe8', 'RC-59612f04:15b6c1c41a7:-7fe8', 'RUL6e008a5f:15b6c73a9f2:-7ba0', 'BILLITEM', 'treasury.facts.BillItem', 0);
INSERT INTO `sys_rule_condition_var` VALUES ('RC-59612f04:15b6c1c41a7:-7fee', 'RC-59612f04:15b6c1c41a7:-7fee', 'RUL6e008a5f:15b6c73a9f2:-7bdf', 'BILLITEM', 'treasury.facts.BillItem', 0);
INSERT INTO `sys_rule_condition_var` VALUES ('RC-59612f04:15b6c1c41a7:-7ff3', 'RC-59612f04:15b6c1c41a7:-7ff3', 'RUL6e008a5f:15b6c73a9f2:-7bdf', 'BU', 'obo.facts.BuildingUse', 2);
INSERT INTO `sys_rule_condition_var` VALUES ('RC-66680c7b:15b3c241e07:-7ff2', 'RC-66680c7b:15b3c241e07:-7ff2', 'RUL6cc4d33e:15b3c1e2e72:-708f', 'BILLITEM', 'treasury.facts.BillItem', 1);
INSERT INTO `sys_rule_condition_var` VALUES ('RC-d96c4a7:15bf6365df9:-7fe8', 'RC-d96c4a7:15bf6365df9:-7fe8', 'RUL-181817d3:15bf4e3b890:-8e0', 'BILLITEM', 'treasury.facts.BillItem', 0);
INSERT INTO `sys_rule_condition_var` VALUES ('RC16c3fcb:16a3a19e4b9:-7a7f', 'RC16c3fcb:16a3a19e4b9:-7a7f', 'RUL59515aa4:16a3a32fa5e:-3fb8', 'BILLITEM', 'treasury.facts.BillItem', 2);
INSERT INTO `sys_rule_condition_var` VALUES ('RC16c3fcb:16a3a19e4b9:-7a8b', 'RC16c3fcb:16a3a19e4b9:-7a8b', 'RUL59515aa4:16a3a32fa5e:-3fec', 'BILLITEM', 'treasury.facts.BillItem', 2);
INSERT INTO `sys_rule_condition_var` VALUES ('RC16c3fcb:16a3a19e4b9:-7a94', 'RC16c3fcb:16a3a19e4b9:-7a94', 'RUL59515aa4:16a3a32fa5e:-4020', 'BILLITEM', 'treasury.facts.BillItem', 2);
INSERT INTO `sys_rule_condition_var` VALUES ('RC16c3fcb:16a3a19e4b9:-7acc', 'RC16c3fcb:16a3a19e4b9:-7acc', 'RUL59515aa4:16a3a32fa5e:-41fd', 'BILLITEM', 'treasury.facts.BillItem', 2);
INSERT INTO `sys_rule_condition_var` VALUES ('RC16c3fcb:16a3a19e4b9:-7ad6', 'RC16c3fcb:16a3a19e4b9:-7ad6', 'RUL59515aa4:16a3a32fa5e:-420e', 'BILLITEM', 'treasury.facts.BillItem', 2);
INSERT INTO `sys_rule_condition_var` VALUES ('RC16c3fcb:16a3a19e4b9:-7b01', 'RC16c3fcb:16a3a19e4b9:-7b01', 'RUL59515aa4:16a3a32fa5e:-43ab', 'BILLITEM', 'treasury.facts.BillItem', 2);
INSERT INTO `sys_rule_condition_var` VALUES ('RC16c3fcb:16a3a19e4b9:-7b2a', 'RC16c3fcb:16a3a19e4b9:-7b2a', 'RUL59515aa4:16a3a32fa5e:-4513', 'BILLITEM', 'treasury.facts.BillItem', 1);
INSERT INTO `sys_rule_condition_var` VALUES ('RC1cbabe6f:15bf507af61:-7fcc', 'RC1cbabe6f:15bf507af61:-7fcc', 'RUL-181817d3:15bf4e3b890:-29cc', 'BILLITEM', 'treasury.facts.BillItem', 0);
INSERT INTO `sys_rule_condition_var` VALUES ('RC1cbabe6f:15bf507af61:-7fd2', 'RC1cbabe6f:15bf507af61:-7fd2', 'RUL-181817d3:15bf4e3b890:-2b06', 'BILLITEM', 'treasury.facts.BillItem', 0);
INSERT INTO `sys_rule_condition_var` VALUES ('RC1cbabe6f:15bf507af61:-7fdb', 'RC1cbabe6f:15bf507af61:-7fdb', 'RUL-181817d3:15bf4e3b890:-3079', 'BILLITEM', 'treasury.facts.BillItem', 1);
INSERT INTO `sys_rule_condition_var` VALUES ('RC1cbabe6f:15bf507af61:-7fe7', 'RC1cbabe6f:15bf507af61:-7fe7', 'RUL-181817d3:15bf4e3b890:-3186', 'BILLITEM', 'treasury.facts.BillItem', 1);
INSERT INTO `sys_rule_condition_var` VALUES ('RC1cbabe6f:15bf507af61:-7fef', 'RC1cbabe6f:15bf507af61:-7fef', 'RUL-181817d3:15bf4e3b890:-415b', 'BU', 'obo.facts.BuildingUse', 2);
INSERT INTO `sys_rule_condition_var` VALUES ('RC1cbabe6f:15bf507af61:-7ff4', 'RC1cbabe6f:15bf507af61:-7ff4', 'RUL-181817d3:15bf4e3b890:-415b', 'BILLITEM', 'treasury.facts.BillItem', 0);
INSERT INTO `sys_rule_condition_var` VALUES ('RC28a83f44:15b74c946cb:-7f3b', 'RC28a83f44:15b74c946cb:-7f3b', 'RUL-50300c99:15b7626649d:-5330', 'BILLITEM', 'treasury.facts.BillItem', 0);
INSERT INTO `sys_rule_condition_var` VALUES ('RC28a83f44:15b74c946cb:-7f44', 'RC28a83f44:15b74c946cb:-7f44', 'RUL-50300c99:15b7626649d:-56a6', 'BILLITEM', 'treasury.facts.BillItem', 0);
INSERT INTO `sys_rule_condition_var` VALUES ('RC28a83f44:15b74c946cb:-7f4a', 'RC28a83f44:15b74c946cb:-7f4a', 'RUL-50300c99:15b7626649d:-5807', 'BILLITEM', 'treasury.facts.BillItem', 0);
INSERT INTO `sys_rule_condition_var` VALUES ('RC28a83f44:15b74c946cb:-7f56', 'RC28a83f44:15b74c946cb:-7f56', 'RUL-50300c99:15b7626649d:-5c39', 'BILLITEM', 'treasury.facts.BillItem', 0);
INSERT INTO `sys_rule_condition_var` VALUES ('RC28a83f44:15b74c946cb:-7f5c', 'RC28a83f44:15b74c946cb:-7f5c', 'RUL-50300c99:15b7626649d:-66a4', 'BILLITEM', 'treasury.facts.BillItem', 0);
INSERT INTO `sys_rule_condition_var` VALUES ('RC28a83f44:15b74c946cb:-7f65', 'RC28a83f44:15b74c946cb:-7f65', 'RUL-50300c99:15b7626649d:-66b5', 'BILLITEM', 'treasury.facts.BillItem', 0);
INSERT INTO `sys_rule_condition_var` VALUES ('RC28a83f44:15b74c946cb:-7f6e', 'RC28a83f44:15b74c946cb:-7f6e', 'RUL-50300c99:15b7626649d:-66c6', 'BILLITEM', 'treasury.facts.BillItem', 0);
INSERT INTO `sys_rule_condition_var` VALUES ('RC28a83f44:15b74c946cb:-7f77', 'RC28a83f44:15b74c946cb:-7f77', 'RUL-50300c99:15b7626649d:-6710', 'BILLITEM', 'treasury.facts.BillItem', 0);
INSERT INTO `sys_rule_condition_var` VALUES ('RC28a83f44:15b74c946cb:-7f8b', 'RC28a83f44:15b74c946cb:-7f8b', 'RUL-50300c99:15b7626649d:-6cee', 'BU', 'obo.facts.BuildingUse', 2);
INSERT INTO `sys_rule_condition_var` VALUES ('RC28a83f44:15b74c946cb:-7f90', 'RC28a83f44:15b74c946cb:-7f90', 'RUL-50300c99:15b7626649d:-6cee', 'BILLITEM', 'treasury.facts.BillItem', 0);
INSERT INTO `sys_rule_condition_var` VALUES ('RC28a83f44:15b74c946cb:-7f96', 'RC28a83f44:15b74c946cb:-7f96', 'RUL-50300c99:15b7626649d:-6fe2', 'BILLITEM', 'treasury.facts.BillItem', 0);
INSERT INTO `sys_rule_condition_var` VALUES ('RC28a83f44:15b74c946cb:-7f9b', 'RC28a83f44:15b74c946cb:-7f9b', 'RUL-50300c99:15b7626649d:-6fe2', 'BU', 'obo.facts.BuildingUse', 2);
INSERT INTO `sys_rule_condition_var` VALUES ('RC28a83f44:15b74c946cb:-7fa1', 'RC28a83f44:15b74c946cb:-7fa1', 'RUL-50300c99:15b7626649d:-7a5e', 'BU', 'obo.facts.BuildingUse', 0);
INSERT INTO `sys_rule_condition_var` VALUES ('RC28a83f44:15b74c946cb:-7fa3', 'RC28a83f44:15b74c946cb:-7fa3', 'RUL-50300c99:15b7626649d:-7a5e', 'BILLITEM', 'treasury.facts.BillItem', 1);
INSERT INTO `sys_rule_condition_var` VALUES ('RC28a83f44:15b74c946cb:-7fac', 'RC28a83f44:15b74c946cb:-7fac', 'RUL-50300c99:15b7626649d:-7a6f', 'BU', 'obo.facts.BuildingUse', 0);
INSERT INTO `sys_rule_condition_var` VALUES ('RC28a83f44:15b74c946cb:-7fae', 'RC28a83f44:15b74c946cb:-7fae', 'RUL-50300c99:15b7626649d:-7a6f', 'BILLITEM', 'treasury.facts.BillItem', 1);
INSERT INTO `sys_rule_condition_var` VALUES ('RC28a83f44:15b74c946cb:-7fc3', 'RC28a83f44:15b74c946cb:-7fc3', 'RUL3f65f585:15b74b1144b:-6ec2', 'BU', 'obo.facts.BuildingUse', 0);
INSERT INTO `sys_rule_condition_var` VALUES ('RC28a83f44:15b74c946cb:-7fc5', 'RC28a83f44:15b74c946cb:-7fc5', 'RUL3f65f585:15b74b1144b:-6ec2', 'BILLITEM', 'treasury.facts.BillItem', 1);
INSERT INTO `sys_rule_condition_var` VALUES ('RC28a83f44:15b74c946cb:-7fd1', 'RC28a83f44:15b74c946cb:-7fd1', 'RUL3f65f585:15b74b1144b:-6efb', 'BILLITEM', 'treasury.facts.BillItem', 1);
INSERT INTO `sys_rule_condition_var` VALUES ('RC28a83f44:15b74c946cb:-7fd3', 'RC28a83f44:15b74c946cb:-7fd3', 'RUL3f65f585:15b74b1144b:-6efb', 'BU', 'obo.facts.BuildingUse', 0);
INSERT INTO `sys_rule_condition_var` VALUES ('RC28a83f44:15b74c946cb:-7fdc', 'RC28a83f44:15b74c946cb:-7fdc', 'RUL3f65f585:15b74b1144b:-6f38', 'BILLITEM', 'treasury.facts.BillItem', 1);
INSERT INTO `sys_rule_condition_var` VALUES ('RC28a83f44:15b74c946cb:-7fde', 'RC28a83f44:15b74c946cb:-7fde', 'RUL3f65f585:15b74b1144b:-6f38', 'BU', 'obo.facts.BuildingUse', 0);
INSERT INTO `sys_rule_condition_var` VALUES ('RC28a83f44:15b74c946cb:-7fe4', 'RC28a83f44:15b74c946cb:-7fe4', 'RUL3f65f585:15b74b1144b:-6f6a', 'BU', 'obo.facts.BuildingUse', 0);
INSERT INTO `sys_rule_condition_var` VALUES ('RC28a83f44:15b74c946cb:-7fe6', 'RC28a83f44:15b74c946cb:-7fe6', 'RUL3f65f585:15b74b1144b:-6f6a', 'BILLITEM', 'treasury.facts.BillItem', 1);
INSERT INTO `sys_rule_condition_var` VALUES ('RC28a83f44:15b74c946cb:-7fef', 'RC28a83f44:15b74c946cb:-7fef', 'RUL3f65f585:15b74b1144b:-6fbc', 'BU', 'obo.facts.BuildingUse', 0);
INSERT INTO `sys_rule_condition_var` VALUES ('RC28a83f44:15b74c946cb:-7ff1', 'RC28a83f44:15b74c946cb:-7ff1', 'RUL3f65f585:15b74b1144b:-6fbc', 'BILLITEM', 'treasury.facts.BillItem', 1);
INSERT INTO `sys_rule_condition_var` VALUES ('RC33115abb:15b366b9fbd:-7f56', 'RC33115abb:15b366b9fbd:-7f56', 'RUL10bc2a9b:15b3805d39e:-6ef4', 'BILLITEM', 'treasury.facts.BillItem', 1);
INSERT INTO `sys_rule_condition_var` VALUES ('RC33115abb:15b366b9fbd:-7f5e', 'RC33115abb:15b366b9fbd:-7f5e', 'RUL10bc2a9b:15b3805d39e:-6f05', 'BILLITEM', 'treasury.facts.BillItem', 1);
INSERT INTO `sys_rule_condition_var` VALUES ('RC33115abb:15b366b9fbd:-7f68', 'RC33115abb:15b366b9fbd:-7f68', 'RUL10bc2a9b:15b3805d39e:-6f74', 'BILLITEM', 'treasury.facts.BillItem', 1);
INSERT INTO `sys_rule_condition_var` VALUES ('RC33115abb:15b366b9fbd:-7f88', 'RC33115abb:15b366b9fbd:-7f88', 'RUL10bc2a9b:15b3805d39e:-7cd0', 'BILLITEM', 'treasury.facts.BillItem', 1);
INSERT INTO `sys_rule_condition_var` VALUES ('RC33115abb:15b366b9fbd:-7f90', 'RC33115abb:15b366b9fbd:-7f90', 'RUL10bc2a9b:15b3805d39e:-7ce1', 'BILLITEM', 'treasury.facts.BillItem', 1);
INSERT INTO `sys_rule_condition_var` VALUES ('RC33115abb:15b366b9fbd:-7f99', 'RC33115abb:15b366b9fbd:-7f99', 'RUL-5a2a6f0f:15b37b47575:-72c2', 'BILLITEM', 'treasury.facts.BillItem', 1);
INSERT INTO `sys_rule_condition_var` VALUES ('RC33115abb:15b366b9fbd:-7fa1', 'RC33115abb:15b366b9fbd:-7fa1', 'RUL-5a2a6f0f:15b37b47575:-72d3', 'BILLITEM', 'treasury.facts.BillItem', 1);
INSERT INTO `sys_rule_condition_var` VALUES ('RC33115abb:15b366b9fbd:-7fa9', 'RC33115abb:15b366b9fbd:-7fa9', 'RUL-5a2a6f0f:15b37b47575:-72e4', 'BILLITEM', 'treasury.facts.BillItem', 1);
INSERT INTO `sys_rule_condition_var` VALUES ('RC33115abb:15b366b9fbd:-7fb1', 'RC33115abb:15b366b9fbd:-7fb1', 'RUL-5a2a6f0f:15b37b47575:-72f5', 'BILLITEM', 'treasury.facts.BillItem', 1);
INSERT INTO `sys_rule_condition_var` VALUES ('RC33115abb:15b366b9fbd:-7fb9', 'RC33115abb:15b366b9fbd:-7fb9', 'RUL-5a2a6f0f:15b37b47575:-7306', 'BILLITEM', 'treasury.facts.BillItem', 1);
INSERT INTO `sys_rule_condition_var` VALUES ('RC33115abb:15b366b9fbd:-7fc1', 'RC33115abb:15b366b9fbd:-7fc1', 'RUL-5a2a6f0f:15b37b47575:-7317', 'BILLITEM', 'treasury.facts.BillItem', 1);
INSERT INTO `sys_rule_condition_var` VALUES ('RC33115abb:15b366b9fbd:-7fca', 'RC33115abb:15b366b9fbd:-7fca', 'RUL544e84a6:15b372b5faf:-782f', 'BILLITEM', 'treasury.facts.BillItem', 1);
INSERT INTO `sys_rule_condition_var` VALUES ('RC33115abb:15b366b9fbd:-7fd2', 'RC33115abb:15b366b9fbd:-7fd2', 'RUL544e84a6:15b372b5faf:-7959', 'BILLITEM', 'treasury.facts.BillItem', 1);
INSERT INTO `sys_rule_condition_var` VALUES ('RC33115abb:15b366b9fbd:-7fda', 'RC33115abb:15b366b9fbd:-7fda', 'RUL544e84a6:15b372b5faf:-7c53', 'BILLITEM', 'treasury.facts.BillItem', 1);
INSERT INTO `sys_rule_condition_var` VALUES ('RC33115abb:15b366b9fbd:-7fe2', 'RC33115abb:15b366b9fbd:-7fe2', 'RUL544e84a6:15b372b5faf:-7d4b', 'BILLITEM', 'treasury.facts.BillItem', 1);
INSERT INTO `sys_rule_condition_var` VALUES ('RC6ad88b42:15bf25a2e71:-7fe1', 'RC6ad88b42:15bf25a2e71:-7fe1', 'RUL-2fbca757:15bf25c4add:-7b95', 'APP', 'obo.facts.OboApplication', 1);
INSERT INTO `sys_rule_condition_var` VALUES ('RC6ad88b42:15bf25a2e71:-7fe3', 'RC6ad88b42:15bf25a2e71:-7fe3', 'RUL-2fbca757:15bf25c4add:-7b95', 'BU', 'obo.facts.BuildingUse', 0);
INSERT INTO `sys_rule_condition_var` VALUES ('RC6ad88b42:15bf25a2e71:-7fe9', 'RC6ad88b42:15bf25a2e71:-7fe9', 'RUL-2fbca757:15bf25c4add:-7bbe', 'APP', 'obo.facts.OboApplication', 1);
INSERT INTO `sys_rule_condition_var` VALUES ('RC6ad88b42:15bf25a2e71:-7feb', 'RC6ad88b42:15bf25a2e71:-7feb', 'RUL-2fbca757:15bf25c4add:-7bbe', 'BU', 'obo.facts.BuildingUse', 0);
INSERT INTO `sys_rule_condition_var` VALUES ('RC73b3316:15bf60d669e:-7f94', 'RC73b3316:15bf60d669e:-7f94', 'RUL-181817d3:15bf4e3b890:-af9', 'BILLITEM', 'treasury.facts.BillItem', 0);
INSERT INTO `sys_rule_condition_var` VALUES ('RC73b3316:15bf60d669e:-7f9a', 'RC73b3316:15bf60d669e:-7f9a', 'RUL-181817d3:15bf4e3b890:-b2e', 'BILLITEM', 'treasury.facts.BillItem', 0);
INSERT INTO `sys_rule_condition_var` VALUES ('RC73b3316:15bf60d669e:-7fc4', 'RC73b3316:15bf60d669e:-7fc4', 'RUL-181817d3:15bf4e3b890:-d87', 'BILLITEM', 'treasury.facts.BillItem', 0);
INSERT INTO `sys_rule_condition_var` VALUES ('RC73b3316:15bf60d669e:-7fd6', 'RC73b3316:15bf60d669e:-7fd6', 'RUL-181817d3:15bf4e3b890:-10f2', 'BILLITEM', 'treasury.facts.BillItem', 0);
INSERT INTO `sys_rule_condition_var` VALUES ('RC73b3316:15bf60d669e:-7fe2', 'RC73b3316:15bf60d669e:-7fe2', 'RUL-181817d3:15bf4e3b890:-1103', 'BILLITEM', 'treasury.facts.BillItem', 0);
INSERT INTO `sys_rule_condition_var` VALUES ('RC73b3316:15bf60d669e:-7fee', 'RC73b3316:15bf60d669e:-7fee', 'RUL-181817d3:15bf4e3b890:-1114', 'BILLITEM', 'treasury.facts.BillItem', 0);
INSERT INTO `sys_rule_condition_var` VALUES ('RC7a7a989e:15b22fce173:-7fc2', 'RC7a7a989e:15b22fce173:-7fc2', 'RUL-41499999:15b23048395:-77db', 'BILLITEM', 'treasury.facts.BillItem', 2);
INSERT INTO `sys_rule_condition_var` VALUES ('RC7a7a989e:15b22fce173:-7fcc', 'RC7a7a989e:15b22fce173:-7fcc', 'RUL-41499999:15b23048395:-77ec', 'BILLITEM', 'treasury.facts.BillItem', 2);
INSERT INTO `sys_rule_condition_var` VALUES ('RC7a7a989e:15b22fce173:-7fd6', 'RC7a7a989e:15b22fce173:-7fd6', 'RUL-41499999:15b23048395:-77fd', 'BILLITEM', 'treasury.facts.BillItem', 2);
INSERT INTO `sys_rule_condition_var` VALUES ('RC7a7a989e:15b22fce173:-7ff2', 'RC7a7a989e:15b22fce173:-7ff2', 'RUL-41499999:15b23048395:-7d1e', 'BILLITEM', 'treasury.facts.BillItem', 1);
INSERT INTO `sys_rule_condition_var` VALUES ('RCC-10cfc191:15b48bf8d6b:-7fef', 'RC-10cfc191:15b48bf8d6b:-7ff0', 'RUL2e43f3c6:15b48c07f72:-78ea', 'UNIT', 'integer', 1);
INSERT INTO `sys_rule_condition_var` VALUES ('RCC-1b89c680:16a38f14701:-7e92', 'RC-1b89c680:16a38f14701:-7e93', 'RUL27db1036:16a38f07d48:-6e8b', 'UNIT', 'integer', 1);
INSERT INTO `sys_rule_condition_var` VALUES ('RCC-1b89c680:16a38f14701:-7f38', 'RC-1b89c680:16a38f14701:-7f39', 'RUL27db1036:16a38f07d48:-75b1', 'UNIT', 'integer', 1);
INSERT INTO `sys_rule_condition_var` VALUES ('RCC-1b89c680:16a38f14701:-7f41', 'RC-1b89c680:16a38f14701:-7f42', 'RUL27db1036:16a38f07d48:-75c2', 'STRUC', 'integer', 1);
INSERT INTO `sys_rule_condition_var` VALUES ('RCC-1b89c680:16a38f14701:-7f53', 'RC-1b89c680:16a38f14701:-7f54', 'RUL27db1036:16a38f07d48:-75e4', 'TERM', 'integer', 1);
INSERT INTO `sys_rule_condition_var` VALUES ('RCC-1b89c680:16a38f14701:-7f5c', 'RC-1b89c680:16a38f14701:-7f5d', 'RUL27db1036:16a38f07d48:-75f5', 'OUTLET', 'integer', 1);
INSERT INTO `sys_rule_condition_var` VALUES ('RCC-1b89c680:16a38f14701:-7f65', 'RC-1b89c680:16a38f14701:-7f66', 'RUL27db1036:16a38f07d48:-7606', 'UNIT', 'integer', 1);
INSERT INTO `sys_rule_condition_var` VALUES ('RCC-1b89c680:16a38f14701:-7f6e', 'RC-1b89c680:16a38f14701:-7f6f', 'RUL27db1036:16a38f07d48:-7617', 'LOC', 'integer', 1);
INSERT INTO `sys_rule_condition_var` VALUES ('RCC-1b89c680:16a38f14701:-7fb9', 'RC-1b89c680:16a38f14701:-7fba', 'RUL27db1036:16a38f07d48:-7952', 'PORT', 'integer', 1);
INSERT INTO `sys_rule_condition_var` VALUES ('RCC-3394437b:16a4396e5cb:-7a74', 'RC-3394437b:16a4396e5cb:-7a76', 'RUL-4267ff2c:16a444aba70:-6950', 'SQM', 'decimal', 1);
INSERT INTO `sys_rule_condition_var` VALUES ('RCC-3394437b:16a4396e5cb:-7a93', 'RC-3394437b:16a4396e5cb:-7a94', 'RUL-4267ff2c:16a444aba70:-6a5e', 'SQM', 'decimal', 1);
INSERT INTO `sys_rule_condition_var` VALUES ('RCC-3394437b:16a4396e5cb:-7bd7', 'RC-3394437b:16a4396e5cb:-7bd9', 'RUL-4267ff2c:16a444aba70:-7b89', 'CUM', 'decimal', 1);
INSERT INTO `sys_rule_condition_var` VALUES ('RCC-3394437b:16a4396e5cb:-7c0f', 'RC-3394437b:16a4396e5cb:-7c10', 'RUL-4267ff2c:16a444aba70:-7d9d', 'SQM', 'decimal', 1);
INSERT INTO `sys_rule_condition_var` VALUES ('RCC-3394437b:16a4396e5cb:-7c8c', 'RC-3394437b:16a4396e5cb:-7c8e', 'RUL-7385ffbe:16a438b05b7:-5b9d', 'HEIGHT', 'decimal', 1);
INSERT INTO `sys_rule_condition_var` VALUES ('RCC-3394437b:16a4396e5cb:-7cab', 'RC-3394437b:16a4396e5cb:-7cac', 'RUL-7385ffbe:16a438b05b7:-5cab', 'HEIGHT', 'decimal', 1);
INSERT INTO `sys_rule_condition_var` VALUES ('RCC-3394437b:16a4396e5cb:-7e9b', 'RC-3394437b:16a4396e5cb:-7e9c', 'RUL-7385ffbe:16a438b05b7:-6f3a', 'HEIGHT', 'decimal', 1);
INSERT INTO `sys_rule_condition_var` VALUES ('RCC-3394437b:16a4396e5cb:-7eab', 'RC-3394437b:16a4396e5cb:-7eac', 'RUL-7385ffbe:16a438b05b7:-6f77', 'HEIGHT', 'decimal', 1);
INSERT INTO `sys_rule_condition_var` VALUES ('RCC-3394437b:16a4396e5cb:-7ebe', 'RC-3394437b:16a4396e5cb:-7ec0', 'RUL-7385ffbe:16a438b05b7:-6fb0', 'HEIGHT', 'decimal', 1);
INSERT INTO `sys_rule_condition_var` VALUES ('RCC-3394437b:16a4396e5cb:-7ed0', 'RC-3394437b:16a4396e5cb:-7ed2', 'RUL-7385ffbe:16a438b05b7:-6feb', 'HEIGHT', 'decimal', 1);
INSERT INTO `sys_rule_condition_var` VALUES ('RCC-3394437b:16a4396e5cb:-7eda', 'RC-3394437b:16a4396e5cb:-7edc', 'RUL-7385ffbe:16a438b05b7:-6ffc', 'HEIGHT', 'decimal', 1);
INSERT INTO `sys_rule_condition_var` VALUES ('RCC-3394437b:16a4396e5cb:-7ef5', 'RC-3394437b:16a4396e5cb:-7ef6', 'RUL-7385ffbe:16a438b05b7:-7085', 'HEIGHT', 'decimal', 1);
INSERT INTO `sys_rule_condition_var` VALUES ('RCC-39c9f5f6:16a4e3b1db2:-7fa1', 'RC-39c9f5f6:16a4e3b1db2:-7fa3', 'RUL-301ccfbb:16a4e3ad539:-7c37', 'CUM', 'decimal', 1);
INSERT INTO `sys_rule_condition_var` VALUES ('RCC-41519066:15b76f8cd83:-7fea', 'RC-41519066:15b76f8cd83:-7feb', 'RUL2671fb3e:15b76f0ce63:-74ce', 'TON', 'decimal', 1);
INSERT INTO `sys_rule_condition_var` VALUES ('RCC-4dbf9d19:15bf4e01a24:-7fc7', 'RC-4dbf9d19:15bf4e01a24:-7fc8', 'RUL-181817d3:15bf4e3b890:-7862', 'AREA', 'decimal', 1);
INSERT INTO `sys_rule_condition_var` VALUES ('RCC-4dbf9d19:15bf4e01a24:-7fd4', 'RC-4dbf9d19:15bf4e01a24:-7fd5', 'RUL-181817d3:15bf4e3b890:-7873', 'AREA', 'decimal', 1);
INSERT INTO `sys_rule_condition_var` VALUES ('RCC-4dbf9d19:15bf4e01a24:-7fe1', 'RC-4dbf9d19:15bf4e01a24:-7fe2', 'RUL-181817d3:15bf4e3b890:-7abf', 'AREA', 'decimal', 1);
INSERT INTO `sys_rule_condition_var` VALUES ('RCC-4dbf9d19:15bf4e01a24:-7fee', 'RC-4dbf9d19:15bf4e01a24:-7fef', 'RUL-181817d3:15bf4e3b890:-7ad0', 'AREA', 'decimal', 1);
INSERT INTO `sys_rule_condition_var` VALUES ('RCC-52beabf2:15b3c40641b:-7fc1', 'RC-52beabf2:15b3c40641b:-7fc3', 'RUL-108b4192:15b3d234d5c:-698a', 'TON', 'decimal', 1);
INSERT INTO `sys_rule_condition_var` VALUES ('RCC-52beabf2:15b3c40641b:-7fcd', 'RC-52beabf2:15b3c40641b:-7fce', 'RUL-108b4192:15b3d234d5c:-6ad6', 'LNM', 'decimal', 1);
INSERT INTO `sys_rule_condition_var` VALUES ('RCC-52beabf2:15b3c40641b:-7fd6', 'RC-52beabf2:15b3c40641b:-7fd7', 'RUL-108b4192:15b3d234d5c:-6c55', 'KW', 'decimal', 1);
INSERT INTO `sys_rule_condition_var` VALUES ('RCC-52beabf2:15b3c40641b:-7fdd', 'RC-52beabf2:15b3c40641b:-7fde', 'RUL-108b4192:15b3d234d5c:-73c4', 'VAL', 'decimal', 1);
INSERT INTO `sys_rule_condition_var` VALUES ('RCC-53717d20:15b4db8478f:-7fcc', 'RC-53717d20:15b4db8478f:-7fcd', 'RUL4cf13b0:15b4dbc7b17:-78b3', 'UNIT', 'integer', 1);
INSERT INTO `sys_rule_condition_var` VALUES ('RCC-53717d20:15b4db8478f:-7fd5', 'RC-53717d20:15b4db8478f:-7fd6', 'RUL4cf13b0:15b4dbc7b17:-78c4', 'UNIT', 'integer', 1);
INSERT INTO `sys_rule_condition_var` VALUES ('RCC-53717d20:15b4db8478f:-7fde', 'RC-53717d20:15b4db8478f:-7fdf', 'RUL4cf13b0:15b4dbc7b17:-7d2e', 'UNIT', 'integer', 1);
INSERT INTO `sys_rule_condition_var` VALUES ('RCC-53717d20:15b4db8478f:-7fe8', 'RC-53717d20:15b4db8478f:-7fea', 'RUL4cf13b0:15b4dbc7b17:-7e4b', 'UNIT', 'integer', 1);
INSERT INTO `sys_rule_condition_var` VALUES ('RCC-53717d20:15b4db8478f:-7ff1', 'RC-53717d20:15b4db8478f:-7ff3', 'RUL4cf13b0:15b4dbc7b17:-7e5c', 'UNIT', 'integer', 1);
INSERT INTO `sys_rule_condition_var` VALUES ('RCC-59612f04:15b6c1c41a7:-7fc4', 'RC-59612f04:15b6c1c41a7:-7fc5', 'RUL6e008a5f:15b6c73a9f2:-71ec', 'CUM', 'decimal', 1);
INSERT INTO `sys_rule_condition_var` VALUES ('RCC-59612f04:15b6c1c41a7:-7fce', 'RC-59612f04:15b6c1c41a7:-7fd0', 'RUL6e008a5f:15b6c73a9f2:-721e', 'CUM', 'decimal', 1);
INSERT INTO `sys_rule_condition_var` VALUES ('RCC-59612f04:15b6c1c41a7:-7fda', 'RC-59612f04:15b6c1c41a7:-7fdb', 'RUL6e008a5f:15b6c73a9f2:-7250', 'CUM', 'decimal', 1);
INSERT INTO `sys_rule_condition_var` VALUES ('RCC-59612f04:15b6c1c41a7:-7fe4', 'RC-59612f04:15b6c1c41a7:-7fe6', 'RUL6e008a5f:15b6c73a9f2:-7ba0', 'CUM', 'decimal', 1);
INSERT INTO `sys_rule_condition_var` VALUES ('RCC-59612f04:15b6c1c41a7:-7ff0', 'RC-59612f04:15b6c1c41a7:-7ff1', 'RUL6e008a5f:15b6c73a9f2:-7bdf', 'CUM', 'decimal', 1);
INSERT INTO `sys_rule_condition_var` VALUES ('RCC-694f0728:16e35852ae8:-7eda', 'RC-694f0728:16e35852ae8:-7edb', 'RUL-2a4f39d0:16e35fe5e74:-7bc2', 'COST', 'decimal', 1);
INSERT INTO `sys_rule_condition_var` VALUES ('RCC-d96c4a7:15bf6365df9:-7fe1', 'RC-d96c4a7:15bf6365df9:-7fe3', 'RUL-181817d3:15bf4e3b890:-8e0', 'SQM', 'decimal', 1);
INSERT INTO `sys_rule_condition_var` VALUES ('RCC16c3fcb:16a3a19e4b9:-7a7a', 'RC16c3fcb:16a3a19e4b9:-7a7b', 'RUL59515aa4:16a3a32fa5e:-3fb8', 'CUM', 'decimal', 1);
INSERT INTO `sys_rule_condition_var` VALUES ('RCC16c3fcb:16a3a19e4b9:-7a86', 'RC16c3fcb:16a3a19e4b9:-7a87', 'RUL59515aa4:16a3a32fa5e:-3fec', 'CUM', 'decimal', 1);
INSERT INTO `sys_rule_condition_var` VALUES ('RCC16c3fcb:16a3a19e4b9:-7a97', 'RC16c3fcb:16a3a19e4b9:-7a99', 'RUL59515aa4:16a3a32fa5e:-4020', 'CUM', 'decimal', 1);
INSERT INTO `sys_rule_condition_var` VALUES ('RCC16c3fcb:16a3a19e4b9:-7acf', 'RC16c3fcb:16a3a19e4b9:-7ad1', 'RUL59515aa4:16a3a32fa5e:-41fd', 'CUM', 'decimal', 1);
INSERT INTO `sys_rule_condition_var` VALUES ('RCC16c3fcb:16a3a19e4b9:-7ad9', 'RC16c3fcb:16a3a19e4b9:-7adb', 'RUL59515aa4:16a3a32fa5e:-420e', 'CUM', 'decimal', 1);
INSERT INTO `sys_rule_condition_var` VALUES ('RCC16c3fcb:16a3a19e4b9:-7afc', 'RC16c3fcb:16a3a19e4b9:-7afd', 'RUL59515aa4:16a3a32fa5e:-43ab', 'CUM', 'decimal', 1);
INSERT INTO `sys_rule_condition_var` VALUES ('RCC16c3fcb:16a3a19e4b9:-7b27', 'RC16c3fcb:16a3a19e4b9:-7b28', 'RUL59515aa4:16a3a32fa5e:-4513', 'CUM', 'decimal', 1);
INSERT INTO `sys_rule_condition_var` VALUES ('RCC1cbabe6f:15bf507af61:-7fc8', 'RC1cbabe6f:15bf507af61:-7fca', 'RUL-181817d3:15bf4e3b890:-29cc', 'LNM', 'decimal', 1);
INSERT INTO `sys_rule_condition_var` VALUES ('RCC1cbabe6f:15bf507af61:-7fd4', 'RC1cbabe6f:15bf507af61:-7fd5', 'RUL-181817d3:15bf4e3b890:-2b06', 'LM', 'decimal', 1);
INSERT INTO `sys_rule_condition_var` VALUES ('RCC1cbabe6f:15bf507af61:-7fdc', 'RC1cbabe6f:15bf507af61:-7fde', 'RUL-181817d3:15bf4e3b890:-3079', 'SQM', 'decimal', 1);
INSERT INTO `sys_rule_condition_var` VALUES ('RCC1cbabe6f:15bf507af61:-7fe4', 'RC1cbabe6f:15bf507af61:-7fe5', 'RUL-181817d3:15bf4e3b890:-3186', 'CUM', 'decimal', 1);
INSERT INTO `sys_rule_condition_var` VALUES ('RCC1cbabe6f:15bf507af61:-7ff0', 'RC1cbabe6f:15bf507af61:-7ff2', 'RUL-181817d3:15bf4e3b890:-415b', 'CUM', 'decimal', 1);
INSERT INTO `sys_rule_condition_var` VALUES ('RCC28a83f44:15b74c946cb:-7f37', 'RC28a83f44:15b74c946cb:-7f39', 'RUL-50300c99:15b7626649d:-5330', 'CUM', 'decimal', 1);
INSERT INTO `sys_rule_condition_var` VALUES ('RCC28a83f44:15b74c946cb:-7f4c', 'RC28a83f44:15b74c946cb:-7f4d', 'RUL-50300c99:15b7626649d:-5807', 'SQM', 'decimal', 1);
INSERT INTO `sys_rule_condition_var` VALUES ('RCC28a83f44:15b74c946cb:-7f53', 'RC28a83f44:15b74c946cb:-7f54', 'RUL-50300c99:15b7626649d:-5c39', 'SQM', 'decimal', 1);
INSERT INTO `sys_rule_condition_var` VALUES ('RCC28a83f44:15b74c946cb:-7f5e', 'RC28a83f44:15b74c946cb:-7f5f', 'RUL-50300c99:15b7626649d:-66a4', 'SQM', 'decimal', 1);
INSERT INTO `sys_rule_condition_var` VALUES ('RCC28a83f44:15b74c946cb:-7f67', 'RC28a83f44:15b74c946cb:-7f68', 'RUL-50300c99:15b7626649d:-66b5', 'SQM', 'decimal', 1);
INSERT INTO `sys_rule_condition_var` VALUES ('RCC28a83f44:15b74c946cb:-7f70', 'RC28a83f44:15b74c946cb:-7f71', 'RUL-50300c99:15b7626649d:-66c6', 'SQM', 'decimal', 1);
INSERT INTO `sys_rule_condition_var` VALUES ('RCC28a83f44:15b74c946cb:-7f8c', 'RC28a83f44:15b74c946cb:-7f8e', 'RUL-50300c99:15b7626649d:-6cee', 'CUM', 'decimal', 1);
INSERT INTO `sys_rule_condition_var` VALUES ('RCC28a83f44:15b74c946cb:-7f98', 'RC28a83f44:15b74c946cb:-7f99', 'RUL-50300c99:15b7626649d:-6fe2', 'CUM', 'decimal', 1);
INSERT INTO `sys_rule_condition_var` VALUES ('RCC28a83f44:15b74c946cb:-7fa5', 'RC28a83f44:15b74c946cb:-7fa6', 'RUL-50300c99:15b7626649d:-7a5e', 'UNIT', 'integer', 1);
INSERT INTO `sys_rule_condition_var` VALUES ('RCC28a83f44:15b74c946cb:-7fb0', 'RC28a83f44:15b74c946cb:-7fb1', 'RUL-50300c99:15b7626649d:-7a6f', 'UNIT', 'integer', 1);
INSERT INTO `sys_rule_condition_var` VALUES ('RCC28a83f44:15b74c946cb:-7fc7', 'RC28a83f44:15b74c946cb:-7fc8', 'RUL3f65f585:15b74b1144b:-6ec2', 'M', 'decimal', 1);
INSERT INTO `sys_rule_condition_var` VALUES ('RCC28a83f44:15b74c946cb:-7fcd', 'RC28a83f44:15b74c946cb:-7fcf', 'RUL3f65f585:15b74b1144b:-6efb', 'M', 'decimal', 1);
INSERT INTO `sys_rule_condition_var` VALUES ('RCC28a83f44:15b74c946cb:-7fd8', 'RC28a83f44:15b74c946cb:-7fda', 'RUL3f65f585:15b74b1144b:-6f38', 'M', 'decimal', 1);
INSERT INTO `sys_rule_condition_var` VALUES ('RCC28a83f44:15b74c946cb:-7fe8', 'RC28a83f44:15b74c946cb:-7fe9', 'RUL3f65f585:15b74b1144b:-6f6a', 'M', 'decimal', 1);
INSERT INTO `sys_rule_condition_var` VALUES ('RCC28a83f44:15b74c946cb:-7ff3', 'RC28a83f44:15b74c946cb:-7ff4', 'RUL3f65f585:15b74b1144b:-6fbc', 'M', 'decimal', 1);
INSERT INTO `sys_rule_condition_var` VALUES ('RCC73b3316:15bf60d669e:-7f8d', 'RC73b3316:15bf60d669e:-7f8f', 'RUL-181817d3:15bf4e3b890:-af9', 'SQM', 'decimal', 1);
INSERT INTO `sys_rule_condition_var` VALUES ('RCC73b3316:15bf60d669e:-7f9f', 'RC73b3316:15bf60d669e:-7fa0', 'RUL-181817d3:15bf4e3b890:-b2e', 'SQM', 'decimal', 1);
INSERT INTO `sys_rule_condition_var` VALUES ('RCC73b3316:15bf60d669e:-7fbd', 'RC73b3316:15bf60d669e:-7fbf', 'RUL-181817d3:15bf4e3b890:-d87', 'SQM', 'decimal', 1);
INSERT INTO `sys_rule_condition_var` VALUES ('RCC73b3316:15bf60d669e:-7fdb', 'RC73b3316:15bf60d669e:-7fdc', 'RUL-181817d3:15bf4e3b890:-10f2', 'SQM', 'decimal', 1);
INSERT INTO `sys_rule_condition_var` VALUES ('RCC73b3316:15bf60d669e:-7fe7', 'RC73b3316:15bf60d669e:-7fe8', 'RUL-181817d3:15bf4e3b890:-1103', 'SQM', 'decimal', 1);
INSERT INTO `sys_rule_condition_var` VALUES ('RCC73b3316:15bf60d669e:-7ff3', 'RC73b3316:15bf60d669e:-7ff4', 'RUL-181817d3:15bf4e3b890:-1114', 'SQM', 'decimal', 1);
INSERT INTO `sys_rule_condition_var` VALUES ('RCOND-108b4192:15b3d234d5c:-6f02', 'RCOND-108b4192:15b3d234d5c:-6f02', 'RUL-108b4192:15b3d234d5c:-6fd2', 'BILLITEM', 'treasury.facts.BillItem', 0);
INSERT INTO `sys_rule_condition_var` VALUES ('RCOND-108b4192:15b3d234d5c:-71fc', 'RCOND-108b4192:15b3d234d5c:-71fc', 'RUL-108b4192:15b3d234d5c:-72b4', 'BILLITEM', 'treasury.facts.BillItem', 0);
INSERT INTO `sys_rule_condition_var` VALUES ('RCOND-108b4192:15b3d234d5c:-7989', 'RCOND-108b4192:15b3d234d5c:-7989', 'RUL-108b4192:15b3d234d5c:-79d6', 'BILLITEM', 'treasury.facts.BillItem', 0);
INSERT INTO `sys_rule_condition_var` VALUES ('RCOND-108b4192:15b3d234d5c:-7bb0', 'RCOND-108b4192:15b3d234d5c:-7bb0', 'RUL-108b4192:15b3d234d5c:-7bfd', 'BILLITEM', 'treasury.facts.BillItem', 0);
INSERT INTO `sys_rule_condition_var` VALUES ('RCOND-130f43a2:15b805032ec:-7b75', 'RCOND-130f43a2:15b805032ec:-7b75', 'RUL-130f43a2:15b805032ec:-7bc7', 'APP', 'obo.facts.OboApplication', 0);
INSERT INTO `sys_rule_condition_var` VALUES ('RCOND-181817d3:15bf4e3b890:-147b', 'RCOND-181817d3:15bf4e3b890:-147b', 'RUL-181817d3:15bf4e3b890:-14ca', 'BILLITEM', 'treasury.facts.BillItem', 0);
INSERT INTO `sys_rule_condition_var` VALUES ('RCOND-181817d3:15bf4e3b890:-19c4', 'RCOND-181817d3:15bf4e3b890:-19c4', 'RUL-181817d3:15bf4e3b890:-1a11', 'BILLITEM', 'treasury.facts.BillItem', 0);
INSERT INTO `sys_rule_condition_var` VALUES ('RCOND-181817d3:15bf4e3b890:-1bde', 'RCOND-181817d3:15bf4e3b890:-1bde', 'RUL-181817d3:15bf4e3b890:-1cec', 'BILLITEM', 'treasury.facts.BillItem', 1);
INSERT INTO `sys_rule_condition_var` VALUES ('RCOND-181817d3:15bf4e3b890:-2178', 'RCOND-181817d3:15bf4e3b890:-2178', 'RUL-181817d3:15bf4e3b890:-21c5', 'BILLITEM', 'treasury.facts.BillItem', 0);
INSERT INTO `sys_rule_condition_var` VALUES ('RCOND-181817d3:15bf4e3b890:-272c', 'RCOND-181817d3:15bf4e3b890:-272c', 'RUL-181817d3:15bf4e3b890:-27e7', 'BILLITEM', 'treasury.facts.BillItem', 0);
INSERT INTO `sys_rule_condition_var` VALUES ('RCOND-181817d3:15bf4e3b890:-2cb9', 'RCOND-181817d3:15bf4e3b890:-2cb9', 'RUL-181817d3:15bf4e3b890:-2d08', 'BILLITEM', 'treasury.facts.BillItem', 0);
INSERT INTO `sys_rule_condition_var` VALUES ('RCOND-181817d3:15bf4e3b890:-3260', 'RCOND-181817d3:15bf4e3b890:-3260', 'RUL-181817d3:15bf4e3b890:-3397', 'BILLITEM', 'treasury.facts.BillItem', 1);
INSERT INTO `sys_rule_condition_var` VALUES ('RCOND-181817d3:15bf4e3b890:-3a97', 'RCOND-181817d3:15bf4e3b890:-3a97', 'RUL-181817d3:15bf4e3b890:-3cc8', 'BILLITEM', 'treasury.facts.BillItem', 0);
INSERT INTO `sys_rule_condition_var` VALUES ('RCOND-181817d3:15bf4e3b890:-6499', 'RCOND-181817d3:15bf4e3b890:-6499', 'RUL-50300c99:15b7626649d:-77a6', 'BU', 'obo.facts.BuildingUse', 2);
INSERT INTO `sys_rule_condition_var` VALUES ('RCOND-2fbca757:15bf25c4add:-7625', 'RCOND-2fbca757:15bf25c4add:-7625', 'RUL-2fbca757:15bf25c4add:-7b95', 'BILLITEM', 'treasury.facts.BillItem', 2);
INSERT INTO `sys_rule_condition_var` VALUES ('RCOND-2fbca757:15bf25c4add:-770f', 'RCOND-2fbca757:15bf25c4add:-770f', 'RUL-2fbca757:15bf25c4add:-7bbe', 'BILLITEM', 'treasury.facts.BillItem', 2);
INSERT INTO `sys_rule_condition_var` VALUES ('RCOND-41499999:15b23048395:-7df2', 'RCOND-41499999:15b23048395:-7df2', 'RUL-41499999:15b23048395:-7ed8', 'BILLITEM', 'treasury.facts.BillItem', 1);
INSERT INTO `sys_rule_condition_var` VALUES ('RCOND-4267ff2c:16a444aba70:-6bde', 'RCOND-4267ff2c:16a444aba70:-6bde', 'RUL-4267ff2c:16a444aba70:-6d3b', 'BILLITEM', 'treasury.facts.BillItem', 1);
INSERT INTO `sys_rule_condition_var` VALUES ('RCOND-497dd1bf:15b6a2553bf:-77f2', 'RCOND-497dd1bf:15b6a2553bf:-77f2', 'RUL-497dd1bf:15b6a2553bf:-783f', 'BILLITEM', 'treasury.facts.BillItem', 0);
INSERT INTO `sys_rule_condition_var` VALUES ('RCOND-497dd1bf:15b6a2553bf:-794e', 'RCOND-497dd1bf:15b6a2553bf:-794e', 'RUL51c2b1c4:15b69a42d57:-7855', 'APP', 'obo.facts.OboApplication', 2);
INSERT INTO `sys_rule_condition_var` VALUES ('RCOND-50300c99:15b7626649d:-460b', 'RCOND-50300c99:15b7626649d:-460b', 'RUL-50300c99:15b7626649d:-4a94', 'BILLITEM', 'treasury.facts.BillItem', 1);
INSERT INTO `sys_rule_condition_var` VALUES ('RCOND-50300c99:15b7626649d:-51c5', 'RCOND-50300c99:15b7626649d:-51c5', 'RUL-50300c99:15b7626649d:-5330', 'BU', 'obo.facts.BuildingUse', 2);
INSERT INTO `sys_rule_condition_var` VALUES ('RCOND-50300c99:15b7626649d:-59b5', 'RCOND-50300c99:15b7626649d:-59b5', 'RUL-50300c99:15b7626649d:-5a02', 'BILLITEM', 'treasury.facts.BillItem', 0);
INSERT INTO `sys_rule_condition_var` VALUES ('RCOND-50300c99:15b7626649d:-70ec', 'RCOND-50300c99:15b7626649d:-70ec', 'RUL-50300c99:15b7626649d:-7440', 'BU', 'obo.facts.BuildingUse', 2);
INSERT INTO `sys_rule_condition_var` VALUES ('RCOND-50300c99:15b7626649d:-73ec', 'RCOND-50300c99:15b7626649d:-73ec', 'RUL-50300c99:15b7626649d:-7440', 'BILLITEM', 'treasury.facts.BillItem', 0);
INSERT INTO `sys_rule_condition_var` VALUES ('RCOND-50300c99:15b7626649d:-7759', 'RCOND-50300c99:15b7626649d:-7759', 'RUL-50300c99:15b7626649d:-77a6', 'BILLITEM', 'treasury.facts.BillItem', 0);
INSERT INTO `sys_rule_condition_var` VALUES ('RCOND-50300c99:15b7626649d:-7d8d', 'RCOND-50300c99:15b7626649d:-7d8d', 'RUL-50300c99:15b7626649d:-7ebc', 'BILLITEM', 'treasury.facts.BillItem', 1);
INSERT INTO `sys_rule_condition_var` VALUES ('RCOND-50300c99:15b7626649d:-7e29', 'RCOND-50300c99:15b7626649d:-7e29', 'RUL-50300c99:15b7626649d:-7ebc', 'BU', 'obo.facts.BuildingUse', 0);
INSERT INTO `sys_rule_condition_var` VALUES ('RCOND-7385ffbe:16a438b05b7:-5f5a', 'RCOND-7385ffbe:16a438b05b7:-5f5a', 'RUL-7385ffbe:16a438b05b7:-5fc5', 'BILLITEM', 'treasury.facts.BillItem', 0);
INSERT INTO `sys_rule_condition_var` VALUES ('RCOND-7385ffbe:16a438b05b7:-741b', 'RCOND-7385ffbe:16a438b05b7:-741b', 'RUL-7385ffbe:16a438b05b7:-7482', 'BILLITEM', 'treasury.facts.BillItem', 0);
INSERT INTO `sys_rule_condition_var` VALUES ('RCOND-7c07cdf9:16a4d035b31:-781e', 'RCOND-7c07cdf9:16a4d035b31:-781e', 'RUL-181817d3:15bf4e3b890:-357d', 'BILLITEM', 'treasury.facts.BillItem', 1);
INSERT INTO `sys_rule_condition_var` VALUES ('RCOND10c3c60a:15bf15917a1:-6830', 'RCOND10c3c60a:15bf15917a1:-6830', 'RUL3f65f585:15b74b1144b:-61c9', 'BU', 'obo.facts.BuildingUse', 2);
INSERT INTO `sys_rule_condition_var` VALUES ('RCOND10c3c60a:15bf15917a1:-69ff', 'RCOND10c3c60a:15bf15917a1:-69ff', 'RUL3f65f585:15b74b1144b:-6396', 'BU', 'obo.facts.BuildingUse', 2);
INSERT INTO `sys_rule_condition_var` VALUES ('RCOND2671fb3e:15b76f0ce63:-7884', 'RCOND2671fb3e:15b76f0ce63:-7884', 'RUL2671fb3e:15b76f0ce63:-78d2', 'BILLITEM', 'treasury.facts.BillItem', 0);
INSERT INTO `sys_rule_condition_var` VALUES ('RCOND36ece640:15b3cf0a031:-774c', 'RCOND36ece640:15b3cf0a031:-774c', 'RUL36ece640:15b3cf0a031:-779a', 'BILLITEM', 'treasury.facts.BillItem', 0);
INSERT INTO `sys_rule_condition_var` VALUES ('RCOND3b31d1e8:16a5826cfa5:-7c8d', 'RCOND3b31d1e8:16a5826cfa5:-7c8d', 'RUL-75b995c:15b18c6b9a6:-7087', 'APP', 'obo.facts.BuildingApplication', 3);
INSERT INTO `sys_rule_condition_var` VALUES ('RCOND3b3fed41:16bdd640b5c:-74b1', 'RCOND3b3fed41:16bdd640b5c:-74b1', 'RUL3b3fed41:16bdd640b5c:-74d3', 'APP', 'obo.facts.BuildingApplication', 0);
INSERT INTO `sys_rule_condition_var` VALUES ('RCOND3f65f585:15b74b1144b:-5d0d', 'RCOND3f65f585:15b74b1144b:-5d0d', 'RUL3f65f585:15b74b1144b:-5fa3', 'BU', 'obo.facts.BuildingUse', 2);
INSERT INTO `sys_rule_condition_var` VALUES ('RCOND3f65f585:15b74b1144b:-5f56', 'RCOND3f65f585:15b74b1144b:-5f56', 'RUL3f65f585:15b74b1144b:-5fa3', 'BILLITEM', 'treasury.facts.BillItem', 0);
INSERT INTO `sys_rule_condition_var` VALUES ('RCOND3f65f585:15b74b1144b:-6129', 'RCOND3f65f585:15b74b1144b:-6129', 'RUL3f65f585:15b74b1144b:-61c9', 'BILLITEM', 'treasury.facts.BillItem', 0);
INSERT INTO `sys_rule_condition_var` VALUES ('RCOND3f65f585:15b74b1144b:-6349', 'RCOND3f65f585:15b74b1144b:-6349', 'RUL3f65f585:15b74b1144b:-6396', 'BILLITEM', 'treasury.facts.BillItem', 0);
INSERT INTO `sys_rule_condition_var` VALUES ('RCOND3f65f585:15b74b1144b:-6567', 'RCOND3f65f585:15b74b1144b:-6567', 'RUL3f65f585:15b74b1144b:-65b4', 'BILLITEM', 'treasury.facts.BillItem', 0);
INSERT INTO `sys_rule_condition_var` VALUES ('RCOND3f65f585:15b74b1144b:-7253', 'RCOND3f65f585:15b74b1144b:-7253', 'RUL3f65f585:15b74b1144b:-73aa', 'BILLITEM', 'treasury.facts.BillItem', 1);
INSERT INTO `sys_rule_condition_var` VALUES ('RCOND3f65f585:15b74b1144b:-7369', 'RCOND3f65f585:15b74b1144b:-7369', 'RUL3f65f585:15b74b1144b:-73aa', 'BU', 'obo.facts.BuildingUse', 0);
INSERT INTO `sys_rule_condition_var` VALUES ('RCOND3f65f585:15b74b1144b:-75fa', 'RCOND3f65f585:15b74b1144b:-75fa', 'RUL3f65f585:15b74b1144b:-7647', 'BILLITEM', 'treasury.facts.BillItem', 0);
INSERT INTO `sys_rule_condition_var` VALUES ('RCOND48d65dac:169e67264db:-7ec5', 'RCOND48d65dac:169e67264db:-7ec5', 'RUL-75b995c:15b18c6b9a6:-73a0', 'APP', 'obo.facts.BuildingApplication', 2);
INSERT INTO `sys_rule_condition_var` VALUES ('RCOND4e513a84:15b291a0165:-7eba', 'RCOND4e513a84:15b291a0165:-7eba', 'RUL4e513a84:15b291a0165:-7eee', 'BILLITEM', 'treasury.facts.BillItem', 0);
INSERT INTO `sys_rule_condition_var` VALUES ('RCOND51c2b1c4:15b69a42d57:-779f', 'RCOND51c2b1c4:15b69a42d57:-779f', 'RUL51c2b1c4:15b69a42d57:-7855', 'BILLITEM', 'treasury.facts.BillItem', 0);
INSERT INTO `sys_rule_condition_var` VALUES ('RCOND544e84a6:15b372b5faf:-7e18', 'RCOND544e84a6:15b372b5faf:-7e18', 'RUL-26004fad:15b36e43946:-7e78', 'BILLITEM', 'treasury.facts.BillItem', 1);
INSERT INTO `sys_rule_condition_var` VALUES ('RCOND55d9e7c7:16a3522d159:-6f32', 'RCOND55d9e7c7:16a3522d159:-6f32', 'RUL55d9e7c7:16a3522d159:-7417', 'FIREFEE', 'treasury.facts.BillItem', 1);
INSERT INTO `sys_rule_condition_var` VALUES ('RCOND59515aa4:16a3a32fa5e:-4696', 'RCOND59515aa4:16a3a32fa5e:-4696', 'RUL59515aa4:16a3a32fa5e:-6790', 'BILLITEM', 'treasury.facts.BillItem', 1);
INSERT INTO `sys_rule_condition_var` VALUES ('RCOND59515aa4:16a3a32fa5e:-5f34', 'RCOND59515aa4:16a3a32fa5e:-5f34', 'RUL59515aa4:16a3a32fa5e:-7883', 'BILLITEM', 'treasury.facts.BillItem', 2);
INSERT INTO `sys_rule_condition_var` VALUES ('RCOND59515aa4:16a3a32fa5e:-6012', 'RCOND59515aa4:16a3a32fa5e:-6012', 'RUL59515aa4:16a3a32fa5e:-782e', 'BILLITEM', 'treasury.facts.BillItem', 2);
INSERT INTO `sys_rule_condition_var` VALUES ('RCOND59515aa4:16a3a32fa5e:-60f0', 'RCOND59515aa4:16a3a32fa5e:-60f0', 'RUL59515aa4:16a3a32fa5e:-77fa', 'BILLITEM', 'treasury.facts.BillItem', 2);
INSERT INTO `sys_rule_condition_var` VALUES ('RCOND59515aa4:16a3a32fa5e:-61ce', 'RCOND59515aa4:16a3a32fa5e:-61ce', 'RUL59515aa4:16a3a32fa5e:-77c6', 'BILLITEM', 'treasury.facts.BillItem', 2);
INSERT INTO `sys_rule_condition_var` VALUES ('RCOND59515aa4:16a3a32fa5e:-62ac', 'RCOND59515aa4:16a3a32fa5e:-62ac', 'RUL59515aa4:16a3a32fa5e:-7792', 'BILLITEM', 'treasury.facts.BillItem', 2);
INSERT INTO `sys_rule_condition_var` VALUES ('RCOND59515aa4:16a3a32fa5e:-63aa', 'RCOND59515aa4:16a3a32fa5e:-63aa', 'RUL59515aa4:16a3a32fa5e:-775e', 'BILLITEM', 'treasury.facts.BillItem', 2);
INSERT INTO `sys_rule_condition_var` VALUES ('RCOND67f85531:15b22c52b19:-78f7', 'RCOND67f85531:15b22c52b19:-78f7', 'RUL67f85531:15b22c52b19:-7925', 'BILLITEM', 'treasury.facts.BillItem', 0);
INSERT INTO `sys_rule_condition_var` VALUES ('RCOND6e008a5f:15b6c73a9f2:-7cd4', 'RCOND6e008a5f:15b6c73a9f2:-7cd4', 'RUL6e008a5f:15b6c73a9f2:-7e6e', 'BU', 'obo.facts.BuildingUse', 2);
INSERT INTO `sys_rule_condition_var` VALUES ('RCOND6e008a5f:15b6c73a9f2:-7e16', 'RCOND6e008a5f:15b6c73a9f2:-7e16', 'RUL6e008a5f:15b6c73a9f2:-7e6e', 'BILLITEM', 'treasury.facts.BillItem', 0);
INSERT INTO `sys_rule_condition_var` VALUES ('RCOND75928924:15b1d4d1c53:-7328', 'RCOND75928924:15b1d4d1c53:-7328', 'RUL6a083481:15b1d42e454:-7e47', 'BILLITEM', 'treasury.facts.BillItem', 1);
INSERT INTO `sys_rule_condition_var` VALUES ('RCONST-108b4192:15b3d234d5c:-6e04', 'RCOND-108b4192:15b3d234d5c:-6e4b', 'RUL-108b4192:15b3d234d5c:-6fd2', 'CUM', 'decimal', 1);
INSERT INTO `sys_rule_condition_var` VALUES ('RCONST-108b4192:15b3d234d5c:-713a', 'RCOND-108b4192:15b3d234d5c:-7181', 'RUL-108b4192:15b3d234d5c:-72b4', 'KW', 'decimal', 1);
INSERT INTO `sys_rule_condition_var` VALUES ('RCONST-108b4192:15b3d234d5c:-78a9', 'RCOND-108b4192:15b3d234d5c:-78f2', 'RUL-108b4192:15b3d234d5c:-79d6', 'UNIT', 'integer', 1);
INSERT INTO `sys_rule_condition_var` VALUES ('RCONST-108b4192:15b3d234d5c:-7aea', 'RCOND-108b4192:15b3d234d5c:-7b31', 'RUL-108b4192:15b3d234d5c:-7bfd', 'OUTLET', 'integer', 1);
INSERT INTO `sys_rule_condition_var` VALUES ('RCONST-181817d3:15bf4e3b890:-126e', 'RCOND-181817d3:15bf4e3b890:-12b7', 'RUL-181817d3:15bf4e3b890:-14ca', 'SQM', 'decimal', 1);
INSERT INTO `sys_rule_condition_var` VALUES ('RCONST-181817d3:15bf4e3b890:-18d7', 'RCOND-181817d3:15bf4e3b890:-191e', 'RUL-181817d3:15bf4e3b890:-1a11', 'SQM', 'decimal', 1);
INSERT INTO `sys_rule_condition_var` VALUES ('RCONST-181817d3:15bf4e3b890:-1c52', 'RCOND-181817d3:15bf4e3b890:-1c99', 'RUL-181817d3:15bf4e3b890:-1cec', 'LNM', 'decimal', 1);
INSERT INTO `sys_rule_condition_var` VALUES ('RCONST-181817d3:15bf4e3b890:-1fcf', 'RCOND-181817d3:15bf4e3b890:-2016', 'RUL-181817d3:15bf4e3b890:-21c5', 'SQM', 'decimal', 1);
INSERT INTO `sys_rule_condition_var` VALUES ('RCONST-181817d3:15bf4e3b890:-2083', 'RCOND-181817d3:15bf4e3b890:-20cb', 'RUL-181817d3:15bf4e3b890:-21c5', 'MONTHS', 'integer', 1);
INSERT INTO `sys_rule_condition_var` VALUES ('RCONST-181817d3:15bf4e3b890:-264b', 'RCOND-181817d3:15bf4e3b890:-2692', 'RUL-181817d3:15bf4e3b890:-27e7', 'SQM', 'decimal', 1);
INSERT INTO `sys_rule_condition_var` VALUES ('RCONST-181817d3:15bf4e3b890:-2bdf', 'RCOND-181817d3:15bf4e3b890:-2c28', 'RUL-181817d3:15bf4e3b890:-2d08', 'LNM', 'decimal', 1);
INSERT INTO `sys_rule_condition_var` VALUES ('RCONST-181817d3:15bf4e3b890:-32fb', 'RCOND-181817d3:15bf4e3b890:-3344', 'RUL-181817d3:15bf4e3b890:-3397', 'CUM', 'decimal', 1);
INSERT INTO `sys_rule_condition_var` VALUES ('RCONST-181817d3:15bf4e3b890:-38a0', 'RCOND-181817d3:15bf4e3b890:-38e9', 'RUL-181817d3:15bf4e3b890:-3cc8', 'METER', 'decimal', 1);
INSERT INTO `sys_rule_condition_var` VALUES ('RCONST-2fbca757:15bf25c4add:-6694', 'RCOND-2fbca757:15bf25c4add:-6723', 'RUL-2fbca757:15bf25c4add:-7bbe', 'AREA', 'decimal', 1);
INSERT INTO `sys_rule_condition_var` VALUES ('RCONST-2fbca757:15bf25c4add:-68bf', 'RCOND-2fbca757:15bf25c4add:-6932', 'RUL-2fbca757:15bf25c4add:-7b95', 'AREA', 'decimal', 1);
INSERT INTO `sys_rule_condition_var` VALUES ('RCONST-4267ff2c:16a444aba70:-589b', 'RCOND-4267ff2c:16a444aba70:-592c', 'RUL59515aa4:16a3a32fa5e:-6790', 'HEIGHT', 'decimal', 1);
INSERT INTO `sys_rule_condition_var` VALUES ('RCONST-4267ff2c:16a444aba70:-58f0', 'RCOND-4267ff2c:16a444aba70:-592c', 'RUL59515aa4:16a3a32fa5e:-6790', 'AREA', 'decimal', 0);
INSERT INTO `sys_rule_condition_var` VALUES ('RCONST-4267ff2c:16a444aba70:-5f34', 'RC-3394437b:16a4396e5cb:-7b36', 'RUL-4267ff2c:16a444aba70:-7493', 'CUM', 'decimal', 2);
INSERT INTO `sys_rule_condition_var` VALUES ('RCONST-4267ff2c:16a444aba70:-613c', 'RC-3394437b:16a4396e5cb:-7b29', 'RUL-4267ff2c:16a444aba70:-744a', 'CUM', 'decimal', 2);
INSERT INTO `sys_rule_condition_var` VALUES ('RCONST-4267ff2c:16a444aba70:-6c60', 'RCOND-4267ff2c:16a444aba70:-6cd2', 'RUL-4267ff2c:16a444aba70:-6d3b', 'SQM', 'decimal', 1);
INSERT INTO `sys_rule_condition_var` VALUES ('RCONST-4267ff2c:16a444aba70:-6e09', 'RCOND-4267ff2c:16a444aba70:-6eb7', 'RUL-4267ff2c:16a444aba70:-6f9a', 'CUM', 'decimal', 1);
INSERT INTO `sys_rule_condition_var` VALUES ('RCONST-4267ff2c:16a444aba70:-70e9', 'RCOND-4267ff2c:16a444aba70:-7151', 'RUL-4267ff2c:16a444aba70:-7247', 'UNIT', 'integer', 1);
INSERT INTO `sys_rule_condition_var` VALUES ('RCONST-497dd1bf:15b6a2553bf:-771c', 'RCOND-497dd1bf:15b6a2553bf:-7763', 'RUL-497dd1bf:15b6a2553bf:-783f', 'CUM', 'decimal', 1);
INSERT INTO `sys_rule_condition_var` VALUES ('RCONST-50300c99:15b7626649d:-4574', 'RCOND-50300c99:15b7626649d:-460b', 'RUL-50300c99:15b7626649d:-4a94', 'AMT', 'decimal', 1);
INSERT INTO `sys_rule_condition_var` VALUES ('RCONST-50300c99:15b7626649d:-4c5d', 'RCOND-50300c99:15b7626649d:-4ca4', 'RUL-50300c99:15b7626649d:-4d02', 'UNIT', 'integer', 1);
INSERT INTO `sys_rule_condition_var` VALUES ('RCONST-50300c99:15b7626649d:-559f', 'RCOND-50300c99:15b7626649d:-55e9', 'RUL-50300c99:15b7626649d:-56a6', 'UNIT', 'integer', 1);
INSERT INTO `sys_rule_condition_var` VALUES ('RCONST-50300c99:15b7626649d:-58e2', 'RCOND-50300c99:15b7626649d:-592b', 'RUL-50300c99:15b7626649d:-5a02', 'SQM', 'decimal', 1);
INSERT INTO `sys_rule_condition_var` VALUES ('RCONST-50300c99:15b7626649d:-623a', 'RCOND-50300c99:15b7626649d:-6283', 'RUL-50300c99:15b7626649d:-6710', 'SQM', 'decimal', 1);
INSERT INTO `sys_rule_condition_var` VALUES ('RCONST-50300c99:15b7626649d:-730b', 'RCOND-50300c99:15b7626649d:-7355', 'RUL-50300c99:15b7626649d:-7440', 'CUM', 'decimal', 1);
INSERT INTO `sys_rule_condition_var` VALUES ('RCONST-50300c99:15b7626649d:-7601', 'RCOND-50300c99:15b7626649d:-7649', 'RUL-50300c99:15b7626649d:-77a6', 'CUM', 'decimal', 1);
INSERT INTO `sys_rule_condition_var` VALUES ('RCONST-50300c99:15b7626649d:-7b32', 'RCOND-50300c99:15b7626649d:-7b79', 'RUL-50300c99:15b7626649d:-7ebc', 'UNIT', 'integer', 1);
INSERT INTO `sys_rule_condition_var` VALUES ('RCONST-70eb32d:16c2d244c23:-79b1', 'RCOND-70eb32d:16c2d244c23:-79ec', 'RUL-70eb32d:16c2d244c23:-7a5e', 'APPTYPE', 'string', 0);
INSERT INTO `sys_rule_condition_var` VALUES ('RCONST-7385ffbe:16a438b05b7:-5e33', 'RCOND-7385ffbe:16a438b05b7:-5e9b', 'RUL-7385ffbe:16a438b05b7:-5fc5', 'HEIGHT', 'decimal', 1);
INSERT INTO `sys_rule_condition_var` VALUES ('RCONST-7385ffbe:16a438b05b7:-72ea', 'RCOND-7385ffbe:16a438b05b7:-7352', 'RUL-7385ffbe:16a438b05b7:-7482', 'SQM', 'decimal', 1);
INSERT INTO `sys_rule_condition_var` VALUES ('RCONST16880e27:16e36452698:-7a43', 'RCOND16880e27:16e36452698:-7aae', 'RUL55d9e7c7:16a3522d159:-71db', 'COST', 'decimal', 0);
INSERT INTO `sys_rule_condition_var` VALUES ('RCONST16880e27:16e36452698:-7bf5', 'RCOND16880e27:16e36452698:-7c60', 'RUL3b31d1e8:16a5826cfa5:-72a3', 'AMT', 'decimal', 0);
INSERT INTO `sys_rule_condition_var` VALUES ('RCONST2017e4e8:16e5e7415f5:-79d0', 'RCOND2017e4e8:16e5e7415f5:-7a19', 'RUL-70eb32d:16c2d244c23:-7a5e', 'BYOWNER', 'integer', 1);
INSERT INTO `sys_rule_condition_var` VALUES ('RCONST2017e4e8:16e5e7415f5:-7a03', 'RCOND2017e4e8:16e5e7415f5:-7a19', 'RUL-70eb32d:16c2d244c23:-7a5e', 'TOTAL', 'integer', 0);
INSERT INTO `sys_rule_condition_var` VALUES ('RCONST2671fb3e:15b76f0ce63:-7341', 'RCOND2671fb3e:15b76f0ce63:-7388', 'RUL2671fb3e:15b76f0ce63:-73e5', 'KW', 'decimal', 1);
INSERT INTO `sys_rule_condition_var` VALUES ('RCONST2671fb3e:15b76f0ce63:-75d6', 'RCOND2671fb3e:15b76f0ce63:-761d', 'RUL2671fb3e:15b76f0ce63:-76ce', 'KW', 'decimal', 1);
INSERT INTO `sys_rule_condition_var` VALUES ('RCONST2671fb3e:15b76f0ce63:-7799', 'RCOND2671fb3e:15b76f0ce63:-77f8', 'RUL2671fb3e:15b76f0ce63:-78d2', 'TON', 'decimal', 1);
INSERT INTO `sys_rule_condition_var` VALUES ('RCONST2bdcadbe:16c2d9fc74a:-5ba6', 'RCOND2bdcadbe:16c2d9fc74a:-5c0a', 'RUL67dafb9:15b5100218a:-7ea4', 'COST', 'decimal', 0);
INSERT INTO `sys_rule_condition_var` VALUES ('RCONST2bdcadbe:16c2d9fc74a:-5d9c', 'RCOND2bdcadbe:16c2d9fc74a:-5e00', 'RUL67dafb9:15b5100218a:-7bef', 'COST', 'decimal', 0);
INSERT INTO `sys_rule_condition_var` VALUES ('RCONST2bdcadbe:16c2d9fc74a:-6014', 'RCOND2bdcadbe:16c2d9fc74a:-6078', 'RUL67dafb9:15b5100218a:-7bde', 'COST', 'decimal', 0);
INSERT INTO `sys_rule_condition_var` VALUES ('RCONST2bdcadbe:16c2d9fc74a:-631f', 'RCOND2bdcadbe:16c2d9fc74a:-63f6', 'RUL67dafb9:15b5100218a:-7bcd', 'AREA', 'decimal', 1);
INSERT INTO `sys_rule_condition_var` VALUES ('RCONST2bdcadbe:16c2d9fc74a:-6639', 'RCOND2bdcadbe:16c2d9fc74a:-669d', 'RUL67dafb9:15b5100218a:-7bbc', 'COST', 'decimal', 0);
INSERT INTO `sys_rule_condition_var` VALUES ('RCONST2bdcadbe:16c2d9fc74a:-6ac6', 'RCOND-7385ffbe:16a438b05b7:-7c4e', 'RUL-7385ffbe:16a438b05b7:-7cab', 'COST', 'decimal', 1);
INSERT INTO `sys_rule_condition_var` VALUES ('RCONST2bdcadbe:16c2d9fc74a:-6c91', 'RC-37d558f5:16a4fd0d79e:-7ff6', 'RUL-29595738:16a4fbe79ee:-7ef1', 'COST', 'decimal', 1);
INSERT INTO `sys_rule_condition_var` VALUES ('RCONST2bdcadbe:16c2d9fc74a:-6e5c', 'RC-37d558f5:16a4fd0d79e:-7fdb', 'RUL-29595738:16a4fbe79ee:-7de3', 'COST', 'decimal', 1);
INSERT INTO `sys_rule_condition_var` VALUES ('RCONST2bdcadbe:16c2d9fc74a:-7027', 'RC-37d558f5:16a4fd0d79e:-7fba', 'RUL-29595738:16a4fbe79ee:-7d01', 'COST', 'decimal', 1);
INSERT INTO `sys_rule_condition_var` VALUES ('RCONST2bdcadbe:16c2d9fc74a:-71f2', 'RC-37d558f5:16a4fd0d79e:-7fa7', 'RUL-29595738:16a4fbe79ee:-7bd1', 'COST', 'decimal', 1);
INSERT INTO `sys_rule_condition_var` VALUES ('RCONST2bdcadbe:16c2d9fc74a:-748a', 'RC-37d558f5:16a4fd0d79e:-7f6b', 'RUL-29595738:16a4fbe79ee:-79fe', 'COST', 'decimal', 1);
INSERT INTO `sys_rule_condition_var` VALUES ('RCONST36ece640:15b3cf0a031:-7667', 'RCOND36ece640:15b3cf0a031:-76c3', 'RUL36ece640:15b3cf0a031:-779a', 'KW', 'decimal', 1);
INSERT INTO `sys_rule_condition_var` VALUES ('RCONST36ece640:15b3cf0a031:-7a48', 'RCOND36ece640:15b3cf0a031:-7a90', 'RUL10bc2a9b:15b3805d39e:-6ef4', 'HEAD', 'integer', 1);
INSERT INTO `sys_rule_condition_var` VALUES ('RCONST36ece640:15b3cf0a031:-7b50', 'RCOND36ece640:15b3cf0a031:-7b97', 'RUL10bc2a9b:15b3805d39e:-6f05', 'KW', 'decimal', 1);
INSERT INTO `sys_rule_condition_var` VALUES ('RCONST36ece640:15b3cf0a031:-7c91', 'RCOND36ece640:15b3cf0a031:-7cd8', 'RUL10bc2a9b:15b3805d39e:-6f74', 'UNIT', 'integer', 1);
INSERT INTO `sys_rule_condition_var` VALUES ('RCONST3b31d1e8:16a5826cfa5:-7b8b', 'RCOND48d65dac:169e67264db:-7ec5', 'RUL-75b995c:15b18c6b9a6:-73a0', 'AREA', 'decimal', 1);
INSERT INTO `sys_rule_condition_var` VALUES ('RCONST3b31d1e8:16a5826cfa5:-7c46', 'RCOND3b31d1e8:16a5826cfa5:-7c8d', 'RUL-75b995c:15b18c6b9a6:-7087', 'AREA', 'decimal', 0);
INSERT INTO `sys_rule_condition_var` VALUES ('RCONST3b3fed41:16bdd640b5c:-746a', 'RCOND3b3fed41:16bdd640b5c:-74b1', 'RUL3b3fed41:16bdd640b5c:-74d3', 'AREA', 'decimal', 0);
INSERT INTO `sys_rule_condition_var` VALUES ('RCONST3f65f585:15b74b1144b:-5dca', 'RCOND3f65f585:15b74b1144b:-5e11', 'RUL3f65f585:15b74b1144b:-5fa3', 'AREA', 'decimal', 1);
INSERT INTO `sys_rule_condition_var` VALUES ('RCONST3f65f585:15b74b1144b:-6054', 'RCOND3f65f585:15b74b1144b:-609b', 'RUL3f65f585:15b74b1144b:-61c9', 'HEIGHT', 'decimal', 1);
INSERT INTO `sys_rule_condition_var` VALUES ('RCONST3f65f585:15b74b1144b:-6278', 'RCOND3f65f585:15b74b1144b:-62bf', 'RUL3f65f585:15b74b1144b:-6396', 'HEIGHT', 'decimal', 1);
INSERT INTO `sys_rule_condition_var` VALUES ('RCONST3f65f585:15b74b1144b:-6473', 'RCOND3f65f585:15b74b1144b:-64dd', 'RUL3f65f585:15b74b1144b:-65b4', 'HEIGHT', 'decimal', 1);
INSERT INTO `sys_rule_condition_var` VALUES ('RCONST3f65f585:15b74b1144b:-7151', 'RCOND3f65f585:15b74b1144b:-71c9', 'RUL3f65f585:15b74b1144b:-73aa', 'M', 'decimal', 1);
INSERT INTO `sys_rule_condition_var` VALUES ('RCONST3f65f585:15b74b1144b:-7528', 'RCOND3f65f585:15b74b1144b:-756f', 'RUL3f65f585:15b74b1144b:-7647', 'SQM', 'decimal', 1);
INSERT INTO `sys_rule_condition_var` VALUES ('RCONST4cf13b0:15b4dbc7b17:-755d', 'RCOND4cf13b0:15b4dbc7b17:-75c5', 'RUL4cf13b0:15b4dbc7b17:-769d', 'CUM', 'decimal', 1);
INSERT INTO `sys_rule_condition_var` VALUES ('RCONST51c2b1c4:15b69a42d57:-7555', 'RCOND51c2b1c4:15b69a42d57:-7630', 'RUL51c2b1c4:15b69a42d57:-7855', 'CUM', 'decimal', 1);
INSERT INTO `sys_rule_condition_var` VALUES ('RCONST59515aa4:16a3a32fa5e:-6c9a', 'RCOND59515aa4:16a3a32fa5e:-6d02', 'RUL59515aa4:16a3a32fa5e:-7883', 'AREA', 'decimal', 1);
INSERT INTO `sys_rule_condition_var` VALUES ('RCONST59515aa4:16a3a32fa5e:-6e00', 'RCOND59515aa4:16a3a32fa5e:-6e68', 'RUL59515aa4:16a3a32fa5e:-782e', 'AREA', 'decimal', 1);
INSERT INTO `sys_rule_condition_var` VALUES ('RCONST59515aa4:16a3a32fa5e:-6f63', 'RCOND59515aa4:16a3a32fa5e:-6fcb', 'RUL59515aa4:16a3a32fa5e:-77fa', 'AREA', 'decimal', 1);
INSERT INTO `sys_rule_condition_var` VALUES ('RCONST59515aa4:16a3a32fa5e:-7154', 'RCOND59515aa4:16a3a32fa5e:-71bc', 'RUL59515aa4:16a3a32fa5e:-77c6', 'AREA', 'decimal', 1);
INSERT INTO `sys_rule_condition_var` VALUES ('RCONST59515aa4:16a3a32fa5e:-72f2', 'RCOND59515aa4:16a3a32fa5e:-735a', 'RUL59515aa4:16a3a32fa5e:-7792', 'AREA', 'decimal', 1);
INSERT INTO `sys_rule_condition_var` VALUES ('RCONST59515aa4:16a3a32fa5e:-74ed', 'RCOND59515aa4:16a3a32fa5e:-7555', 'RUL59515aa4:16a3a32fa5e:-775e', 'AREA', 'decimal', 1);
INSERT INTO `sys_rule_condition_var` VALUES ('RCONST600be745:16db42dd2f7:-7acf', 'RCOND-5187b96a:16c2cb56fb8:-5d8c', 'RUL55d9e7c7:16a3522d159:-7417', 'FIXEDCOST', 'decimal', 1);
INSERT INTO `sys_rule_condition_var` VALUES ('RCONST600be745:16db42dd2f7:-7b48', 'RCOND-5187b96a:16c2cb56fb8:-5d8c', 'RUL55d9e7c7:16a3522d159:-7417', 'PROJCOST', 'decimal', 0);
INSERT INTO `sys_rule_condition_var` VALUES ('RCONST6cc4d33e:15b3c1e2e72:-4b93', 'RCOND6cc4d33e:15b3c1e2e72:-4bda', 'RUL4e513a84:15b291a0165:-7eee', 'KW', 'decimal', 1);
INSERT INTO `sys_rule_condition_var` VALUES ('RCONST6cc4d33e:15b3c1e2e72:-4cf8', 'RCOND6cc4d33e:15b3c1e2e72:-4d55', 'RUL6cc4d33e:15b3c1e2e72:-4e7a', 'UNIT', 'integer', 1);
INSERT INTO `sys_rule_condition_var` VALUES ('RCONST6cc4d33e:15b3c1e2e72:-4f5a', 'RCOND6cc4d33e:15b3c1e2e72:-4fa2', 'RUL10bc2a9b:15b3805d39e:-7cd0', 'UNIT', 'integer', 1);
INSERT INTO `sys_rule_condition_var` VALUES ('RCONST6cc4d33e:15b3c1e2e72:-50b2', 'RCOND6cc4d33e:15b3c1e2e72:-50f9', 'RUL10bc2a9b:15b3805d39e:-7ce1', 'UNIT', 'integer', 1);
INSERT INTO `sys_rule_condition_var` VALUES ('RCONST6cc4d33e:15b3c1e2e72:-51f4', 'RCOND6cc4d33e:15b3c1e2e72:-523d', 'RUL-5a2a6f0f:15b37b47575:-72c2', 'LNM', 'decimal', 1);
INSERT INTO `sys_rule_condition_var` VALUES ('RCONST6cc4d33e:15b3c1e2e72:-52f1', 'RCOND6cc4d33e:15b3c1e2e72:-5338', 'RUL-5a2a6f0f:15b37b47575:-72d3', 'KW', 'decimal', 1);
INSERT INTO `sys_rule_condition_var` VALUES ('RCONST6cc4d33e:15b3c1e2e72:-545e', 'RCOND6cc4d33e:15b3c1e2e72:-54dc', 'RUL-5a2a6f0f:15b37b47575:-72e4', 'LNM', 'decimal', 1);
INSERT INTO `sys_rule_condition_var` VALUES ('RCONST6cc4d33e:15b3c1e2e72:-5599', 'RCOND6cc4d33e:15b3c1e2e72:-55e0', 'RUL-5a2a6f0f:15b37b47575:-72f5', 'KW', 'decimal', 1);
INSERT INTO `sys_rule_condition_var` VALUES ('RCONST6cc4d33e:15b3c1e2e72:-5746', 'RCOND6cc4d33e:15b3c1e2e72:-578f', 'RUL-5a2a6f0f:15b37b47575:-7306', 'LNM', 'decimal', 1);
INSERT INTO `sys_rule_condition_var` VALUES ('RCONST6cc4d33e:15b3c1e2e72:-5856', 'RCOND6cc4d33e:15b3c1e2e72:-589d', 'RUL-5a2a6f0f:15b37b47575:-7317', 'KW', 'decimal', 1);
INSERT INTO `sys_rule_condition_var` VALUES ('RCONST6cc4d33e:15b3c1e2e72:-5a45', 'RCOND6cc4d33e:15b3c1e2e72:-5a98', 'RUL544e84a6:15b372b5faf:-782f', 'KW', 'decimal', 1);
INSERT INTO `sys_rule_condition_var` VALUES ('RCONST6cc4d33e:15b3c1e2e72:-5bd0', 'RCOND6cc4d33e:15b3c1e2e72:-5c17', 'RUL544e84a6:15b372b5faf:-7959', 'UNITS', 'integer', 1);
INSERT INTO `sys_rule_condition_var` VALUES ('RCONST6cc4d33e:15b3c1e2e72:-5d83', 'RCOND6cc4d33e:15b3c1e2e72:-5dca', 'RUL544e84a6:15b372b5faf:-7c53', 'TONS', 'decimal', 1);
INSERT INTO `sys_rule_condition_var` VALUES ('RCONST6cc4d33e:15b3c1e2e72:-5ee5', 'RCOND6cc4d33e:15b3c1e2e72:-5f4e', 'RUL544e84a6:15b372b5faf:-7d4b', 'TONS', 'decimal', 1);
INSERT INTO `sys_rule_condition_var` VALUES ('RCONST6cc4d33e:15b3c1e2e72:-653a', 'RCOND6cc4d33e:15b3c1e2e72:-6581', 'RUL-26004fad:15b36e43946:-7e78', 'TONS', 'decimal', 1);
INSERT INTO `sys_rule_condition_var` VALUES ('RCONST6cc4d33e:15b3c1e2e72:-6fd9', 'RCOND6cc4d33e:15b3c1e2e72:-702e', 'RUL6cc4d33e:15b3c1e2e72:-708f', 'KVA', 'decimal', 1);
INSERT INTO `sys_rule_condition_var` VALUES ('RCONST6cc4d33e:15b3c1e2e72:-71b9', 'RCOND6cc4d33e:15b3c1e2e72:-7200', 'RUL6a083481:15b1d42e454:-7e47', 'KVA', 'decimal', 1);
INSERT INTO `sys_rule_condition_var` VALUES ('RCONST6cc4d33e:15b3c1e2e72:-72ce', 'RCOND6cc4d33e:15b3c1e2e72:-7315', 'RUL-41499999:15b23048395:-7ed8', 'POLES', 'integer', 1);
INSERT INTO `sys_rule_condition_var` VALUES ('RCONST6cc4d33e:15b3c1e2e72:-73e7', 'RCOND6cc4d33e:15b3c1e2e72:-7432', 'RUL-41499999:15b23048395:-7d1e', 'UNIT', 'integer', 1);
INSERT INTO `sys_rule_condition_var` VALUES ('RCONST6cc4d33e:15b3c1e2e72:-7505', 'RCOND6cc4d33e:15b3c1e2e72:-754c', 'RUL-41499999:15b23048395:-77fd', 'NUM_METER', 'integer', 1);
INSERT INTO `sys_rule_condition_var` VALUES ('RCONST6cc4d33e:15b3c1e2e72:-761f', 'RCOND6cc4d33e:15b3c1e2e72:-7666', 'RUL-41499999:15b23048395:-77db', 'UNIT', 'integer', 1);
INSERT INTO `sys_rule_condition_var` VALUES ('RCONST6cc4d33e:15b3c1e2e72:-7a67', 'RCOND6cc4d33e:15b3c1e2e72:-7ab0', 'RUL-41499999:15b23048395:-77ec', 'UNIT', 'integer', 1);
INSERT INTO `sys_rule_condition_var` VALUES ('RCONST6e008a5f:15b6c73a9f2:-7d46', 'RCOND6e008a5f:15b6c73a9f2:-7d8d', 'RUL6e008a5f:15b6c73a9f2:-7e6e', 'CUM', 'decimal', 1);
INSERT INTO `sys_rule_condition_var` VALUES ('RCONST7a4cba33:16a44844397:-7362', 'RCOND1fc2e40d:169eb7a6037:-6474', 'RUL-75b995c:15b18c6b9a6:-6dbc', 'AREA', 'decimal', 2);
INSERT INTO `sys_rule_condition_var` VALUES ('RCONST7a4cba33:16a44844397:-756f', 'RCOND1fc2e40d:169eb7a6037:-5f53', 'RUL-46ef70e6:15b192ccb94:-78f4', 'AREA', 'decimal', 2);
INSERT INTO `sys_rule_condition_var` VALUES ('RCONST7a4cba33:16a44844397:-770a', 'RCOND-685b3759:16a2fd8270e:-7120', 'RUL-46ef70e6:15b192ccb94:-7783', 'AREA', 'decimal', 1);
INSERT INTO `sys_rule_condition_var` VALUES ('RCONST7a4cba33:16a44844397:-7899', 'RCOND-685b3759:16a2fd8270e:-7411', 'RUL-46ef70e6:15b192ccb94:-755f', 'AREA', 'decimal', 1);
INSERT INTO `sys_rule_condition_var` VALUES ('RCONST7a4cba33:16a44844397:-7a9a', 'RCOND-685b3759:16a2fd8270e:-76bd', 'RUL-181817d3:15bf4e3b890:-75db', 'AREA', 'decimal', 2);
INSERT INTO `sys_rule_condition_var` VALUES ('RCONST7a4cba33:16a44844397:-7d6c', 'RCOND-685b3759:16a2fd8270e:-796b', 'RUL-181817d3:15bf4e3b890:-73e2', 'AREA', 'decimal', 2);
COMMIT;

-- ----------------------------
-- Table structure for sys_rule_deployed
-- ----------------------------
DROP TABLE IF EXISTS `sys_rule_deployed`;
CREATE TABLE `sys_rule_deployed` (
  `objid` varchar(50) NOT NULL,
  `ruletext` longtext,
  PRIMARY KEY (`objid`),
  CONSTRAINT `sys_rule_deployed_ibfk_1` FOREIGN KEY (`objid`) REFERENCES `sys_rule` (`objid`)
) ENGINE=InnoDB DEFAULT CHARSET=utf8;

-- ----------------------------
-- Records of sys_rule_deployed
-- ----------------------------
BEGIN;
INSERT INTO `sys_rule_deployed` VALUES ('RUL-108b4192:15b3d234d5c:-67b1', '\npackage oboassessment.ADD_PLUMBING_FEE;\nimport oboassessment.*;\nimport java.util.*;\nimport com.rameses.rules.common.*;\n\nglobal RuleAction action;\n\nrule \"ADD_PLUMBING_FEE\"\n	agenda-group \"initial\"\n	salience 50000\n	no-loop\n	when\n		\n		\n		 obo.facts.BuildingPermitSection (  name matches \"PLUMBING\" ) \n		\n	then\n		Map bindings = new HashMap();\n		\n	Map _p0 = new HashMap();\n_p0.put( \"amount\", (new ActionExpression(\"0\", bindings)) );\n_p0.put( \"billcode\", new KeyValue(\"PLUMBING_FEE\", \"PLUMBING FEE\") );\naction.execute( \"add-billitem\",_p0,drools);\n\nend\n\n\n	');
INSERT INTO `sys_rule_deployed` VALUES ('RUL-108b4192:15b3d234d5c:-6ad6', '\npackage oboassessment.MECHANICAL_FEE_PNEUMATIC_TUBES_LNM;\nimport oboassessment.*;\nimport java.util.*;\nimport com.rameses.rules.common.*;\n\nglobal RuleAction action;\n\nrule \"MECHANICAL_FEE_PNEUMATIC_TUBES_LNM\"\n	agenda-group \"compute-mechanical-fee\"\n	salience 50000\n	no-loop\n	when\n		\n		\n		BILLITEM: treasury.facts.BillItem (  billcode matches \"MECHANICAL_FEE\" ) \n		\n		 obo.facts.OboDecimalInfo (  name matches \"PNEUMATIC_TUBE_CONVEYOR_MONORAIL\",LNM:value ) \n		\n	then\n		Map bindings = new HashMap();\n		\n		bindings.put(\"BILLITEM\", BILLITEM );\n		\n		bindings.put(\"LNM\", LNM );\n		\n	Map _p0 = new HashMap();\n_p0.put( \"billitem\", BILLITEM );\n_p0.put( \"type\", \"ADD\" );\n_p0.put( \"amount\", (new ActionExpression(\"Math.ceil( LNM ) * 10\", bindings)) );\naction.execute( \"update-billitem-amount\",_p0,drools);\n\nend\n\n\n	');
INSERT INTO `sys_rule_deployed` VALUES ('RUL-108b4192:15b3d234d5c:-6c55', '\npackage oboassessment.MECHANICAL_FEE_OTHER_MACHINERY_EQUIPMENT;\nimport oboassessment.*;\nimport java.util.*;\nimport com.rameses.rules.common.*;\n\nglobal RuleAction action;\n\nrule \"MECHANICAL_FEE_OTHER_MACHINERY_EQUIPMENT\"\n	agenda-group \"compute-mechanical-fee\"\n	salience 50000\n	no-loop\n	when\n		\n		\n		BILLITEM: treasury.facts.BillItem (  billcode matches \"MECHANICAL_FEE\" ) \n		\n		 obo.facts.OboDecimalInfo (  name matches \"OTHER_MACHINERY_EQUIPMENT\",KW:value ) \n		\n	then\n		Map bindings = new HashMap();\n		\n		bindings.put(\"BILLITEM\", BILLITEM );\n		\n		bindings.put(\"KW\", KW );\n		\n	Map _p0 = new HashMap();\n_p0.put( \"billitem\", BILLITEM );\n_p0.put( \"type\", \"ADD\" );\n_p0.put( \"amount\", (new ActionExpression(\"Math.ceil( KW ) * 60\", bindings)) );\naction.execute( \"update-billitem-amount\",_p0,drools);\n\nend\n\n\n	');
INSERT INTO `sys_rule_deployed` VALUES ('RUL-108b4192:15b3d234d5c:-6fd2', '\npackage oboassessment.MECHANICAL_FEE_PRESSURE_VESSEL;\nimport oboassessment.*;\nimport java.util.*;\nimport com.rameses.rules.common.*;\n\nglobal RuleAction action;\n\nrule \"MECHANICAL_FEE_PRESSURE_VESSEL\"\n	agenda-group \"compute-mechanical-fee\"\n	salience 50000\n	no-loop\n	when\n		\n		\n		BILLITEM: treasury.facts.BillItem (  billcode matches \"MECHANICAL_FEE\" ) \n		\n		 obo.facts.OboDecimalInfo (  name matches \"PRESSURE_VESSEL\",CUM:value ) \n		\n	then\n		Map bindings = new HashMap();\n		\n		bindings.put(\"BILLITEM\", BILLITEM );\n		\n		bindings.put(\"CUM\", CUM );\n		\n	Map _p0 = new HashMap();\n_p0.put( \"billitem\", BILLITEM );\n_p0.put( \"type\", \"ADD\" );\n_p0.put( \"amount\", (new ActionExpression(\"Math.ceil( CUM ) * 60\", bindings)) );\naction.execute( \"update-billitem-amount\",_p0,drools);\n\nend\n\n\n	');
INSERT INTO `sys_rule_deployed` VALUES ('RUL-108b4192:15b3d234d5c:-72b4', '\npackage oboassessment.MECHANICAL_FEE_OTHER_COMBUSTION_ENGINE;\nimport oboassessment.*;\nimport java.util.*;\nimport com.rameses.rules.common.*;\n\nglobal RuleAction action;\n\nrule \"MECHANICAL_FEE_OTHER_COMBUSTION_ENGINE\"\n	agenda-group \"compute-mechanical-fee\"\n	salience 50000\n	no-loop\n	when\n		\n		\n		BILLITEM: treasury.facts.BillItem (  billcode matches \"MECHANICAL_FEE\" ) \n		\n		 obo.facts.OboDecimalInfo (  name matches \"ENGINE_NON_LTO\",KW:value ) \n		\n	then\n		Map bindings = new HashMap();\n		\n		bindings.put(\"BILLITEM\", BILLITEM );\n		\n		bindings.put(\"KW\", KW );\n		\n	RangeEntry re0 = new RangeEntry(\"MECHANICAL_FEE_OTHER_COMBUSTION_ENGINE\");\nre0.setBindings(bindings);\nre0.setDecimalvalue(KW);\nre0.getParams().put( \"billitem\", BILLITEM );\nre0.getParams().put( \"type\", \"ADD\" );\nre0.getParams().put( \"amount\", 0.0 );\ninsert(re0);\n\nend\n\n\n	\nrule \"update-billitem-amount_0_0\"\n	agenda-group \"compute-mechanical-fee\"\n	salience 50000\n	no-loop\n	when\n		\n		\n		\n		rv: RangeEntry( id==\"MECHANICAL_FEE_OTHER_COMBUSTION_ENGINE\", decimalvalue <= 50.00 )\n		\n	then\n		Map bindings = rv.getBindings();\n		Map params = rv.getParams();\n		params.put( \"amount\", (new ActionExpression(\"KW * 10\", bindings)) );	\n		 \n		action.execute( \"update-billitem-amount\",params, drools);\nend\n\n\n	\nrule \"update-billitem-amount_0_1\"\n	agenda-group \"compute-mechanical-fee\"\n	salience 50000\n	no-loop\n	when\n		\n		rv: RangeEntry( id==\"MECHANICAL_FEE_OTHER_COMBUSTION_ENGINE\", decimalvalue > 50.00, decimalvalue <= 100.00 )\n		\n		\n		\n	then\n		Map bindings = rv.getBindings();\n		Map params = rv.getParams();\n		params.put( \"amount\", (new ActionExpression(\"500 + ((KW-50)*12)\", bindings)) );	\n		 \n		action.execute( \"update-billitem-amount\",params, drools);\nend\n\n\n	\nrule \"update-billitem-amount_0_2\"\n	agenda-group \"compute-mechanical-fee\"\n	salience 50000\n	no-loop\n	when\n		\n		\n		rv: RangeEntry( id==\"MECHANICAL_FEE_OTHER_COMBUSTION_ENGINE\", decimalvalue > 100.00 )\n		\n		\n	then\n		Map bindings = rv.getBindings();\n		Map params = rv.getParams();\n		params.put( \"amount\", (new ActionExpression(\"1100 + ((KW-100)*3)\", bindings)) );	\n		 \n		action.execute( \"update-billitem-amount\",params, drools);\nend\n\n\n	');
INSERT INTO `sys_rule_deployed` VALUES ('RUL-108b4192:15b3d234d5c:-73c4', '\npackage oboassessment.MECHANICAL_FEE_POWER_PIPING_FOR_GAS_STEAM;\nimport oboassessment.*;\nimport java.util.*;\nimport com.rameses.rules.common.*;\n\nglobal RuleAction action;\n\nrule \"MECHANICAL_FEE_POWER_PIPING_FOR_GAS_STEAM\"\n	agenda-group \"compute-mechanical-fee\"\n	salience 50000\n	no-loop\n	when\n		\n		\n		BILLITEM: treasury.facts.BillItem (  billcode matches \"MECHANICAL_FEE\" ) \n		\n		 obo.facts.OboDecimalInfo (  name matches \"POWER_PIPING_CUBIC|POWER_PIPING_LINEAL\",VAL:value ) \n		\n	then\n		Map bindings = new HashMap();\n		\n		bindings.put(\"BILLITEM\", BILLITEM );\n		\n		bindings.put(\"VAL\", VAL );\n		\n	Map _p0 = new HashMap();\n_p0.put( \"billitem\", BILLITEM );\n_p0.put( \"type\", \"ADD\" );\n_p0.put( \"amount\", (new ActionExpression(\"VAL * 4\", bindings)) );\naction.execute( \"update-billitem-amount\",_p0,drools);\n\nend\n\n\n	');
INSERT INTO `sys_rule_deployed` VALUES ('RUL-108b4192:15b3d234d5c:-79d6', '\npackage oboassessment.MECHANICAL_FEE_GAS_METER;\nimport oboassessment.*;\nimport java.util.*;\nimport com.rameses.rules.common.*;\n\nglobal RuleAction action;\n\nrule \"MECHANICAL_FEE_GAS_METER\"\n	agenda-group \"compute-mechanical-fee\"\n	salience 50000\n	no-loop\n	when\n		\n		\n		BILLITEM: treasury.facts.BillItem (  billcode matches \"MECHANICAL_FEE\" ) \n		\n		 obo.facts.OboIntegerInfo (  name matches \"GAS_METER\",UNIT:value ) \n		\n	then\n		Map bindings = new HashMap();\n		\n		bindings.put(\"BILLITEM\", BILLITEM );\n		\n		bindings.put(\"UNIT\", UNIT );\n		\n	Map _p0 = new HashMap();\n_p0.put( \"billitem\", BILLITEM );\n_p0.put( \"type\", \"ADD\" );\n_p0.put( \"amount\", (new ActionExpression(\"UNIT * 100\", bindings)) );\naction.execute( \"update-billitem-amount\",_p0,drools);\n\nend\n\n\n	');
INSERT INTO `sys_rule_deployed` VALUES ('RUL-108b4192:15b3d234d5c:-7bfd', '\npackage oboassessment.MECHANICAL_FEE_COMPRESSED_AIR_VACUUM_GAS;\nimport oboassessment.*;\nimport java.util.*;\nimport com.rameses.rules.common.*;\n\nglobal RuleAction action;\n\nrule \"MECHANICAL_FEE_COMPRESSED_AIR_VACUUM_GAS\"\n	agenda-group \"compute-mechanical-fee\"\n	salience 50000\n	no-loop\n	when\n		\n		\n		BILLITEM: treasury.facts.BillItem (  billcode matches \"MECHANICAL_FEE\" ) \n		\n		 obo.facts.OboIntegerInfo (  name matches \"COMPRESSED_AIR_VACUUM\",OUTLET:value ) \n		\n	then\n		Map bindings = new HashMap();\n		\n		bindings.put(\"BILLITEM\", BILLITEM );\n		\n		bindings.put(\"OUTLET\", OUTLET );\n		\n	Map _p0 = new HashMap();\n_p0.put( \"billitem\", BILLITEM );\n_p0.put( \"type\", \"ADD\" );\n_p0.put( \"amount\", (new ActionExpression(\"OUTLET * 20\", bindings)) );\naction.execute( \"update-billitem-amount\",_p0,drools);\n\nend\n\n\n	');
INSERT INTO `sys_rule_deployed` VALUES ('RUL-181817d3:15bf4e3b890:-10f2', '\npackage oboassessment.BUSINESS_SIGNAGE_PAINTED_ON_NEW;\nimport oboassessment.*;\nimport java.util.*;\nimport com.rameses.rules.common.*;\n\nglobal RuleAction action;\n\nrule \"BUSINESS_SIGNAGE_PAINTED_ON_NEW\"\n	agenda-group \"compute-accessory\"\n	salience 50000\n	no-loop\n	when\n		\n		\n		BILLITEM: treasury.facts.BillItem (  billcode matches \"ACCESSORY_FEE\" ) \n		\n		 obo.facts.OboDecimalInfo (  name matches \"PAINTEDON_BUSINESS_SIGN\",SQM:value ) \n		\n	then\n		Map bindings = new HashMap();\n		\n		bindings.put(\"BILLITEM\", BILLITEM );\n		\n		bindings.put(\"SQM\", SQM );\n		\n	Map _p0 = new HashMap();\n_p0.put( \"billitem\", BILLITEM );\n_p0.put( \"type\", \"ADD\" );\n_p0.put( \"amount\", (new ActionExpression(\"Math.ceil( SQM ) * 9.6\", bindings)) );\naction.execute( \"update-billitem-amount\",_p0,drools);\n\nend\n\n\n	');
INSERT INTO `sys_rule_deployed` VALUES ('RUL-181817d3:15bf4e3b890:-1103', '\npackage oboassessment.BUSINESS_SIGNAGE_OTHER_NEW;\nimport oboassessment.*;\nimport java.util.*;\nimport com.rameses.rules.common.*;\n\nglobal RuleAction action;\n\nrule \"BUSINESS_SIGNAGE_OTHER_NEW\"\n	agenda-group \"compute-accessory\"\n	salience 50000\n	no-loop\n	when\n		\n		\n		BILLITEM: treasury.facts.BillItem (  billcode matches \"ACCESSORY_FEE\" ) \n		\n		 obo.facts.OboDecimalInfo (  name matches \"OTHER_BUSINESS_SIGN\",SQM:value ) \n		\n	then\n		Map bindings = new HashMap();\n		\n		bindings.put(\"BILLITEM\", BILLITEM );\n		\n		bindings.put(\"SQM\", SQM );\n		\n	Map _p0 = new HashMap();\n_p0.put( \"billitem\", BILLITEM );\n_p0.put( \"type\", \"ADD\" );\n_p0.put( \"amount\", (new ActionExpression(\"Math.ceil( SQM ) * 15\", bindings)) );\naction.execute( \"update-billitem-amount\",_p0,drools);\n\nend\n\n\n	');
INSERT INTO `sys_rule_deployed` VALUES ('RUL-181817d3:15bf4e3b890:-1114', '\npackage oboassessment.BUSINESS_SIGNAGE_ILLUMINATED_NEW;\nimport oboassessment.*;\nimport java.util.*;\nimport com.rameses.rules.common.*;\n\nglobal RuleAction action;\n\nrule \"BUSINESS_SIGNAGE_ILLUMINATED_NEW\"\n	agenda-group \"compute-accessory\"\n	salience 50000\n	no-loop\n	when\n		\n		\n		BILLITEM: treasury.facts.BillItem (  billcode matches \"ACCESSORY_FEE\" ) \n		\n		 obo.facts.OboDecimalInfo (  name matches \"ILLUMINATED_BUSINESS_SIGN\",SQM:value ) \n		\n	then\n		Map bindings = new HashMap();\n		\n		bindings.put(\"BILLITEM\", BILLITEM );\n		\n		bindings.put(\"SQM\", SQM );\n		\n	Map _p0 = new HashMap();\n_p0.put( \"billitem\", BILLITEM );\n_p0.put( \"type\", \"ADD\" );\n_p0.put( \"amount\", (new ActionExpression(\"Math.ceil( SQM ) * 24\", bindings)) );\naction.execute( \"update-billitem-amount\",_p0,drools);\n\nend\n\n\n	');
INSERT INTO `sys_rule_deployed` VALUES ('RUL-181817d3:15bf4e3b890:-14ca', '\npackage oboassessment.BUSINESS_SIGNAGE_NEON_NEW;\nimport oboassessment.*;\nimport java.util.*;\nimport com.rameses.rules.common.*;\n\nglobal RuleAction action;\n\nrule \"BUSINESS_SIGNAGE_NEON_NEW\"\n	agenda-group \"compute-accessory\"\n	salience 50000\n	no-loop\n	when\n		\n		\n		BILLITEM: treasury.facts.BillItem (  billcode matches \"ACCESSORY_FEE\" ) \n		\n		 obo.facts.OboDecimalInfo (  name matches \"NEON_BUSINESS_SIGN\",SQM:value ) \n		\n	then\n		Map bindings = new HashMap();\n		\n		bindings.put(\"BILLITEM\", BILLITEM );\n		\n		bindings.put(\"SQM\", SQM );\n		\n	Map _p0 = new HashMap();\n_p0.put( \"billitem\", BILLITEM );\n_p0.put( \"type\", \"ADD\" );\n_p0.put( \"amount\", (new ActionExpression(\"Math.ceil( SQM ) * 36\", bindings)) );\naction.execute( \"update-billitem-amount\",_p0,drools);\n\nend\n\n\n	');
INSERT INTO `sys_rule_deployed` VALUES ('RUL-181817d3:15bf4e3b890:-1a11', '\npackage oboassessment.SIGNAGE_ERECTION_AND_ANCHORAGE;\nimport oboassessment.*;\nimport java.util.*;\nimport com.rameses.rules.common.*;\n\nglobal RuleAction action;\n\nrule \"SIGNAGE_ERECTION_AND_ANCHORAGE\"\n	agenda-group \"compute-accessory\"\n	salience 50000\n	no-loop\n	when\n		\n		\n		BILLITEM: treasury.facts.BillItem (  billcode matches \"ACCESSORY_FEE\" ) \n		\n		 obo.facts.OboDecimalInfo (  name matches \"SIGNAGE_ERECTION_AND_ANCHORAGE_OF_DISPLAY_SURFACE\",SQM:value ) \n		\n	then\n		Map bindings = new HashMap();\n		\n		bindings.put(\"BILLITEM\", BILLITEM );\n		\n		bindings.put(\"SQM\", SQM );\n		\n	RangeEntry re0 = new RangeEntry(\"SIGNAGE_ERECTION_AND_ANCHORAGE\");\nre0.setBindings(bindings);\nre0.setDecimalvalue(SQM);\nre0.getParams().put( \"billitem\", BILLITEM );\nre0.getParams().put( \"type\", \"ADD\" );\nre0.getParams().put( \"amount\", 0.0 );\ninsert(re0);\n\nend\n\n\n	\nrule \"update-billitem-amount_0_0\"\n	agenda-group \"compute-accessory\"\n	salience 50000\n	no-loop\n	when\n		\n		\n		\n		rv: RangeEntry( id==\"SIGNAGE_ERECTION_AND_ANCHORAGE\", decimalvalue <= 4.00 )\n		\n	then\n		Map bindings = rv.getBindings();\n		Map params = rv.getParams();\n		params.put( \"amount\", (new ActionExpression(\"120\", bindings)) );	\n		 \n		action.execute( \"update-billitem-amount\",params, drools);\nend\n\n\n	\nrule \"update-billitem-amount_0_1\"\n	agenda-group \"compute-accessory\"\n	salience 50000\n	no-loop\n	when\n		\n		\n		rv: RangeEntry( id==\"SIGNAGE_ERECTION_AND_ANCHORAGE\", decimalvalue > 4.00 )\n		\n		\n	then\n		Map bindings = rv.getBindings();\n		Map params = rv.getParams();\n		params.put( \"amount\", (new ActionExpression(\"120 + ( Math.ceil( SQM - 4) * 24 )\", bindings)) );	\n		 \n		action.execute( \"update-billitem-amount\",params, drools);\nend\n\n\n	');
INSERT INTO `sys_rule_deployed` VALUES ('RUL-181817d3:15bf4e3b890:-1cec', '\npackage oboassessment.ERECTION_OF_SCAFFOLDING;\nimport oboassessment.*;\nimport java.util.*;\nimport com.rameses.rules.common.*;\n\nglobal RuleAction action;\n\nrule \"ERECTION_OF_SCAFFOLDING\"\n	agenda-group \"compute-accessory\"\n	salience 50000\n	no-loop\n	when\n		\n		\n		 obo.facts.OboDecimalInfo (  name matches \"SCAFFOLDING\",LNM:value ) \n		\n		BILLITEM: treasury.facts.BillItem (  billcode matches \"ACCESSORY_FEE\" ) \n		\n	then\n		Map bindings = new HashMap();\n		\n		bindings.put(\"BILLITEM\", BILLITEM );\n		\n		bindings.put(\"LNM\", LNM );\n		\n	RangeEntry re0 = new RangeEntry(\"ERECTION_OF_SCAFFOLDING\");\nre0.setBindings(bindings);\nre0.setDecimalvalue(LNM);\nre0.getParams().put( \"billitem\", BILLITEM );\nre0.getParams().put( \"type\", \"ADD\" );\nre0.getParams().put( \"amount\", 0.0 );\ninsert(re0);\n\nend\n\n\n	\nrule \"update-billitem-amount_0_0\"\n	agenda-group \"compute-accessory\"\n	salience 50000\n	no-loop\n	when\n		\n		\n		\n		rv: RangeEntry( id==\"ERECTION_OF_SCAFFOLDING\", decimalvalue <= 10.00 )\n		\n	then\n		Map bindings = rv.getBindings();\n		Map params = rv.getParams();\n		params.put( \"amount\", (new ActionExpression(\"150\", bindings)) );	\n		 \n		action.execute( \"update-billitem-amount\",params, drools);\nend\n\n\n	\nrule \"update-billitem-amount_0_1\"\n	agenda-group \"compute-accessory\"\n	salience 50000\n	no-loop\n	when\n		\n		\n		rv: RangeEntry( id==\"ERECTION_OF_SCAFFOLDING\", decimalvalue > 10.00 )\n		\n		\n	then\n		Map bindings = rv.getBindings();\n		Map params = rv.getParams();\n		params.put( \"amount\", (new ActionExpression(\"150 + ( Math.ceil( LNM-10) * 12)\", bindings)) );	\n		 \n		action.execute( \"update-billitem-amount\",params, drools);\nend\n\n\n	');
INSERT INTO `sys_rule_deployed` VALUES ('RUL-181817d3:15bf4e3b890:-29cc', '\npackage oboassessment.FENCING_IND_MAT;\nimport oboassessment.*;\nimport java.util.*;\nimport com.rameses.rules.common.*;\n\nglobal RuleAction action;\n\nrule \"FENCING_IND_MAT\"\n	agenda-group \"compute-accessory\"\n	salience 50000\n	no-loop\n	when\n		\n		\n		BILLITEM: treasury.facts.BillItem (  billcode matches \"ACCESSORY_FEE\" ) \n		\n		 obo.facts.OboDecimalInfo (  name matches \"FENCE_MADE_OF_INDIGENOUS_MATERIAL\",LNM:value ) \n		\n	then\n		Map bindings = new HashMap();\n		\n		bindings.put(\"BILLITEM\", BILLITEM );\n		\n		bindings.put(\"LNM\", LNM );\n		\n	Map _p0 = new HashMap();\n_p0.put( \"billitem\", BILLITEM );\n_p0.put( \"type\", \"ADD\" );\n_p0.put( \"amount\", (new ActionExpression(\" LNM * 2.4\", bindings)) );\naction.execute( \"update-billitem-amount\",_p0,drools);\n\nend\n\n\n	');
INSERT INTO `sys_rule_deployed` VALUES ('RUL-181817d3:15bf4e3b890:-2b06', '\npackage oboassessment.FENCING_MASONRY_METAL_CONCRETE_ABOVE_1_8_M_HT;\nimport oboassessment.*;\nimport java.util.*;\nimport com.rameses.rules.common.*;\n\nglobal RuleAction action;\n\nrule \"FENCING_MASONRY_METAL_CONCRETE_ABOVE_1_8_M_HT\"\n	agenda-group \"compute-accessory\"\n	salience 50000\n	no-loop\n	when\n		\n		\n		BILLITEM: treasury.facts.BillItem (  billcode matches \"ACCESSORY_FEE\" ) \n		\n		 obo.facts.OboDecimalInfo (  name matches \"FENCE_MADE_OF_MASONRY_OR_METAL_ABOVE_1_8_M\",LM:value ) \n		\n	then\n		Map bindings = new HashMap();\n		\n		bindings.put(\"BILLITEM\", BILLITEM );\n		\n		bindings.put(\"LM\", LM );\n		\n	Map _p0 = new HashMap();\n_p0.put( \"billitem\", BILLITEM );\n_p0.put( \"type\", \"ADD\" );\n_p0.put( \"amount\", (new ActionExpression(\"Math.ceil( LM ) * 4\", bindings)) );\naction.execute( \"update-billitem-amount\",_p0,drools);\n\nend\n\n\n	');
INSERT INTO `sys_rule_deployed` VALUES ('RUL-181817d3:15bf4e3b890:-2d08', '\npackage oboassessment.FENCING_MASONRY_METAL_CONCRETE_UPTO_1_8_M_HT;\nimport oboassessment.*;\nimport java.util.*;\nimport com.rameses.rules.common.*;\n\nglobal RuleAction action;\n\nrule \"FENCING_MASONRY_METAL_CONCRETE_UPTO_1_8_M_HT\"\n	agenda-group \"compute-accessory\"\n	salience 50000\n	no-loop\n	when\n		\n		\n		BILLITEM: treasury.facts.BillItem (  billcode matches \"ACCESSORY_FEE\" ) \n		\n		 obo.facts.OboDecimalInfo (  name matches \"FENCE_MADE_OF_MASONRY_METAL_UPTO_1_8_M\",LNM:value ) \n		\n	then\n		Map bindings = new HashMap();\n		\n		bindings.put(\"BILLITEM\", BILLITEM );\n		\n		bindings.put(\"LNM\", LNM );\n		\n	Map _p0 = new HashMap();\n_p0.put( \"billitem\", BILLITEM );\n_p0.put( \"type\", \"ADD\" );\n_p0.put( \"amount\", (new ActionExpression(\"Math.ceil( LNM ) * 3\", bindings)) );\naction.execute( \"update-billitem-amount\",_p0,drools);\n\nend\n\n\n	');
INSERT INTO `sys_rule_deployed` VALUES ('RUL-181817d3:15bf4e3b890:-3079', '\npackage oboassessment.ACC_FEE_ENCROACHMENT_FOUNDATION_PUBLIC_AREAS;\nimport oboassessment.*;\nimport java.util.*;\nimport com.rameses.rules.common.*;\n\nglobal RuleAction action;\n\nrule \"ACC_FEE_ENCROACHMENT_FOUNDATION_PUBLIC_AREAS\"\n	agenda-group \"compute-accessory\"\n	salience 50000\n	no-loop\n	when\n		\n		\n		 obo.facts.OboDecimalInfo (  name matches \"ENCROACHMENT_FOOTING\",SQM:value ) \n		\n		BILLITEM: treasury.facts.BillItem (  billcode matches \"ACCESSORY_FEE\" ) \n		\n	then\n		Map bindings = new HashMap();\n		\n		bindings.put(\"BILLITEM\", BILLITEM );\n		\n		bindings.put(\"SQM\", SQM );\n		\n	Map _p0 = new HashMap();\n_p0.put( \"billitem\", BILLITEM );\n_p0.put( \"type\", \"ADD\" );\n_p0.put( \"amount\", (new ActionExpression(\"Math.ceil( SQM ) * 250\", bindings)) );\naction.execute( \"update-billitem-amount\",_p0,drools);\n\nend\n\n\n	');
INSERT INTO `sys_rule_deployed` VALUES ('RUL-181817d3:15bf4e3b890:-3186', '\npackage oboassessment.ACC_FEE_EXCAVATION_FOR_BASEMENT;\nimport oboassessment.*;\nimport java.util.*;\nimport com.rameses.rules.common.*;\n\nglobal RuleAction action;\n\nrule \"ACC_FEE_EXCAVATION_FOR_BASEMENT\"\n	agenda-group \"compute-accessory\"\n	salience 50000\n	no-loop\n	when\n		\n		\n		 obo.facts.OboDecimalInfo (  name matches \"EXCAVATION_BASEMENT\",CUM:value ) \n		\n		BILLITEM: treasury.facts.BillItem (  billcode matches \"ACCESSORY_FEE\" ) \n		\n	then\n		Map bindings = new HashMap();\n		\n		bindings.put(\"BILLITEM\", BILLITEM );\n		\n		bindings.put(\"CUM\", CUM );\n		\n	Map _p0 = new HashMap();\n_p0.put( \"billitem\", BILLITEM );\n_p0.put( \"type\", \"ADD\" );\n_p0.put( \"amount\", (new ActionExpression(\"CUM * 4\", bindings)) );\naction.execute( \"update-billitem-amount\",_p0,drools);\n\nend\n\n\n	');
INSERT INTO `sys_rule_deployed` VALUES ('RUL-181817d3:15bf4e3b890:-3397', '\npackage oboassessment.ACC_FEE_EXCAVATION_EXCEPT_BASEMENT;\nimport oboassessment.*;\nimport java.util.*;\nimport com.rameses.rules.common.*;\n\nglobal RuleAction action;\n\nrule \"ACC_FEE_EXCAVATION_EXCEPT_BASEMENT\"\n	agenda-group \"compute-accessory\"\n	salience 50000\n	no-loop\n	when\n		\n		\n		 obo.facts.OboDecimalInfo (  name matches \"EXCAVATION_NON_BASEMENT\",CUM:value ) \n		\n		BILLITEM: treasury.facts.BillItem (  billcode matches \"ACCESSORY_FEE\" ) \n		\n	then\n		Map bindings = new HashMap();\n		\n		bindings.put(\"BILLITEM\", BILLITEM );\n		\n		bindings.put(\"CUM\", CUM );\n		\n	Map _p0 = new HashMap();\n_p0.put( \"billitem\", BILLITEM );\n_p0.put( \"type\", \"ADD\" );\n_p0.put( \"amount\", (new ActionExpression(\"CUM * 3\", bindings)) );\naction.execute( \"update-billitem-amount\",_p0,drools);\n\nend\n\n\n	');
INSERT INTO `sys_rule_deployed` VALUES ('RUL-181817d3:15bf4e3b890:-357d', '\npackage oboassessment.GPEP_INSPECTION_VERIFICATION_FEE;\nimport oboassessment.*;\nimport java.util.*;\nimport com.rameses.rules.common.*;\n\nglobal RuleAction action;\n\nrule \"GPEP_INSPECTION_VERIFICATION_FEE\"\n	agenda-group \"compute-accessory\"\n	salience 50000\n	no-loop\n	when\n		\n		\n		BILLITEM: treasury.facts.BillItem (  billcode matches \"ACCESSORY_FEE\" ) \n		\n		 obo.facts.AncillaryPermit (  type matches \"GROUND_PREP_EXCAVATION\" ) \n		\n		 obo.facts.OboIntegerInfo (  name matches \"INSPECTION_AND_VERIFICATION\" ) \n		\n	then\n		Map bindings = new HashMap();\n		\n		bindings.put(\"BILLITEM\", BILLITEM );\n		\n	Map _p0 = new HashMap();\n_p0.put( \"billitem\", BILLITEM );\n_p0.put( \"type\", \"ADD\" );\n_p0.put( \"amount\", (new ActionExpression(\"200\", bindings)) );\naction.execute( \"update-billitem-amount\",_p0,drools);\n\nend\n\n\n	');
INSERT INTO `sys_rule_deployed` VALUES ('RUL-181817d3:15bf4e3b890:-73e2', '\npackage oboassessment.BLDG_FEE_A2_NOT_NEW;\nimport oboassessment.*;\nimport java.util.*;\nimport com.rameses.rules.common.*;\n\nglobal RuleAction action;\n\nrule \"BLDG_FEE_A2_NOT_NEW\"\n	agenda-group \"compute-bldgfee\"\n	salience 50000\n	no-loop\n	when\n		\n		\n		 obo.facts.BuildingApplication (  worktype matches \"ADDITION|RENOVATION|ALTERATION\",AREA:totalfloorarea ) \n		\n		 obo.facts.OccupancyType (  division matches \"A2\" ) \n		\n	then\n		Map bindings = new HashMap();\n		\n		bindings.put(\"AREA\", AREA );\n		\n	RangeEntry re0 = new RangeEntry(\"BLDG_FEE_A2_NOT_NEW\");\nre0.setBindings(bindings);\nre0.setDecimalvalue(AREA);\nre0.getParams().put( \"amount\", 0.0 );\nre0.getParams().put( \"billcode\", new KeyValue(\"BUILDING_PERMIT_FEE\", \"BUILDING PERMIT FEE\") );\ninsert(re0);\n\nend\n\n\n	\nrule \"add-billitem_0_0\"\n	agenda-group \"compute-bldgfee\"\n	salience 50000\n	no-loop\n	when\n		\n		\n		\n		rv: RangeEntry( id==\"BLDG_FEE_A2_NOT_NEW\", decimalvalue <= 20.00 )\n		\n	then\n		Map bindings = rv.getBindings();\n		Map params = rv.getParams();\n		params.put( \"amount\", (new ActionExpression(\"3.4 * AREA\", bindings)) );	\n		 \n		action.execute( \"add-billitem\",params, drools);\nend\n\n\n	\nrule \"add-billitem_0_1\"\n	agenda-group \"compute-bldgfee\"\n	salience 50000\n	no-loop\n	when\n		\n		rv: RangeEntry( id==\"BLDG_FEE_A2_NOT_NEW\", decimalvalue > 20.00, decimalvalue <= 50.00 )\n		\n		\n		\n	then\n		Map bindings = rv.getBindings();\n		Map params = rv.getParams();\n		params.put( \"amount\", (new ActionExpression(\"5.20 * AREA\", bindings)) );	\n		 \n		action.execute( \"add-billitem\",params, drools);\nend\n\n\n	\nrule \"add-billitem_0_2\"\n	agenda-group \"compute-bldgfee\"\n	salience 50000\n	no-loop\n	when\n		\n		rv: RangeEntry( id==\"BLDG_FEE_A2_NOT_NEW\", decimalvalue > 50.00, decimalvalue <= 150.00 )\n		\n		\n		\n	then\n		Map bindings = rv.getBindings();\n		Map params = rv.getParams();\n		params.put( \"amount\", (new ActionExpression(\"8 * AREA\", bindings)) );	\n		 \n		action.execute( \"add-billitem\",params, drools);\nend\n\n\n	\nrule \"add-billitem_0_3\"\n	agenda-group \"compute-bldgfee\"\n	salience 50000\n	no-loop\n	when\n		\n		\n		rv: RangeEntry( id==\"BLDG_FEE_A2_NOT_NEW\", decimalvalue > 150.00 )\n		\n		\n	then\n		Map bindings = rv.getBindings();\n		Map params = rv.getParams();\n		params.put( \"amount\", (new ActionExpression(\"8.40 * AREA\", bindings)) );	\n		 \n		action.execute( \"add-billitem\",params, drools);\nend\n\n\n	');
INSERT INTO `sys_rule_deployed` VALUES ('RUL-181817d3:15bf4e3b890:-75db', '\npackage oboassessment.BLDG_FEE_A1_NOT_NEW;\nimport oboassessment.*;\nimport java.util.*;\nimport com.rameses.rules.common.*;\n\nglobal RuleAction action;\n\nrule \"BLDG_FEE_A1_NOT_NEW\"\n	agenda-group \"compute-bldgfee\"\n	salience 50000\n	no-loop\n	when\n		\n		\n		 obo.facts.BuildingApplication (  worktype matches \"ADDITION|RENOVATION|ALTERATION\",AREA:totalfloorarea ) \n		\n		 obo.facts.OccupancyType (  division matches \"A1\" ) \n		\n	then\n		Map bindings = new HashMap();\n		\n		bindings.put(\"AREA\", AREA );\n		\n	RangeEntry re0 = new RangeEntry(\"BLDG_FEE_A1_NOT_NEW\");\nre0.setBindings(bindings);\nre0.setDecimalvalue(AREA);\nre0.getParams().put( \"amount\", 0.0 );\nre0.getParams().put( \"billcode\", new KeyValue(\"BUILDING_PERMIT_FEE\", \"BUILDING PERMIT FEE\") );\ninsert(re0);\n\nend\n\n\n	\nrule \"add-billitem_0_0\"\n	agenda-group \"compute-bldgfee\"\n	salience 50000\n	no-loop\n	when\n		\n		\n		\n		rv: RangeEntry( id==\"BLDG_FEE_A1_NOT_NEW\", decimalvalue <= 20.00 )\n		\n	then\n		Map bindings = rv.getBindings();\n		Map params = rv.getParams();\n		params.put( \"amount\", (new ActionExpression(\"2.4 * AREA\", bindings)) );	\n		 \n		action.execute( \"add-billitem\",params, drools);\nend\n\n\n	\nrule \"add-billitem_0_1\"\n	agenda-group \"compute-bldgfee\"\n	salience 50000\n	no-loop\n	when\n		\n		rv: RangeEntry( id==\"BLDG_FEE_A1_NOT_NEW\", decimalvalue > 20.00, decimalvalue <= 50.00 )\n		\n		\n		\n	then\n		Map bindings = rv.getBindings();\n		Map params = rv.getParams();\n		params.put( \"amount\", (new ActionExpression(\"3.40 * AREA\", bindings)) );	\n		 \n		action.execute( \"add-billitem\",params, drools);\nend\n\n\n	\nrule \"add-billitem_0_2\"\n	agenda-group \"compute-bldgfee\"\n	salience 50000\n	no-loop\n	when\n		\n		rv: RangeEntry( id==\"BLDG_FEE_A1_NOT_NEW\", decimalvalue > 50.00, decimalvalue <= 100.00 )\n		\n		\n		\n	then\n		Map bindings = rv.getBindings();\n		Map params = rv.getParams();\n		params.put( \"amount\", (new ActionExpression(\"4.80 * AREA\", bindings)) );	\n		 \n		action.execute( \"add-billitem\",params, drools);\nend\n\n\n	\nrule \"add-billitem_0_3\"\n	agenda-group \"compute-bldgfee\"\n	salience 50000\n	no-loop\n	when\n		\n		rv: RangeEntry( id==\"BLDG_FEE_A1_NOT_NEW\", decimalvalue > 100.00, decimalvalue <= 150.00 )\n		\n		\n		\n	then\n		Map bindings = rv.getBindings();\n		Map params = rv.getParams();\n		params.put( \"amount\", (new ActionExpression(\"6.0 * AREA\", bindings)) );	\n		 \n		action.execute( \"add-billitem\",params, drools);\nend\n\n\n	\nrule \"add-billitem_0_4\"\n	agenda-group \"compute-bldgfee\"\n	salience 50000\n	no-loop\n	when\n		\n		\n		rv: RangeEntry( id==\"BLDG_FEE_A1_NOT_NEW\", decimalvalue > 150.00 )\n		\n		\n	then\n		Map bindings = rv.getBindings();\n		Map params = rv.getParams();\n		params.put( \"amount\", (new ActionExpression(\"7.20 * AREA\", bindings)) );	\n		 \n		action.execute( \"add-billitem\",params, drools);\nend\n\n\n	');
INSERT INTO `sys_rule_deployed` VALUES ('RUL-181817d3:15bf4e3b890:-8e0', '\npackage oboassessment.AD_SIGNAGE_PAINTED_ON_NEW;\nimport oboassessment.*;\nimport java.util.*;\nimport com.rameses.rules.common.*;\n\nglobal RuleAction action;\n\nrule \"AD_SIGNAGE_PAINTED_ON_NEW\"\n	agenda-group \"compute-accessory\"\n	salience 50000\n	no-loop\n	when\n		\n		\n		BILLITEM: treasury.facts.BillItem (  billcode matches \"ACCESSORY_FEE\" ) \n		\n		 obo.facts.OboDecimalInfo (  name matches \"PAINTEDON_ADVERTISING_SIGN\",SQM:value ) \n		\n	then\n		Map bindings = new HashMap();\n		\n		bindings.put(\"BILLITEM\", BILLITEM );\n		\n		bindings.put(\"SQM\", SQM );\n		\n	Map _p0 = new HashMap();\n_p0.put( \"billitem\", BILLITEM );\n_p0.put( \"type\", \"ADD\" );\n_p0.put( \"amount\", (new ActionExpression(\"Math.ceil( SQM ) * 18\", bindings)) );\naction.execute( \"update-billitem-amount\",_p0,drools);\n\nend\n\n\n	');
INSERT INTO `sys_rule_deployed` VALUES ('RUL-181817d3:15bf4e3b890:-af9', '\npackage oboassessment.AD_SIGNAGE_NEON_NEW;\nimport oboassessment.*;\nimport java.util.*;\nimport com.rameses.rules.common.*;\n\nglobal RuleAction action;\n\nrule \"AD_SIGNAGE_NEON_NEW\"\n	agenda-group \"compute-accessory\"\n	salience 50000\n	no-loop\n	when\n		\n		\n		BILLITEM: treasury.facts.BillItem (  billcode matches \"ACCESSORY_FEE\" ) \n		\n		 obo.facts.OboDecimalInfo (  name matches \"NEON_ADVERTISING_SIGN\",SQM:value ) \n		\n	then\n		Map bindings = new HashMap();\n		\n		bindings.put(\"BILLITEM\", BILLITEM );\n		\n		bindings.put(\"SQM\", SQM );\n		\n	Map _p0 = new HashMap();\n_p0.put( \"billitem\", BILLITEM );\n_p0.put( \"type\", \"ADD\" );\n_p0.put( \"amount\", (new ActionExpression(\"Math.ceil( SQM ) * 52\", bindings)) );\naction.execute( \"update-billitem-amount\",_p0,drools);\n\nend\n\n\n	');
INSERT INTO `sys_rule_deployed` VALUES ('RUL-181817d3:15bf4e3b890:-b2e', '\npackage oboassessment.AD_SIGNAGE_OTHER_NEW;\nimport oboassessment.*;\nimport java.util.*;\nimport com.rameses.rules.common.*;\n\nglobal RuleAction action;\n\nrule \"AD_SIGNAGE_OTHER_NEW\"\n	agenda-group \"compute-accessory\"\n	salience 50000\n	no-loop\n	when\n		\n		\n		BILLITEM: treasury.facts.BillItem (  billcode matches \"ACCESSORY_FEE\" ) \n		\n		 obo.facts.OboDecimalInfo (  name matches \"OTHER_ADVERTISING_SIGN\",SQM:value ) \n		\n	then\n		Map bindings = new HashMap();\n		\n		bindings.put(\"BILLITEM\", BILLITEM );\n		\n		bindings.put(\"SQM\", SQM );\n		\n	Map _p0 = new HashMap();\n_p0.put( \"billitem\", BILLITEM );\n_p0.put( \"type\", \"ADD\" );\n_p0.put( \"amount\", (new ActionExpression(\"Math.ceil( SQM ) * 24\", bindings)) );\naction.execute( \"update-billitem-amount\",_p0,drools);\n\nend\n\n\n	');
INSERT INTO `sys_rule_deployed` VALUES ('RUL-181817d3:15bf4e3b890:-d87', '\npackage oboassessment.AD_SIGNAGE_ILLUMINATED_NEW;\nimport oboassessment.*;\nimport java.util.*;\nimport com.rameses.rules.common.*;\n\nglobal RuleAction action;\n\nrule \"AD_SIGNAGE_ILLUMINATED_NEW\"\n	agenda-group \"compute-accessory\"\n	salience 50000\n	no-loop\n	when\n		\n		\n		BILLITEM: treasury.facts.BillItem (  billcode matches \"ACCESSORY_FEE\" ) \n		\n		 obo.facts.OboDecimalInfo (  name matches \"ILLUMINATED_ADVERTISING_SIGN\",SQM:value ) \n		\n	then\n		Map bindings = new HashMap();\n		\n		bindings.put(\"BILLITEM\", BILLITEM );\n		\n		bindings.put(\"SQM\", SQM );\n		\n	Map _p0 = new HashMap();\n_p0.put( \"billitem\", BILLITEM );\n_p0.put( \"type\", \"ADD\" );\n_p0.put( \"amount\", (new ActionExpression(\"Math.ceil( SQM ) * 36\", bindings)) );\naction.execute( \"update-billitem-amount\",_p0,drools);\n\nend\n\n\n	');
INSERT INTO `sys_rule_deployed` VALUES ('RUL-26004fad:15b36e43946:-7e78', '\npackage oboassessment.MECHANICAL_FEE_REF_COLD_STORAGE;\nimport oboassessment.*;\nimport java.util.*;\nimport com.rameses.rules.common.*;\n\nglobal RuleAction action;\n\nrule \"MECHANICAL_FEE_REF_COLD_STORAGE\"\n	agenda-group \"compute-mechanical-fee\"\n	salience 50000\n	no-loop\n	when\n		\n		\n		BILLITEM: treasury.facts.BillItem (  billcode matches \"MECHANICAL_FEE\" ) \n		\n		 obo.facts.OboDecimalInfo (  name matches \"REFRIGERATION\",TONS:value ) \n		\n	then\n		Map bindings = new HashMap();\n		\n		bindings.put(\"BILLITEM\", BILLITEM );\n		\n		bindings.put(\"TONS\", TONS );\n		\n	Map _p0 = new HashMap();\n_p0.put( \"billitem\", BILLITEM );\n_p0.put( \"type\", \"ADD\" );\n_p0.put( \"amount\", (new ActionExpression(\"Math.ceil( TONS )  * 40\", bindings)) );\naction.execute( \"update-billitem-amount\",_p0,drools);\n\nend\n\n\n	');
INSERT INTO `sys_rule_deployed` VALUES ('RUL-29595738:16a4fbe79ee:-7bd1', '\npackage oboassessment.COMMERCIAL_INDUSTRIAL_LOCATIONAL_CLEARANCE;\nimport oboassessment.*;\nimport java.util.*;\nimport com.rameses.rules.common.*;\n\nglobal RuleAction action;\n\nrule \"COMMERCIAL_INDUSTRIAL_LOCATIONAL_CLEARANCE\"\n	agenda-group \"compute-zoning-fee\"\n	salience 40000\n	no-loop\n	when\n		\n		\n		 obo.facts.BuildingApplication (  COST:highercost ) \n		\n		 obo.facts.OccupancyType (  group matches \"E|F|G\" ) \n		\n		 obo.facts.BuildingPermitSection (  name matches \"ZONING\" ) \n		\n	then\n		Map bindings = new HashMap();\n		\n		bindings.put(\"COST\", COST );\n		\n	RangeEntry re0 = new RangeEntry(\"COMMERCIAL_INDUSTRIAL_LOCATIONAL_CLEARANCE\");\nre0.setBindings(bindings);\nre0.setDecimalvalue(COST);\nre0.getParams().put( \"amount\", 0.0 );\nre0.getParams().put( \"billcode\", new KeyValue(\"LOCATIONAL_CLEARANCE_FEE\", \"LOCATIONAL CLEARANCE FEE\") );\ninsert(re0);\n\nend\n\n\n	\nrule \"add-billitem_0_0\"\n	agenda-group \"compute-zoning-fee\"\n	salience 40000\n	no-loop\n	when\n		\n		\n		\n		rv: RangeEntry( id==\"COMMERCIAL_INDUSTRIAL_LOCATIONAL_CLEARANCE\", decimalvalue < 100000.00 )\n		\n	then\n		Map bindings = rv.getBindings();\n		Map params = rv.getParams();\n		params.put( \"amount\", (new ActionExpression(\"1500\", bindings)) );	\n		 \n		action.execute( \"add-billitem\",params, drools);\nend\n\n\n	\nrule \"add-billitem_0_1\"\n	agenda-group \"compute-zoning-fee\"\n	salience 40000\n	no-loop\n	when\n		\n		rv: RangeEntry( id==\"COMMERCIAL_INDUSTRIAL_LOCATIONAL_CLEARANCE\", decimalvalue >= 100000.00, decimalvalue < 500000.00 )\n		\n		\n		\n	then\n		Map bindings = rv.getBindings();\n		Map params = rv.getParams();\n		params.put( \"amount\", (new ActionExpression(\"2000\", bindings)) );	\n		 \n		action.execute( \"add-billitem\",params, drools);\nend\n\n\n	\nrule \"add-billitem_0_2\"\n	agenda-group \"compute-zoning-fee\"\n	salience 40000\n	no-loop\n	when\n		\n		rv: RangeEntry( id==\"COMMERCIAL_INDUSTRIAL_LOCATIONAL_CLEARANCE\", decimalvalue >= 500000.00, decimalvalue < 1000000.00 )\n		\n		\n		\n	then\n		Map bindings = rv.getBindings();\n		Map params = rv.getParams();\n		params.put( \"amount\", (new ActionExpression(\"2600\", bindings)) );	\n		 \n		action.execute( \"add-billitem\",params, drools);\nend\n\n\n	\nrule \"add-billitem_0_3\"\n	agenda-group \"compute-zoning-fee\"\n	salience 40000\n	no-loop\n	when\n		\n		rv: RangeEntry( id==\"COMMERCIAL_INDUSTRIAL_LOCATIONAL_CLEARANCE\", decimalvalue >= 1000000.00, decimalvalue < 2000000.00 )\n		\n		\n		\n	then\n		Map bindings = rv.getBindings();\n		Map params = rv.getParams();\n		params.put( \"amount\", (new ActionExpression(\"4000\", bindings)) );	\n		 \n		action.execute( \"add-billitem\",params, drools);\nend\n\n\n	\nrule \"add-billitem_0_4\"\n	agenda-group \"compute-zoning-fee\"\n	salience 40000\n	no-loop\n	when\n		\n		\n		rv: RangeEntry( id==\"COMMERCIAL_INDUSTRIAL_LOCATIONAL_CLEARANCE\", decimalvalue >= 2000000.00 )\n		\n		\n	then\n		Map bindings = rv.getBindings();\n		Map params = rv.getParams();\n		params.put( \"amount\", (new ActionExpression(\"7000  + ((COST-2000000)* 0.10 * 0.01)\", bindings)) );	\n		 \n		action.execute( \"add-billitem\",params, drools);\nend\n\n\n	');
INSERT INTO `sys_rule_deployed` VALUES ('RUL-29595738:16a4fbe79ee:-7d01', '\npackage oboassessment.INSTITUTIONAL_LOCATIONAL_CLEARANCE;\nimport oboassessment.*;\nimport java.util.*;\nimport com.rameses.rules.common.*;\n\nglobal RuleAction action;\n\nrule \"INSTITUTIONAL_LOCATIONAL_CLEARANCE\"\n	agenda-group \"compute-zoning-fee\"\n	salience 40000\n	no-loop\n	when\n		\n		\n		 obo.facts.BuildingApplication (  COST:highercost ) \n		\n		 obo.facts.OccupancyType (  group matches \"D\" ) \n		\n		 obo.facts.BuildingPermitSection (  name matches \"ZONING\" ) \n		\n	then\n		Map bindings = new HashMap();\n		\n		bindings.put(\"COST\", COST );\n		\n	RangeEntry re0 = new RangeEntry(\"INSTITUTIONAL_LOCATIONAL_CLEARANCE\");\nre0.setBindings(bindings);\nre0.setDecimalvalue(COST);\nre0.getParams().put( \"amount\", 0.0 );\nre0.getParams().put( \"billcode\", new KeyValue(\"LOCATIONAL_CLEARANCE_FEE\", \"LOCATIONAL CLEARANCE FEE\") );\ninsert(re0);\n\nend\n\n\n	\nrule \"add-billitem_0_0\"\n	agenda-group \"compute-zoning-fee\"\n	salience 40000\n	no-loop\n	when\n		\n		\n		\n		rv: RangeEntry( id==\"INSTITUTIONAL_LOCATIONAL_CLEARANCE\", decimalvalue < 2000000.00 )\n		\n	then\n		Map bindings = rv.getBindings();\n		Map params = rv.getParams();\n		params.put( \"amount\", (new ActionExpression(\"3000\", bindings)) );	\n		 \n		action.execute( \"add-billitem\",params, drools);\nend\n\n\n	\nrule \"add-billitem_0_1\"\n	agenda-group \"compute-zoning-fee\"\n	salience 40000\n	no-loop\n	when\n		\n		\n		rv: RangeEntry( id==\"INSTITUTIONAL_LOCATIONAL_CLEARANCE\", decimalvalue >= 2000000.00 )\n		\n		\n	then\n		Map bindings = rv.getBindings();\n		Map params = rv.getParams();\n		params.put( \"amount\", (new ActionExpression(\"4000 + (( COST - 2000000 ) * 0.10 * 0.01)\", bindings)) );	\n		 \n		action.execute( \"add-billitem\",params, drools);\nend\n\n\n	');
INSERT INTO `sys_rule_deployed` VALUES ('RUL-29595738:16a4fbe79ee:-7de3', '\npackage oboassessment.DORMITORIES_BOARDING_HOUSE_LOCATIONAL_CLEARANCE;\nimport oboassessment.*;\nimport java.util.*;\nimport com.rameses.rules.common.*;\n\nglobal RuleAction action;\n\nrule \"DORMITORIES_BOARDING_HOUSE_LOCATIONAL_CLEARANCE\"\n	agenda-group \"compute-zoning-fee\"\n	salience 50000\n	no-loop\n	when\n		\n		\n		 obo.facts.BuildingApplication (  COST:highercost ) \n		\n		 obo.facts.OccupancyType (  type matches \"A202|B103|B110\" ) \n		\n		 obo.facts.BuildingPermitSection (  name matches \"ZONING\" ) \n		\n	then\n		Map bindings = new HashMap();\n		\n		bindings.put(\"COST\", COST );\n		\n	RangeEntry re0 = new RangeEntry(\"DORMITORIES_BOARDING_HOUSE_LOCATIONAL_CLEARANCE\");\nre0.setBindings(bindings);\nre0.setDecimalvalue(COST);\nre0.getParams().put( \"amount\", 0.0 );\nre0.getParams().put( \"billcode\", new KeyValue(\"LOCATIONAL_CLEARANCE_FEE\", \"LOCATIONAL CLEARANCE FEE\") );\ninsert(re0);\n\nend\n\n\n	\nrule \"add-billitem_0_0\"\n	agenda-group \"compute-zoning-fee\"\n	salience 50000\n	no-loop\n	when\n		\n		\n		\n		rv: RangeEntry( id==\"DORMITORIES_BOARDING_HOUSE_LOCATIONAL_CLEARANCE\", decimalvalue < 2000000.00 )\n		\n	then\n		Map bindings = rv.getBindings();\n		Map params = rv.getParams();\n		params.put( \"amount\", (new ActionExpression(\"3000\", bindings)) );	\n		 \n		action.execute( \"add-billitem\",params, drools);\nend\n\n\n	\nrule \"add-billitem_0_1\"\n	agenda-group \"compute-zoning-fee\"\n	salience 50000\n	no-loop\n	when\n		\n		\n		rv: RangeEntry( id==\"DORMITORIES_BOARDING_HOUSE_LOCATIONAL_CLEARANCE\", decimalvalue >= 2000000.00 )\n		\n		\n	then\n		Map bindings = rv.getBindings();\n		Map params = rv.getParams();\n		params.put( \"amount\", (new ActionExpression(\"4000 + (( COST - 2000000 ) * 0.10 * 0.01)\", bindings)) );	\n		 \n		action.execute( \"add-billitem\",params, drools);\nend\n\n\n	');
INSERT INTO `sys_rule_deployed` VALUES ('RUL-29595738:16a4fbe79ee:-7ef1', '\npackage oboassessment.APARTMENT_TOWNHOUSES_LOCATIONAL_CLEARANCE;\nimport oboassessment.*;\nimport java.util.*;\nimport com.rameses.rules.common.*;\n\nglobal RuleAction action;\n\nrule \"APARTMENT_TOWNHOUSES_LOCATIONAL_CLEARANCE\"\n	agenda-group \"compute-zoning-fee\"\n	salience 50000\n	no-loop\n	when\n		\n		\n		 obo.facts.BuildingApplication (  COST:highercost ) \n		\n		 obo.facts.OccupancyType (  type matches \"B107|B108|B105|A201\" ) \n		\n		 obo.facts.BuildingPermitSection (  name matches \"ZONING\" ) \n		\n	then\n		Map bindings = new HashMap();\n		\n		bindings.put(\"COST\", COST );\n		\n	RangeEntry re0 = new RangeEntry(\"APARTMENT_TOWNHOUSES_LOCATIONAL_CLEARANCE\");\nre0.setBindings(bindings);\nre0.setDecimalvalue(COST);\nre0.getParams().put( \"amount\", 0.0 );\nre0.getParams().put( \"billcode\", new KeyValue(\"LOCATIONAL_CLEARANCE_FEE\", \"LOCATIONAL CLEARANCE FEE\") );\ninsert(re0);\n\nend\n\n\n	\nrule \"add-billitem_0_0\"\n	agenda-group \"compute-zoning-fee\"\n	salience 50000\n	no-loop\n	when\n		\n		\n		\n		rv: RangeEntry( id==\"APARTMENT_TOWNHOUSES_LOCATIONAL_CLEARANCE\", decimalvalue < 500000.00 )\n		\n	then\n		Map bindings = rv.getBindings();\n		Map params = rv.getParams();\n		params.put( \"amount\", (new ActionExpression(\"1500\", bindings)) );	\n		 \n		action.execute( \"add-billitem\",params, drools);\nend\n\n\n	\nrule \"add-billitem_0_1\"\n	agenda-group \"compute-zoning-fee\"\n	salience 50000\n	no-loop\n	when\n		\n		rv: RangeEntry( id==\"APARTMENT_TOWNHOUSES_LOCATIONAL_CLEARANCE\", decimalvalue >= 500000.00, decimalvalue < 2000000.00 )\n		\n		\n		\n	then\n		Map bindings = rv.getBindings();\n		Map params = rv.getParams();\n		params.put( \"amount\", (new ActionExpression(\"2000\", bindings)) );	\n		 \n		action.execute( \"add-billitem\",params, drools);\nend\n\n\n	\nrule \"add-billitem_0_2\"\n	agenda-group \"compute-zoning-fee\"\n	salience 50000\n	no-loop\n	when\n		\n		\n		rv: RangeEntry( id==\"APARTMENT_TOWNHOUSES_LOCATIONAL_CLEARANCE\", decimalvalue >= 2000000.00 )\n		\n		\n	then\n		Map bindings = rv.getBindings();\n		Map params = rv.getParams();\n		params.put( \"amount\", (new ActionExpression(\"3600 + (( COST - 2000000 ) * 0.10 * 0.01)\", bindings)) );	\n		 \n		action.execute( \"add-billitem\",params, drools);\nend\n\n\n	');
INSERT INTO `sys_rule_deployed` VALUES ('RUL-2a4f39d0:16e35fe5e74:-7bc2', '\npackage oboassessment.LOCATIONAL_FEE_MEDIUM_DENSITY;\nimport oboassessment.*;\nimport java.util.*;\nimport com.rameses.rules.common.*;\n\nglobal RuleAction action;\n\nrule \"LOCATIONAL_FEE_MEDIUM_DENSITY\"\n	agenda-group \"compute-zoning-fee\"\n	salience 50000\n	no-loop\n	when\n		\n		\n		 obo.facts.BuildingApplication (  COST:highercost,zoneclass matches \"R2\" ) \n		\n		 obo.facts.BuildingPermitSection (  name matches \"ZONING\" ) \n		\n	then\n		Map bindings = new HashMap();\n		\n		bindings.put(\"COST\", COST );\n		\n	RangeEntry re0 = new RangeEntry(\"LOCATIONAL_FEE_MEDIUM_DENSITY\");\nre0.setBindings(bindings);\nre0.setDecimalvalue(COST);\nre0.getParams().put( \"amount\", 0.0 );\nre0.getParams().put( \"billcode\", new KeyValue(\"LOCATIONAL_CLEARANCE_FEE\", \"LOCATIONAL CLEARANCE FEE\") );\ninsert(re0);\n\nend\n\n\n	\nrule \"add-billitem_0_0\"\n	agenda-group \"compute-zoning-fee\"\n	salience 50000\n	no-loop\n	when\n		\n		\n		\n		rv: RangeEntry( id==\"LOCATIONAL_FEE_MEDIUM_DENSITY\", decimalvalue < 2000000.00 )\n		\n	then\n		Map bindings = rv.getBindings();\n		Map params = rv.getParams();\n		params.put( \"amount\", (new ActionExpression(\"7000\", bindings)) );	\n		 \n		action.execute( \"add-billitem\",params, drools);\nend\n\n\n	\nrule \"add-billitem_0_1\"\n	agenda-group \"compute-zoning-fee\"\n	salience 50000\n	no-loop\n	when\n		\n		\n		rv: RangeEntry( id==\"LOCATIONAL_FEE_MEDIUM_DENSITY\", decimalvalue >= 2000000.00 )\n		\n		\n	then\n		Map bindings = rv.getBindings();\n		Map params = rv.getParams();\n		params.put( \"amount\", (new ActionExpression(\"8000 + (( COST-2000000) * 0.10 * 0.01 )\", bindings)) );	\n		 \n		action.execute( \"add-billitem\",params, drools);\nend\n\n\n	');
INSERT INTO `sys_rule_deployed` VALUES ('RUL-301ccfbb:16a4e3ad539:-7c37', '\npackage oboassessment.ACC_FEE_EXCAVATION;\nimport oboassessment.*;\nimport java.util.*;\nimport com.rameses.rules.common.*;\n\nglobal RuleAction action;\n\nrule \"ACC_FEE_EXCAVATION\"\n	agenda-group \"compute-accessory\"\n	salience 50000\n	no-loop\n	when\n		\n		\n		 obo.facts.OboDecimalInfo (  name matches \"EXCAVATION\",CUM:value ) \n		\n		BILLITEM: treasury.facts.BillItem (  billcode matches \"ACCESSORY_FEE\" ) \n		\n	then\n		Map bindings = new HashMap();\n		\n		bindings.put(\"BILLITEM\", BILLITEM );\n		\n		bindings.put(\"CUM\", CUM );\n		\n	Map _p0 = new HashMap();\n_p0.put( \"billitem\", BILLITEM );\n_p0.put( \"type\", \"ADD\" );\n_p0.put( \"amount\", (new ActionExpression(\"CUM * 3\", bindings)) );\naction.execute( \"update-billitem-amount\",_p0,drools);\n\nend\n\n\n	');
INSERT INTO `sys_rule_deployed` VALUES ('RUL-41499999:15b23048395:-77db', '\npackage oboassessment.ELECTRIC_METER_INSTIUTIONAL;\nimport oboassessment.*;\nimport java.util.*;\nimport com.rameses.rules.common.*;\n\nglobal RuleAction action;\n\nrule \"ELECTRIC_METER_INSTIUTIONAL\"\n	agenda-group \"compute-electrical-fee\"\n	salience 50000\n	no-loop\n	when\n		\n		\n		BILLITEM: treasury.facts.BillItem (  billcode matches \"ELECTRICAL_FEE\" ) \n		\n		 obo.facts.OccupancyType (  group matches \"C|D\" ) \n		\n		 obo.facts.OboIntegerInfo (  name matches \"ELECTRIC_METER\",UNIT:value ) \n		\n	then\n		Map bindings = new HashMap();\n		\n		bindings.put(\"UNIT\", UNIT );\n		\n		bindings.put(\"BILLITEM\", BILLITEM );\n		\n	Map _p0 = new HashMap();\n_p0.put( \"billitem\", BILLITEM );\n_p0.put( \"type\", \"ADD\" );\n_p0.put( \"amount\", (new ActionExpression(\"UNIT  * (30 + 12)\", bindings)) );\naction.execute( \"update-billitem-amount\",_p0,drools);\n\nend\n\n\n	');
INSERT INTO `sys_rule_deployed` VALUES ('RUL-41499999:15b23048395:-77ec', '\npackage oboassessment.ELECTRIC_METER_COMMERCIAL_INDUSTRIAL;\nimport oboassessment.*;\nimport java.util.*;\nimport com.rameses.rules.common.*;\n\nglobal RuleAction action;\n\nrule \"ELECTRIC_METER_COMMERCIAL_INDUSTRIAL\"\n	agenda-group \"compute-electrical-fee\"\n	salience 50000\n	no-loop\n	when\n		\n		\n		BILLITEM: treasury.facts.BillItem (  billcode matches \"ELECTRICAL_FEE\" ) \n		\n		 obo.facts.OccupancyType (  group matches \"E|F\" ) \n		\n		 obo.facts.OboIntegerInfo (  name matches \"ELECTRIC_METER\",UNIT:value ) \n		\n	then\n		Map bindings = new HashMap();\n		\n		bindings.put(\"UNIT\", UNIT );\n		\n		bindings.put(\"BILLITEM\", BILLITEM );\n		\n	Map _p0 = new HashMap();\n_p0.put( \"billitem\", BILLITEM );\n_p0.put( \"type\", \"ADD\" );\n_p0.put( \"amount\", (new ActionExpression(\"UNIT *  (60 + 36 )\", bindings)) );\naction.execute( \"update-billitem-amount\",_p0,drools);\n\nend\n\n\n	');
INSERT INTO `sys_rule_deployed` VALUES ('RUL-41499999:15b23048395:-77fd', '\npackage oboassessment.ELECTRIC_METER_RESIDENTIAL;\nimport oboassessment.*;\nimport java.util.*;\nimport com.rameses.rules.common.*;\n\nglobal RuleAction action;\n\nrule \"ELECTRIC_METER_RESIDENTIAL\"\n	agenda-group \"compute-electrical-fee\"\n	salience 50000\n	no-loop\n	when\n		\n		\n		BILLITEM: treasury.facts.BillItem (  billcode matches \"ELECTRICAL_FEE\" ) \n		\n		 obo.facts.OccupancyType (  group matches \"A|B\" ) \n		\n		 obo.facts.OboIntegerInfo (  name matches \"ELECTRIC_METER\",NUM_METER:value ) \n		\n	then\n		Map bindings = new HashMap();\n		\n		bindings.put(\"NUM_METER\", NUM_METER );\n		\n		bindings.put(\"BILLITEM\", BILLITEM );\n		\n	Map _p0 = new HashMap();\n_p0.put( \"billitem\", BILLITEM );\n_p0.put( \"type\", \"ADD\" );\n_p0.put( \"amount\", (new ActionExpression(\"NUM_METER * ( 15 + 15 )\", bindings)) );\naction.execute( \"update-billitem-amount\",_p0,drools);\n\nend\n\n\n	');
INSERT INTO `sys_rule_deployed` VALUES ('RUL-41499999:15b23048395:-7d1e', '\npackage oboassessment.GUYING_ATTACHMENT_FEE;\nimport oboassessment.*;\nimport java.util.*;\nimport com.rameses.rules.common.*;\n\nglobal RuleAction action;\n\nrule \"GUYING_ATTACHMENT_FEE\"\n	agenda-group \"compute-electrical-fee\"\n	salience 50000\n	no-loop\n	when\n		\n		\n		BILLITEM: treasury.facts.BillItem (  billcode matches \"ELECTRICAL_FEE\" ) \n		\n		 obo.facts.OboIntegerInfo (  name matches \"GUYING_ATTACHMENT\",UNIT:value ) \n		\n	then\n		Map bindings = new HashMap();\n		\n		bindings.put(\"BILLITEM\", BILLITEM );\n		\n		bindings.put(\"UNIT\", UNIT );\n		\n	Map _p0 = new HashMap();\n_p0.put( \"billitem\", BILLITEM );\n_p0.put( \"type\", \"ADD\" );\n_p0.put( \"amount\", (new ActionExpression(\"UNIT * 30\", bindings)) );\naction.execute( \"update-billitem-amount\",_p0,drools);\n\nend\n\n\n	');
INSERT INTO `sys_rule_deployed` VALUES ('RUL-41499999:15b23048395:-7ed8', '\npackage oboassessment.POLE_ATTACHMENT_FEE;\nimport oboassessment.*;\nimport java.util.*;\nimport com.rameses.rules.common.*;\n\nglobal RuleAction action;\n\nrule \"POLE_ATTACHMENT_FEE\"\n	agenda-group \"compute-electrical-fee\"\n	salience 50000\n	no-loop\n	when\n		\n		\n		 obo.facts.OboIntegerInfo (  name matches \"POWER_SUPPLY_POLE_LOCATION\",POLES:value ) \n		\n		BILLITEM: treasury.facts.BillItem (  billcode matches \"ELECTRICAL_FEE\" ) \n		\n	then\n		Map bindings = new HashMap();\n		\n		bindings.put(\"BILLITEM\", BILLITEM );\n		\n		bindings.put(\"POLES\", POLES );\n		\n	Map _p0 = new HashMap();\n_p0.put( \"billitem\", BILLITEM );\n_p0.put( \"type\", \"ADD\" );\n_p0.put( \"amount\", (new ActionExpression(\"POLES * 30\", bindings)) );\naction.execute( \"update-billitem-amount\",_p0,drools);\n\nend\n\n\n	');
INSERT INTO `sys_rule_deployed` VALUES ('RUL-4267ff2c:16a444aba70:-6950', '\npackage oboassessment.COLUMBARIUM_FEE;\nimport oboassessment.*;\nimport java.util.*;\nimport com.rameses.rules.common.*;\n\nglobal RuleAction action;\n\nrule \"COLUMBARIUM_FEE\"\n	agenda-group \"compute-accessory-structure\"\n	salience 50000\n	no-loop\n	when\n		\n		\n		 obo.facts.OboDecimalInfo (  name matches \"COLUMBARIUM\",SQM:value ) \n		\n		BILLITEM: treasury.facts.BillItem (  billcode matches \"ACCESSORY_STRUCTURE_FEE\" ) \n		\n	then\n		Map bindings = new HashMap();\n		\n		bindings.put(\"BILLITEM\", BILLITEM );\n		\n		bindings.put(\"SQM\", SQM );\n		\n	Map _p0 = new HashMap();\n_p0.put( \"billitem\", BILLITEM );\n_p0.put( \"type\", \"ADD\" );\n_p0.put( \"amount\", (new ActionExpression(\"SQM * 18\", bindings)) );\naction.execute( \"update-billitem-amount\",_p0,drools);\n\nend\n\n\n	');
INSERT INTO `sys_rule_deployed` VALUES ('RUL-4267ff2c:16a444aba70:-6a5e', '\npackage oboassessment.TOTALLY_ENCLOSED_MAUSOLEUM_FEE;\nimport oboassessment.*;\nimport java.util.*;\nimport com.rameses.rules.common.*;\n\nglobal RuleAction action;\n\nrule \"TOTALLY_ENCLOSED_MAUSOLEUM_FEE\"\n	agenda-group \"compute-accessory-structure\"\n	salience 50000\n	no-loop\n	when\n		\n		\n		 obo.facts.OboDecimalInfo (  name matches \"TOTALLY_ENCLOSED_MAUSOLEUM\",SQM:value ) \n		\n		BILLITEM: treasury.facts.BillItem (  billcode matches \"ACCESSORY_STRUCTURE_FEE\" ) \n		\n	then\n		Map bindings = new HashMap();\n		\n		bindings.put(\"BILLITEM\", BILLITEM );\n		\n		bindings.put(\"SQM\", SQM );\n		\n	Map _p0 = new HashMap();\n_p0.put( \"billitem\", BILLITEM );\n_p0.put( \"type\", \"ADD\" );\n_p0.put( \"amount\", (new ActionExpression(\"SQM * 12\", bindings)) );\naction.execute( \"update-billitem-amount\",_p0,drools);\n\nend\n\n\n	');
INSERT INTO `sys_rule_deployed` VALUES ('RUL-4267ff2c:16a444aba70:-6d3b', '\npackage oboassessment.TOMBS_AND_SEMI_ENCLOSED_MAUSOLEUM_FEE;\nimport oboassessment.*;\nimport java.util.*;\nimport com.rameses.rules.common.*;\n\nglobal RuleAction action;\n\nrule \"TOMBS_AND_SEMI_ENCLOSED_MAUSOLEUM_FEE\"\n	agenda-group \"compute-accessory-structure\"\n	salience 50000\n	no-loop\n	when\n		\n		\n		 obo.facts.OboDecimalInfo (  name matches \"TOMB|SEMI_ENCLOSED_MAUSOLEUM\",SQM:value ) \n		\n		BILLITEM: treasury.facts.BillItem (  billcode matches \"ACCESSORY_STRUCTURE_FEE\" ) \n		\n	then\n		Map bindings = new HashMap();\n		\n		bindings.put(\"BILLITEM\", BILLITEM );\n		\n		bindings.put(\"SQM\", SQM );\n		\n	Map _p0 = new HashMap();\n_p0.put( \"billitem\", BILLITEM );\n_p0.put( \"type\", \"ADD\" );\n_p0.put( \"amount\", (new ActionExpression(\"SQM * 5\", bindings)) );\naction.execute( \"update-billitem-amount\",_p0,drools);\n\nend\n\n\n	');
INSERT INTO `sys_rule_deployed` VALUES ('RUL-4267ff2c:16a444aba70:-6f9a', '\npackage oboassessment.WATER_WASTEWATER_CISTERN_FEE;\nimport oboassessment.*;\nimport java.util.*;\nimport com.rameses.rules.common.*;\n\nglobal RuleAction action;\n\nrule \"WATER_WASTEWATER_CISTERN_FEE\"\n	agenda-group \"compute-accessory-structure\"\n	salience 50000\n	no-loop\n	when\n		\n		\n		BILLITEM: treasury.facts.BillItem (  billcode matches \"ACCESSORY_STRUCTURE_FEE\" ) \n		\n		 obo.facts.OboDecimalInfo (  name matches \"WATER_AND_WASTE_WATER_TREATMENT_TANK\",CUM:value ) \n		\n	then\n		Map bindings = new HashMap();\n		\n		bindings.put(\"CUM\", CUM );\n		\n		bindings.put(\"BILLITEM\", BILLITEM );\n		\n	Map _p0 = new HashMap();\n_p0.put( \"billitem\", BILLITEM );\n_p0.put( \"type\", \"ADD\" );\n_p0.put( \"amount\", (new ActionExpression(\"CUM * 7\", bindings)) );\naction.execute( \"update-billitem-amount\",_p0,drools);\n\nend\n\n\n	');
INSERT INTO `sys_rule_deployed` VALUES ('RUL-4267ff2c:16a444aba70:-7247', '\npackage oboassessment.SWIMMING_POOL_LOCKER_ROOM_FEE;\nimport oboassessment.*;\nimport java.util.*;\nimport com.rameses.rules.common.*;\n\nglobal RuleAction action;\n\nrule \"SWIMMING_POOL_LOCKER_ROOM_FEE\"\n	agenda-group \"compute-accessory-structure\"\n	salience 50000\n	no-loop\n	when\n		\n		\n		 obo.facts.OboIntegerInfo (  name matches \"SWIMMING_POOL_SHOWER_LOCKER_ROOM\",UNIT:value ) \n		\n		BILLITEM: treasury.facts.BillItem (  billcode matches \"ACCESSORY_STRUCTURE_FEE\" ) \n		\n	then\n		Map bindings = new HashMap();\n		\n		bindings.put(\"UNIT\", UNIT );\n		\n		bindings.put(\"BILLITEM\", BILLITEM );\n		\n	Map _p0 = new HashMap();\n_p0.put( \"billitem\", BILLITEM );\n_p0.put( \"type\", \"ADD\" );\n_p0.put( \"amount\", (new ActionExpression(\"UNIT * 60\", bindings)) );\naction.execute( \"update-billitem-amount\",_p0,drools);\n\nend\n\n\n	');
INSERT INTO `sys_rule_deployed` VALUES ('RUL-4267ff2c:16a444aba70:-744a', '\npackage oboassessment.CONCRETE_OR_STEEL_TANK_ACCESSORY_FEE_ABOVE_GROUND;\nimport oboassessment.*;\nimport java.util.*;\nimport com.rameses.rules.common.*;\n\nglobal RuleAction action;\n\nrule \"CONCRETE_OR_STEEL_TANK_ACCESSORY_FEE_ABOVE_GROUND\"\n	agenda-group \"compute-accessory-structure\"\n	salience 50000\n	no-loop\n	when\n		\n		\n		 obo.facts.OboDecimalInfo (  name matches \"CONCRETE_OR_STEEL_TANK\",CUM:value ) \n		\n		BILLITEM: treasury.facts.BillItem (  billcode matches \"ACCESSORY_STRUCTURE_FEE\" ) \n		\n	then\n		Map bindings = new HashMap();\n		\n		bindings.put(\"BILLITEM\", BILLITEM );\n		\n		bindings.put(\"CUM\", CUM );\n		\n	RangeEntry re0 = new RangeEntry(\"CONCRETE_OR_STEEL_TANK_ACCESSORY_FEE_ABOVE_GROUND\");\nre0.setBindings(bindings);\nre0.setDecimalvalue(CUM);\nre0.getParams().put( \"billitem\", BILLITEM );\nre0.getParams().put( \"type\", \"ADD\" );\nre0.getParams().put( \"amount\", 0.0 );\ninsert(re0);\n\nend\n\n\n	\nrule \"update-billitem-amount_0_0\"\n	agenda-group \"compute-accessory-structure\"\n	salience 50000\n	no-loop\n	when\n		\n		\n		\n		rv: RangeEntry( id==\"CONCRETE_OR_STEEL_TANK_ACCESSORY_FEE_ABOVE_GROUND\", decimalvalue <= 10.00 )\n		\n	then\n		Map bindings = rv.getBindings();\n		Map params = rv.getParams();\n		params.put( \"amount\", (new ActionExpression(\"CUM * 480\", bindings)) );	\n		 \n		action.execute( \"update-billitem-amount\",params, drools);\nend\n\n\n	\nrule \"update-billitem-amount_0_1\"\n	agenda-group \"compute-accessory-structure\"\n	salience 50000\n	no-loop\n	when\n		\n		\n		rv: RangeEntry( id==\"CONCRETE_OR_STEEL_TANK_ACCESSORY_FEE_ABOVE_GROUND\", decimalvalue > 10.00 )\n		\n		\n	then\n		Map bindings = rv.getBindings();\n		Map params = rv.getParams();\n		params.put( \"amount\", (new ActionExpression(\"4800 + (( CUM-10)* 24)\", bindings)) );	\n		 \n		action.execute( \"update-billitem-amount\",params, drools);\nend\n\n\n	');
INSERT INTO `sys_rule_deployed` VALUES ('RUL-4267ff2c:16a444aba70:-7493', '\npackage oboassessment.CONCRETE_OR_STEEL_TANK_ACCESSORY_FEE_UNDERGROUND;\nimport oboassessment.*;\nimport java.util.*;\nimport com.rameses.rules.common.*;\n\nglobal RuleAction action;\n\nrule \"CONCRETE_OR_STEEL_TANK_ACCESSORY_FEE_UNDERGROUND\"\n	agenda-group \"compute-accessory-structure\"\n	salience 50000\n	no-loop\n	when\n		\n		\n		 obo.facts.OboDecimalInfo (  name matches \"CONCRETE_OR_STEEL_TANK_UNDERGROUND\",CUM:value ) \n		\n		BILLITEM: treasury.facts.BillItem (  billcode matches \"ACCESSORY_STRUCTURE_FEE\" ) \n		\n	then\n		Map bindings = new HashMap();\n		\n		bindings.put(\"BILLITEM\", BILLITEM );\n		\n		bindings.put(\"CUM\", CUM );\n		\n	RangeEntry re0 = new RangeEntry(\"CONCRETE_OR_STEEL_TANK_ACCESSORY_FEE_UNDERGROUND\");\nre0.setBindings(bindings);\nre0.setDecimalvalue(CUM);\nre0.getParams().put( \"billitem\", BILLITEM );\nre0.getParams().put( \"type\", \"ADD\" );\nre0.getParams().put( \"amount\", 0.0 );\ninsert(re0);\n\nend\n\n\n	\nrule \"update-billitem-amount_0_0\"\n	agenda-group \"compute-accessory-structure\"\n	salience 50000\n	no-loop\n	when\n		\n		\n		\n		rv: RangeEntry( id==\"CONCRETE_OR_STEEL_TANK_ACCESSORY_FEE_UNDERGROUND\", decimalvalue <= 20.00 )\n		\n	then\n		Map bindings = rv.getBindings();\n		Map params = rv.getParams();\n		params.put( \"amount\", (new ActionExpression(\"CUM * 540\", bindings)) );	\n		 \n		action.execute( \"update-billitem-amount\",params, drools);\nend\n\n\n	\nrule \"update-billitem-amount_0_1\"\n	agenda-group \"compute-accessory-structure\"\n	salience 50000\n	no-loop\n	when\n		\n		\n		rv: RangeEntry( id==\"CONCRETE_OR_STEEL_TANK_ACCESSORY_FEE_UNDERGROUND\", decimalvalue > 20.00 )\n		\n		\n	then\n		Map bindings = rv.getBindings();\n		Map params = rv.getParams();\n		params.put( \"amount\", (new ActionExpression(\"10800 + ((CUM-20) * 24)\", bindings)) );	\n		 \n		action.execute( \"update-billitem-amount\",params, drools);\nend\n\n\n	');
INSERT INTO `sys_rule_deployed` VALUES ('RUL-4267ff2c:16a444aba70:-7b89', '\npackage oboassessment.KILN_ACCESSORY_FEE;\nimport oboassessment.*;\nimport java.util.*;\nimport com.rameses.rules.common.*;\n\nglobal RuleAction action;\n\nrule \"KILN_ACCESSORY_FEE\"\n	agenda-group \"compute-accessory-structure\"\n	salience 50000\n	no-loop\n	when\n		\n		\n		BILLITEM: treasury.facts.BillItem (  billcode matches \"ACCESSORY_STRUCTURE_FEE\" ) \n		\n		 obo.facts.OboDecimalInfo (  name matches \"KILN_FURNACE\",CUM:value ) \n		\n	then\n		Map bindings = new HashMap();\n		\n		bindings.put(\"CUM\", CUM );\n		\n		bindings.put(\"BILLITEM\", BILLITEM );\n		\n	Map _p0 = new HashMap();\n_p0.put( \"billitem\", BILLITEM );\n_p0.put( \"type\", \"ADD\" );\n_p0.put( \"amount\", (new ActionExpression(\"CUM * 12\", bindings)) );\naction.execute( \"update-billitem-amount\",_p0,drools);\n\nend\n\n\n	');
INSERT INTO `sys_rule_deployed` VALUES ('RUL-4267ff2c:16a444aba70:-7d9d', '\npackage oboassessment.FIXED_OVEN_ACCESSORY_FEE;\nimport oboassessment.*;\nimport java.util.*;\nimport com.rameses.rules.common.*;\n\nglobal RuleAction action;\n\nrule \"FIXED_OVEN_ACCESSORY_FEE\"\n	agenda-group \"compute-accessory-structure\"\n	salience 50000\n	no-loop\n	when\n		\n		\n		 obo.facts.OboDecimalInfo (  name matches \"FIXED_OVEN\",SQM:value ) \n		\n		BILLITEM: treasury.facts.BillItem (  billcode matches \"ACCESSORY_STRUCTURE_FEE\" ) \n		\n	then\n		Map bindings = new HashMap();\n		\n		bindings.put(\"SQM\", SQM );\n		\n		bindings.put(\"BILLITEM\", BILLITEM );\n		\n	Map _p0 = new HashMap();\n_p0.put( \"billitem\", BILLITEM );\n_p0.put( \"type\", \"ADD\" );\n_p0.put( \"amount\", (new ActionExpression(\"SQM * 48\", bindings)) );\naction.execute( \"update-billitem-amount\",_p0,drools);\n\nend\n\n\n	');
INSERT INTO `sys_rule_deployed` VALUES ('RUL-46ef70e6:15b192ccb94:-755f', '\npackage oboassessment.BLDG_FEE_C2_D123;\nimport oboassessment.*;\nimport java.util.*;\nimport com.rameses.rules.common.*;\n\nglobal RuleAction action;\n\nrule \"BLDG_FEE_C2_D123\"\n	agenda-group \"compute-bldgfee\"\n	salience 50000\n	no-loop\n	when\n		\n		\n		 obo.facts.BuildingApplication (  AREA:totalfloorarea ) \n		\n		 obo.facts.OccupancyType (  division matches \"C2|D1|D2|D3\" ) \n		\n	then\n		Map bindings = new HashMap();\n		\n		bindings.put(\"AREA\", AREA );\n		\n	RangeEntry re0 = new RangeEntry(\"BLDG_FEE_C2_D123\");\nre0.setBindings(bindings);\nre0.setDecimalvalue(AREA);\nre0.getParams().put( \"amount\", 0.0 );\nre0.getParams().put( \"billcode\", new KeyValue(\"BUILDING_PERMIT_FEE\", \"BUILDING PERMIT FEE\") );\ninsert(re0);\n\nend\n\n\n	\nrule \"add-billitem_0_0\"\n	agenda-group \"compute-bldgfee\"\n	salience 50000\n	no-loop\n	when\n		\n		\n		\n		rv: RangeEntry( id==\"BLDG_FEE_C2_D123\", decimalvalue <= 500.00 )\n		\n	then\n		Map bindings = rv.getBindings();\n		Map params = rv.getParams();\n		params.put( \"amount\", (new ActionExpression(\"AREA * 12\", bindings)) );	\n		 \n		action.execute( \"add-billitem\",params, drools);\nend\n\n\n	\nrule \"add-billitem_0_1\"\n	agenda-group \"compute-bldgfee\"\n	salience 50000\n	no-loop\n	when\n		\n		rv: RangeEntry( id==\"BLDG_FEE_C2_D123\", decimalvalue > 500.00, decimalvalue <= 600.00 )\n		\n		\n		\n	then\n		Map bindings = rv.getBindings();\n		Map params = rv.getParams();\n		params.put( \"amount\", (new ActionExpression(\"6000 + ((AREA-500) * 11)\", bindings)) );	\n		 \n		action.execute( \"add-billitem\",params, drools);\nend\n\n\n	\nrule \"add-billitem_0_2\"\n	agenda-group \"compute-bldgfee\"\n	salience 50000\n	no-loop\n	when\n		\n		rv: RangeEntry( id==\"BLDG_FEE_C2_D123\", decimalvalue > 600.00, decimalvalue <= 700.00 )\n		\n		\n		\n	then\n		Map bindings = rv.getBindings();\n		Map params = rv.getParams();\n		params.put( \"amount\", (new ActionExpression(\"6000 + 1100 + ((AREA-600) * 10.20)\", bindings)) );	\n		 \n		action.execute( \"add-billitem\",params, drools);\nend\n\n\n	\nrule \"add-billitem_0_3\"\n	agenda-group \"compute-bldgfee\"\n	salience 50000\n	no-loop\n	when\n		\n		rv: RangeEntry( id==\"BLDG_FEE_C2_D123\", decimalvalue > 700.00, decimalvalue <= 800.00 )\n		\n		\n		\n	then\n		Map bindings = rv.getBindings();\n		Map params = rv.getParams();\n		params.put( \"amount\", (new ActionExpression(\"6000 + 1100 + 1020 + ((AREA-700) * 9.60)\", bindings)) );	\n		 \n		action.execute( \"add-billitem\",params, drools);\nend\n\n\n	\nrule \"add-billitem_0_4\"\n	agenda-group \"compute-bldgfee\"\n	salience 50000\n	no-loop\n	when\n		\n		rv: RangeEntry( id==\"BLDG_FEE_C2_D123\", decimalvalue > 800.00, decimalvalue <= 900.00 )\n		\n		\n		\n	then\n		Map bindings = rv.getBindings();\n		Map params = rv.getParams();\n		params.put( \"amount\", (new ActionExpression(\"6000 + 1100 + 1020 + 960 + ((AREA-800) * 9)\", bindings)) );	\n		 \n		action.execute( \"add-billitem\",params, drools);\nend\n\n\n	\nrule \"add-billitem_0_5\"\n	agenda-group \"compute-bldgfee\"\n	salience 50000\n	no-loop\n	when\n		\n		rv: RangeEntry( id==\"BLDG_FEE_C2_D123\", decimalvalue > 900.00, decimalvalue <= 1000.00 )\n		\n		\n		\n	then\n		Map bindings = rv.getBindings();\n		Map params = rv.getParams();\n		params.put( \"amount\", (new ActionExpression(\"6000 + 1100 + 1020 + 960  + 900 + ((AREA-900) * 8.40)\", bindings)) );	\n		 \n		action.execute( \"add-billitem\",params, drools);\nend\n\n\n	\nrule \"add-billitem_0_6\"\n	agenda-group \"compute-bldgfee\"\n	salience 50000\n	no-loop\n	when\n		\n		rv: RangeEntry( id==\"BLDG_FEE_C2_D123\", decimalvalue > 1000.00, decimalvalue <= 1500.00 )\n		\n		\n		\n	then\n		Map bindings = rv.getBindings();\n		Map params = rv.getParams();\n		params.put( \"amount\", (new ActionExpression(\"6000 + 1100 + 1020 + 960  + 900 + 840 + ((AREA-1000) * 7.2)\", bindings)) );	\n		 \n		action.execute( \"add-billitem\",params, drools);\nend\n\n\n	\nrule \"add-billitem_0_7\"\n	agenda-group \"compute-bldgfee\"\n	salience 50000\n	no-loop\n	when\n		\n		rv: RangeEntry( id==\"BLDG_FEE_C2_D123\", decimalvalue > 1500.00, decimalvalue <= 2000.00 )\n		\n		\n		\n	then\n		Map bindings = rv.getBindings();\n		Map params = rv.getParams();\n		params.put( \"amount\", (new ActionExpression(\"6000 + 1100 + 1020 + 960  + 900 + 840 +  3600 + ((AREA-1500) * 6.6)\", bindings)) );	\n		 \n		action.execute( \"add-billitem\",params, drools);\nend\n\n\n	\nrule \"add-billitem_0_8\"\n	agenda-group \"compute-bldgfee\"\n	salience 50000\n	no-loop\n	when\n		\n		rv: RangeEntry( id==\"BLDG_FEE_C2_D123\", decimalvalue > 2000.00, decimalvalue <= 3000.00 )\n		\n		\n		\n	then\n		Map bindings = rv.getBindings();\n		Map params = rv.getParams();\n		params.put( \"amount\", (new ActionExpression(\"6000 + 1100 + 1020 + 960  + 900 + 840 +  3600 + 3300 + ((AREA-2000) * 6)\", bindings)) );	\n		 \n		action.execute( \"add-billitem\",params, drools);\nend\n\n\n	\nrule \"add-billitem_0_9\"\n	agenda-group \"compute-bldgfee\"\n	salience 50000\n	no-loop\n	when\n		\n		\n		rv: RangeEntry( id==\"BLDG_FEE_C2_D123\", decimalvalue > 3000.00 )\n		\n		\n	then\n		Map bindings = rv.getBindings();\n		Map params = rv.getParams();\n		params.put( \"amount\", (new ActionExpression(\"6000 + 1100 + 1020 + 960  + 900 + 840 +  3600 + 3300 + 6000 + ((AREA-3000) * 5)\", bindings)) );	\n		 \n		action.execute( \"add-billitem\",params, drools);\nend\n\n\n	');
INSERT INTO `sys_rule_deployed` VALUES ('RUL-46ef70e6:15b192ccb94:-7783', '\npackage oboassessment.BLDG_FEE_B1_C1_E123_F1_G12345_H1234_I1_J123;\nimport oboassessment.*;\nimport java.util.*;\nimport com.rameses.rules.common.*;\n\nglobal RuleAction action;\n\nrule \"BLDG_FEE_B1_C1_E123_F1_G12345_H1234_I1_J123\"\n	agenda-group \"compute-bldgfee\"\n	salience 50000\n	no-loop\n	when\n		\n		\n		 obo.facts.BuildingApplication (  AREA:totalfloorarea ) \n		\n		 obo.facts.OccupancyType (  division matches \"B1|C1|E1|E2|E3|F1|G1|G2|G3|G4|G5|H1|H2|H3|H4|I1|J1|J2|J3\" ) \n		\n	then\n		Map bindings = new HashMap();\n		\n		bindings.put(\"AREA\", AREA );\n		\n	RangeEntry re0 = new RangeEntry(\"BLDG_FEE_B1_C1_E123_F1_G12345_H1234_I1_J123\");\nre0.setBindings(bindings);\nre0.setDecimalvalue(AREA);\nre0.getParams().put( \"amount\", 0.0 );\nre0.getParams().put( \"billcode\", new KeyValue(\"BUILDING_PERMIT_FEE\", \"BUILDING PERMIT FEE\") );\ninsert(re0);\n\nend\n\n\n	\nrule \"add-billitem_0_0\"\n	agenda-group \"compute-bldgfee\"\n	salience 50000\n	no-loop\n	when\n		\n		\n		\n		rv: RangeEntry( id==\"BLDG_FEE_B1_C1_E123_F1_G12345_H1234_I1_J123\", decimalvalue <= 500.00 )\n		\n	then\n		Map bindings = rv.getBindings();\n		Map params = rv.getParams();\n		params.put( \"amount\", (new ActionExpression(\"AREA * 23\", bindings)) );	\n		 \n		action.execute( \"add-billitem\",params, drools);\nend\n\n\n	\nrule \"add-billitem_0_1\"\n	agenda-group \"compute-bldgfee\"\n	salience 50000\n	no-loop\n	when\n		\n		rv: RangeEntry( id==\"BLDG_FEE_B1_C1_E123_F1_G12345_H1234_I1_J123\", decimalvalue > 500.00, decimalvalue <= 600.00 )\n		\n		\n		\n	then\n		Map bindings = rv.getBindings();\n		Map params = rv.getParams();\n		params.put( \"amount\", (new ActionExpression(\"11500 + ((AREA-500) * 22)\", bindings)) );	\n		 \n		action.execute( \"add-billitem\",params, drools);\nend\n\n\n	\nrule \"add-billitem_0_2\"\n	agenda-group \"compute-bldgfee\"\n	salience 50000\n	no-loop\n	when\n		\n		rv: RangeEntry( id==\"BLDG_FEE_B1_C1_E123_F1_G12345_H1234_I1_J123\", decimalvalue > 600.00, decimalvalue <= 700.00 )\n		\n		\n		\n	then\n		Map bindings = rv.getBindings();\n		Map params = rv.getParams();\n		params.put( \"amount\", (new ActionExpression(\"11500 + 2200 + ((AREA-600) * 20.50)\", bindings)) );	\n		 \n		action.execute( \"add-billitem\",params, drools);\nend\n\n\n	\nrule \"add-billitem_0_3\"\n	agenda-group \"compute-bldgfee\"\n	salience 50000\n	no-loop\n	when\n		\n		rv: RangeEntry( id==\"BLDG_FEE_B1_C1_E123_F1_G12345_H1234_I1_J123\", decimalvalue > 700.00, decimalvalue <= 800.00 )\n		\n		\n		\n	then\n		Map bindings = rv.getBindings();\n		Map params = rv.getParams();\n		params.put( \"amount\", (new ActionExpression(\"11500 + 2200 + 2050 + ((AREA-700) * 19.50)\", bindings)) );	\n		 \n		action.execute( \"add-billitem\",params, drools);\nend\n\n\n	\nrule \"add-billitem_0_4\"\n	agenda-group \"compute-bldgfee\"\n	salience 50000\n	no-loop\n	when\n		\n		rv: RangeEntry( id==\"BLDG_FEE_B1_C1_E123_F1_G12345_H1234_I1_J123\", decimalvalue > 800.00, decimalvalue <= 900.00 )\n		\n		\n		\n	then\n		Map bindings = rv.getBindings();\n		Map params = rv.getParams();\n		params.put( \"amount\", (new ActionExpression(\"11500 + 2200 + 2050 + 1950 + ((AREA-800) * 18)\", bindings)) );	\n		 \n		action.execute( \"add-billitem\",params, drools);\nend\n\n\n	\nrule \"add-billitem_0_5\"\n	agenda-group \"compute-bldgfee\"\n	salience 50000\n	no-loop\n	when\n		\n		rv: RangeEntry( id==\"BLDG_FEE_B1_C1_E123_F1_G12345_H1234_I1_J123\", decimalvalue > 900.00, decimalvalue <= 1000.00 )\n		\n		\n		\n	then\n		Map bindings = rv.getBindings();\n		Map params = rv.getParams();\n		params.put( \"amount\", (new ActionExpression(\"11500 + 2200 + 2050 + 1950 + 1800 + ((AREA-900) * 17)\", bindings)) );	\n		 \n		action.execute( \"add-billitem\",params, drools);\nend\n\n\n	\nrule \"add-billitem_0_6\"\n	agenda-group \"compute-bldgfee\"\n	salience 50000\n	no-loop\n	when\n		\n		rv: RangeEntry( id==\"BLDG_FEE_B1_C1_E123_F1_G12345_H1234_I1_J123\", decimalvalue > 1000.00, decimalvalue <= 1500.00 )\n		\n		\n		\n	then\n		Map bindings = rv.getBindings();\n		Map params = rv.getParams();\n		params.put( \"amount\", (new ActionExpression(\"11500 + 2200 + 2050 + 1950 + 1800 + 1700 + ((AREA-1000) * 16)\", bindings)) );	\n		 \n		action.execute( \"add-billitem\",params, drools);\nend\n\n\n	\nrule \"add-billitem_0_7\"\n	agenda-group \"compute-bldgfee\"\n	salience 50000\n	no-loop\n	when\n		\n		rv: RangeEntry( id==\"BLDG_FEE_B1_C1_E123_F1_G12345_H1234_I1_J123\", decimalvalue > 1500.00, decimalvalue <= 2000.00 )\n		\n		\n		\n	then\n		Map bindings = rv.getBindings();\n		Map params = rv.getParams();\n		params.put( \"amount\", (new ActionExpression(\"11500 + 2200 + 2050 + 1950 + 1800 + 1700 + 8000 + ((AREA-1500) * 15)\", bindings)) );	\n		 \n		action.execute( \"add-billitem\",params, drools);\nend\n\n\n	\nrule \"add-billitem_0_8\"\n	agenda-group \"compute-bldgfee\"\n	salience 50000\n	no-loop\n	when\n		\n		rv: RangeEntry( id==\"BLDG_FEE_B1_C1_E123_F1_G12345_H1234_I1_J123\", decimalvalue > 2000.00, decimalvalue <= 3000.00 )\n		\n		\n		\n	then\n		Map bindings = rv.getBindings();\n		Map params = rv.getParams();\n		params.put( \"amount\", (new ActionExpression(\"11500 + 2200 + 2050 + 1950 + 1800 + 1700 + 8000 + 7500 + ((AREA-2000) * 14)\", bindings)) );	\n		 \n		action.execute( \"add-billitem\",params, drools);\nend\n\n\n	\nrule \"add-billitem_0_9\"\n	agenda-group \"compute-bldgfee\"\n	salience 50000\n	no-loop\n	when\n		\n		\n		rv: RangeEntry( id==\"BLDG_FEE_B1_C1_E123_F1_G12345_H1234_I1_J123\", decimalvalue > 3000.00 )\n		\n		\n	then\n		Map bindings = rv.getBindings();\n		Map params = rv.getParams();\n		params.put( \"amount\", (new ActionExpression(\"11500 + 2200 + 2050 + 1950 + 1800 + 1700 + 8000 + 7500 + 14000 + ((AREA-3000) * 12)\", bindings)) );	\n		 \n		action.execute( \"add-billitem\",params, drools);\nend\n\n\n	');
INSERT INTO `sys_rule_deployed` VALUES ('RUL-46ef70e6:15b192ccb94:-78f4', '\npackage oboassessment.BLDG_FEE_A2;\nimport oboassessment.*;\nimport java.util.*;\nimport com.rameses.rules.common.*;\n\nglobal RuleAction action;\n\nrule \"BLDG_FEE_A2\"\n	agenda-group \"compute-bldgfee\"\n	salience 50000\n	no-loop\n	when\n		\n		\n		 obo.facts.OccupancyType (  division matches \"A2\" ) \n		\n		 obo.facts.BuildingApplication (  worktype matches \"ORIGINAL\",AREA:totalfloorarea ) \n		\n	then\n		Map bindings = new HashMap();\n		\n		bindings.put(\"AREA\", AREA );\n		\n	RangeEntry re0 = new RangeEntry(\"BLDG_FEE_A2\");\nre0.setBindings(bindings);\nre0.setDecimalvalue(AREA);\nre0.getParams().put( \"amount\", 0.0 );\nre0.getParams().put( \"billcode\", new KeyValue(\"BUILDING_PERMIT_FEE\", \"BUILDING PERMIT FEE\") );\ninsert(re0);\n\nend\n\n\n	\nrule \"add-billitem_0_0\"\n	agenda-group \"compute-bldgfee\"\n	salience 50000\n	no-loop\n	when\n		\n		\n		\n		rv: RangeEntry( id==\"BLDG_FEE_A2\", decimalvalue <= 20.00 )\n		\n	then\n		Map bindings = rv.getBindings();\n		Map params = rv.getParams();\n		params.put( \"amount\", (new ActionExpression(\"3.0 * AREA\", bindings)) );	\n		 \n		action.execute( \"add-billitem\",params, drools);\nend\n\n\n	\nrule \"add-billitem_0_1\"\n	agenda-group \"compute-bldgfee\"\n	salience 50000\n	no-loop\n	when\n		\n		rv: RangeEntry( id==\"BLDG_FEE_A2\", decimalvalue > 20.00, decimalvalue <= 50.00 )\n		\n		\n		\n	then\n		Map bindings = rv.getBindings();\n		Map params = rv.getParams();\n		params.put( \"amount\", (new ActionExpression(\"5.20 * AREA\", bindings)) );	\n		 \n		action.execute( \"add-billitem\",params, drools);\nend\n\n\n	\nrule \"add-billitem_0_2\"\n	agenda-group \"compute-bldgfee\"\n	salience 50000\n	no-loop\n	when\n		\n		rv: RangeEntry( id==\"BLDG_FEE_A2\", decimalvalue > 50.00, decimalvalue <= 150.00 )\n		\n		\n		\n	then\n		Map bindings = rv.getBindings();\n		Map params = rv.getParams();\n		params.put( \"amount\", (new ActionExpression(\"8 * AREA\", bindings)) );	\n		 \n		action.execute( \"add-billitem\",params, drools);\nend\n\n\n	\nrule \"add-billitem_0_3\"\n	agenda-group \"compute-bldgfee\"\n	salience 50000\n	no-loop\n	when\n		\n		\n		rv: RangeEntry( id==\"BLDG_FEE_A2\", decimalvalue > 150.00 )\n		\n		\n	then\n		Map bindings = rv.getBindings();\n		Map params = rv.getParams();\n		params.put( \"amount\", (new ActionExpression(\"8.40 * AREA\", bindings)) );	\n		 \n		action.execute( \"add-billitem\",params, drools);\nend\n\n\n	');
INSERT INTO `sys_rule_deployed` VALUES ('RUL-5a2a6f0f:15b37b47575:-72c2', '\npackage oboassessment.MECHANICAL_FEE_CABLE_CAR_LNM;\nimport oboassessment.*;\nimport java.util.*;\nimport com.rameses.rules.common.*;\n\nglobal RuleAction action;\n\nrule \"MECHANICAL_FEE_CABLE_CAR_LNM\"\n	agenda-group \"compute-mechanical-fee\"\n	salience 50000\n	no-loop\n	when\n		\n		\n		BILLITEM: treasury.facts.BillItem (  billcode matches \"MECHANICAL_FEE\" ) \n		\n		 obo.facts.OboDecimalInfo (  name matches \"CABLE_CAR_LINEAL\",LNM:value ) \n		\n	then\n		Map bindings = new HashMap();\n		\n		bindings.put(\"BILLITEM\", BILLITEM );\n		\n		bindings.put(\"LNM\", LNM );\n		\n	Map _p0 = new HashMap();\n_p0.put( \"billitem\", BILLITEM );\n_p0.put( \"type\", \"ADD\" );\n_p0.put( \"amount\", (new ActionExpression(\"@ROUND( LNM   * 5 )\", bindings)) );\naction.execute( \"update-billitem-amount\",_p0,drools);\n\nend\n\n\n	');
INSERT INTO `sys_rule_deployed` VALUES ('RUL-5a2a6f0f:15b37b47575:-72d3', '\npackage oboassessment.MECHANICAL_FEE_CABLE_CAR_KW;\nimport oboassessment.*;\nimport java.util.*;\nimport com.rameses.rules.common.*;\n\nglobal RuleAction action;\n\nrule \"MECHANICAL_FEE_CABLE_CAR_KW\"\n	agenda-group \"compute-mechanical-fee\"\n	salience 50000\n	no-loop\n	when\n		\n		\n		BILLITEM: treasury.facts.BillItem (  billcode matches \"MECHANICAL_FEE\" ) \n		\n		 obo.facts.OboDecimalInfo (  name matches \"CABLE_CAR\",KW:value ) \n		\n	then\n		Map bindings = new HashMap();\n		\n		bindings.put(\"BILLITEM\", BILLITEM );\n		\n		bindings.put(\"KW\", KW );\n		\n	Map _p0 = new HashMap();\n_p0.put( \"billitem\", BILLITEM );\n_p0.put( \"type\", \"ADD\" );\n_p0.put( \"amount\", (new ActionExpression(\"Math.ceil( KW )  * 40\", bindings)) );\naction.execute( \"update-billitem-amount\",_p0,drools);\n\nend\n\n\n	');
INSERT INTO `sys_rule_deployed` VALUES ('RUL-5a2a6f0f:15b37b47575:-72e4', '\npackage oboassessment.MECHANICAL_FEE_FUNICULAR_LNM;\nimport oboassessment.*;\nimport java.util.*;\nimport com.rameses.rules.common.*;\n\nglobal RuleAction action;\n\nrule \"MECHANICAL_FEE_FUNICULAR_LNM\"\n	agenda-group \"compute-mechanical-fee\"\n	salience 50000\n	no-loop\n	when\n		\n		\n		BILLITEM: treasury.facts.BillItem (  billcode matches \"MECHANICAL_FEE\" ) \n		\n		 obo.facts.OboDecimalInfo (  name matches \"FUNICULAR_LINEAL\",LNM:value ) \n		\n	then\n		Map bindings = new HashMap();\n		\n		bindings.put(\"BILLITEM\", BILLITEM );\n		\n		bindings.put(\"LNM\", LNM );\n		\n	Map _p0 = new HashMap();\n_p0.put( \"billitem\", BILLITEM );\n_p0.put( \"type\", \"ADD\" );\n_p0.put( \"amount\", (new ActionExpression(\"@ROUND( LNM * 20 )\", bindings)) );\naction.execute( \"update-billitem-amount\",_p0,drools);\n\nend\n\n\n	');
INSERT INTO `sys_rule_deployed` VALUES ('RUL-5a2a6f0f:15b37b47575:-72f5', '\npackage oboassessment.MECHANICAL_FEE_FUNICULAR_KW;\nimport oboassessment.*;\nimport java.util.*;\nimport com.rameses.rules.common.*;\n\nglobal RuleAction action;\n\nrule \"MECHANICAL_FEE_FUNICULAR_KW\"\n	agenda-group \"compute-mechanical-fee\"\n	salience 50000\n	no-loop\n	when\n		\n		\n		BILLITEM: treasury.facts.BillItem (  billcode matches \"MECHANICAL_FEE\" ) \n		\n		 obo.facts.OboDecimalInfo (  name matches \"FUNICULAR\",KW:value ) \n		\n	then\n		Map bindings = new HashMap();\n		\n		bindings.put(\"BILLITEM\", BILLITEM );\n		\n		bindings.put(\"KW\", KW );\n		\n	Map _p0 = new HashMap();\n_p0.put( \"billitem\", BILLITEM );\n_p0.put( \"type\", \"ADD\" );\n_p0.put( \"amount\", (new ActionExpression(\"Math.ceil( KW )  * 200\", bindings)) );\naction.execute( \"update-billitem-amount\",_p0,drools);\n\nend\n\n\n	');
INSERT INTO `sys_rule_deployed` VALUES ('RUL-5a2a6f0f:15b37b47575:-7306', '\npackage oboassessment.MECHANICAL_FEE_ESCALATOR_LNM;\nimport oboassessment.*;\nimport java.util.*;\nimport com.rameses.rules.common.*;\n\nglobal RuleAction action;\n\nrule \"MECHANICAL_FEE_ESCALATOR_LNM\"\n	agenda-group \"compute-mechanical-fee\"\n	salience 50000\n	no-loop\n	when\n		\n		\n		BILLITEM: treasury.facts.BillItem (  billcode matches \"MECHANICAL_FEE\" ) \n		\n		 obo.facts.OboDecimalInfo (  name matches \"ESCALATOR_LINEAL\",LNM:value ) \n		\n	then\n		Map bindings = new HashMap();\n		\n		bindings.put(\"BILLITEM\", BILLITEM );\n		\n		bindings.put(\"LNM\", LNM );\n		\n	RangeEntry re0 = new RangeEntry(\"MECHANICAL_FEE_ESCALATOR_LNM\");\nre0.setBindings(bindings);\nre0.setDecimalvalue(LNM);\nre0.getParams().put( \"billitem\", BILLITEM );\nre0.getParams().put( \"type\", \"ADD\" );\nre0.getParams().put( \"amount\", 0.0 );\ninsert(re0);\n\nend\n\n\n	\nrule \"update-billitem-amount_0_0\"\n	agenda-group \"compute-mechanical-fee\"\n	salience 50000\n	no-loop\n	when\n		\n		\n		\n		rv: RangeEntry( id==\"MECHANICAL_FEE_ESCALATOR_LNM\", decimalvalue < 20.00 )\n		\n	then\n		Map bindings = rv.getBindings();\n		Map params = rv.getParams();\n		params.put( \"amount\", (new ActionExpression(\"@ROUND( LNM  * 20 )\", bindings)) );	\n		 \n		action.execute( \"update-billitem-amount\",params, drools);\nend\n\n\n	\nrule \"update-billitem-amount_0_1\"\n	agenda-group \"compute-mechanical-fee\"\n	salience 50000\n	no-loop\n	when\n		\n		\n		rv: RangeEntry( id==\"MECHANICAL_FEE_ESCALATOR_LNM\", decimalvalue >= 20.00 )\n		\n		\n	then\n		Map bindings = rv.getBindings();\n		Map params = rv.getParams();\n		params.put( \"amount\", (new ActionExpression(\"400 + (  Math.ceil(LNM-20) * 10 )\", bindings)) );	\n		 \n		action.execute( \"update-billitem-amount\",params, drools);\nend\n\n\n	');
INSERT INTO `sys_rule_deployed` VALUES ('RUL-5a2a6f0f:15b37b47575:-7317', '\npackage oboassessment.MECHANICAL_FEE_ESCALATOR_KW;\nimport oboassessment.*;\nimport java.util.*;\nimport com.rameses.rules.common.*;\n\nglobal RuleAction action;\n\nrule \"MECHANICAL_FEE_ESCALATOR_KW\"\n	agenda-group \"compute-mechanical-fee\"\n	salience 50000\n	no-loop\n	when\n		\n		\n		BILLITEM: treasury.facts.BillItem (  billcode matches \"MECHANICAL_FEE\" ) \n		\n		 obo.facts.OboDecimalInfo (  name matches \"ESCALATOR\",KW:value ) \n		\n	then\n		Map bindings = new HashMap();\n		\n		bindings.put(\"BILLITEM\", BILLITEM );\n		\n		bindings.put(\"KW\", KW );\n		\n	Map _p0 = new HashMap();\n_p0.put( \"billitem\", BILLITEM );\n_p0.put( \"type\", \"ADD\" );\n_p0.put( \"amount\", (new ActionExpression(\"Math.ceil( KW  )  * 10\", bindings)) );\naction.execute( \"update-billitem-amount\",_p0,drools);\n\nend\n\n\n	');
INSERT INTO `sys_rule_deployed` VALUES ('RUL-70eb32d:16c2d244c23:-7a5e', '\npackage oboassessment.TAX_CLEARANCE;\nimport oboassessment.*;\nimport java.util.*;\nimport com.rameses.rules.common.*;\n\nglobal RuleAction action;\n\nrule \"TAX_CLEARANCE\"\n	agenda-group \"pre-summary\"\n	salience 50000\n	no-loop\n	when\n		\n		\n		 obo.facts.BuildingApplication (  APPTYPE:apptype ) \n		\n		 obo.facts.RpuCount (  TOTAL:totalcount,BYOWNER:byownercount ) \n		\n	then\n		Map bindings = new HashMap();\n		\n		bindings.put(\"APPTYPE\", APPTYPE );\n		\n		bindings.put(\"TOTAL\", TOTAL );\n		\n		bindings.put(\"BYOWNER\", BYOWNER );\n		\n	Map _p0 = new HashMap();\n_p0.put( \"amount\", (new ActionExpression(\"50 * TOTAL\", bindings)) );\n_p0.put( \"billcode\", new KeyValue(\"TAX_DEC\", \"TAX DECLARATION\") );\naction.execute( \"add-billitem\",_p0,drools);\nMap _p1 = new HashMap();\n_p1.put( \"amount\", (new ActionExpression(\"50 * BYOWNER\", bindings)) );\n_p1.put( \"billcode\", new KeyValue(\"TAX_CLEARANCE\", \"TAX CLEARANCE\") );\naction.execute( \"add-billitem\",_p1,drools);\n\nend\n\n\n	');
INSERT INTO `sys_rule_deployed` VALUES ('RUL-7385ffbe:16a438b05b7:-5b9d', '\npackage oboassessment.CHIMNEY_ACCESSORY_FEE_GROUP_B_E_F_G;\nimport oboassessment.*;\nimport java.util.*;\nimport com.rameses.rules.common.*;\n\nglobal RuleAction action;\n\nrule \"CHIMNEY_ACCESSORY_FEE_GROUP_B_E_F_G\"\n	agenda-group \"compute-accessory-structure\"\n	salience 50000\n	no-loop\n	when\n		\n		\n		 obo.facts.OccupancyType (  group matches \"B|E|F|G\" ) \n		\n		BILLITEM: treasury.facts.BillItem (  billcode matches \"ACCESSORY_STRUCTURE_FEE\" ) \n		\n		 obo.facts.OboDecimalInfo (  name matches \"CHIMNEY\",HEIGHT:value ) \n		\n	then\n		Map bindings = new HashMap();\n		\n		bindings.put(\"HEIGHT\", HEIGHT );\n		\n		bindings.put(\"BILLITEM\", BILLITEM );\n		\n	RangeEntry re0 = new RangeEntry(\"CHIMNEY_ACCESSORY_FEE_GROUP_B_E_F_G\");\nre0.setBindings(bindings);\nre0.setDecimalvalue(HEIGHT);\nre0.getParams().put( \"billitem\", BILLITEM );\nre0.getParams().put( \"type\", \"ADD\" );\nre0.getParams().put( \"amount\", 0.0 );\ninsert(re0);\n\nend\n\n\n	\nrule \"update-billitem-amount_0_0\"\n	agenda-group \"compute-accessory-structure\"\n	salience 50000\n	no-loop\n	when\n		\n		\n		\n		rv: RangeEntry( id==\"CHIMNEY_ACCESSORY_FEE_GROUP_B_E_F_G\", decimalvalue <= 10.00 )\n		\n	then\n		Map bindings = rv.getBindings();\n		Map params = rv.getParams();\n		params.put( \"amount\", (new ActionExpression(\"HEIGHT * 48\", bindings)) );	\n		 \n		action.execute( \"update-billitem-amount\",params, drools);\nend\n\n\n	\nrule \"update-billitem-amount_0_1\"\n	agenda-group \"compute-accessory-structure\"\n	salience 50000\n	no-loop\n	when\n		\n		\n		rv: RangeEntry( id==\"CHIMNEY_ACCESSORY_FEE_GROUP_B_E_F_G\", decimalvalue > 10.00 )\n		\n		\n	then\n		Map bindings = rv.getBindings();\n		Map params = rv.getParams();\n		params.put( \"amount\", (new ActionExpression(\"480 + (( HEIGHT-10)*2)\", bindings)) );	\n		 \n		action.execute( \"update-billitem-amount\",params, drools);\nend\n\n\n	');
INSERT INTO `sys_rule_deployed` VALUES ('RUL-7385ffbe:16a438b05b7:-5cab', '\npackage oboassessment.SMOKESTACK_ACCESSORY_FEE_GROUP_B_E_F_G;\nimport oboassessment.*;\nimport java.util.*;\nimport com.rameses.rules.common.*;\n\nglobal RuleAction action;\n\nrule \"SMOKESTACK_ACCESSORY_FEE_GROUP_B_E_F_G\"\n	agenda-group \"compute-accessory-structure\"\n	salience 50000\n	no-loop\n	when\n		\n		\n		 obo.facts.OccupancyType (  group matches \"B|E|F|G\" ) \n		\n		 obo.facts.OboDecimalInfo (  name matches \"SMOKESTACK\",HEIGHT:value ) \n		\n		BILLITEM: treasury.facts.BillItem (  billcode matches \"ACCESSORY_STRUCTURE_FEE\" ) \n		\n	then\n		Map bindings = new HashMap();\n		\n		bindings.put(\"HEIGHT\", HEIGHT );\n		\n		bindings.put(\"BILLITEM\", BILLITEM );\n		\n	RangeEntry re0 = new RangeEntry(\"SMOKESTACK_ACCESSORY_FEE_GROUP_B_E_F_G\");\nre0.setBindings(bindings);\nre0.setDecimalvalue(HEIGHT);\nre0.getParams().put( \"billitem\", BILLITEM );\nre0.getParams().put( \"type\", \"ADD\" );\nre0.getParams().put( \"amount\", 0.0 );\ninsert(re0);\n\nend\n\n\n	\nrule \"update-billitem-amount_0_0\"\n	agenda-group \"compute-accessory-structure\"\n	salience 50000\n	no-loop\n	when\n		\n		\n		\n		rv: RangeEntry( id==\"SMOKESTACK_ACCESSORY_FEE_GROUP_B_E_F_G\", decimalvalue <= 10.00 )\n		\n	then\n		Map bindings = rv.getBindings();\n		Map params = rv.getParams();\n		params.put( \"amount\", (new ActionExpression(\"HEIGHT * 240\", bindings)) );	\n		 \n		action.execute( \"update-billitem-amount\",params, drools);\nend\n\n\n	\nrule \"update-billitem-amount_0_1\"\n	agenda-group \"compute-accessory-structure\"\n	salience 50000\n	no-loop\n	when\n		\n		\n		rv: RangeEntry( id==\"SMOKESTACK_ACCESSORY_FEE_GROUP_B_E_F_G\", decimalvalue > 10.00 )\n		\n		\n	then\n		Map bindings = rv.getBindings();\n		Map params = rv.getParams();\n		params.put( \"amount\", (new ActionExpression(\"2400 + (( HEIGHT-10)*12)\", bindings)) );	\n		 \n		action.execute( \"update-billitem-amount\",params, drools);\nend\n\n\n	');
INSERT INTO `sys_rule_deployed` VALUES ('RUL-7385ffbe:16a438b05b7:-5fc5', '\npackage oboassessment.STORAGE_SILO_ACCESSORY_FEE;\nimport oboassessment.*;\nimport java.util.*;\nimport com.rameses.rules.common.*;\n\nglobal RuleAction action;\n\nrule \"STORAGE_SILO_ACCESSORY_FEE\"\n	agenda-group \"compute-accessory-structure\"\n	salience 50000\n	no-loop\n	when\n		\n		\n		BILLITEM: treasury.facts.BillItem (  billcode matches \"ACCESSORY_STRUCTURE_FEE\" ) \n		\n		 obo.facts.OboDecimalInfo (  name matches \"STORAGE_SILO\",HEIGHT:value ) \n		\n	then\n		Map bindings = new HashMap();\n		\n		bindings.put(\"BILLITEM\", BILLITEM );\n		\n		bindings.put(\"HEIGHT\", HEIGHT );\n		\n	RangeEntry re0 = new RangeEntry(\"STORAGE_SILO_ACCESSORY_FEE\");\nre0.setBindings(bindings);\nre0.setDecimalvalue(HEIGHT);\nre0.getParams().put( \"billitem\", BILLITEM );\nre0.getParams().put( \"type\", \"ADD\" );\nre0.getParams().put( \"amount\", 0.0 );\ninsert(re0);\n\nend\n\n\n	\nrule \"update-billitem-amount_0_0\"\n	agenda-group \"compute-accessory-structure\"\n	salience 50000\n	no-loop\n	when\n		\n		\n		\n		rv: RangeEntry( id==\"STORAGE_SILO_ACCESSORY_FEE\", decimalvalue <= 10.00 )\n		\n	then\n		Map bindings = rv.getBindings();\n		Map params = rv.getParams();\n		params.put( \"amount\", (new ActionExpression(\"HEIGHT * 2400\", bindings)) );	\n		 \n		action.execute( \"update-billitem-amount\",params, drools);\nend\n\n\n	\nrule \"update-billitem-amount_0_1\"\n	agenda-group \"compute-accessory-structure\"\n	salience 50000\n	no-loop\n	when\n		\n		\n		rv: RangeEntry( id==\"STORAGE_SILO_ACCESSORY_FEE\", decimalvalue > 10.00 )\n		\n		\n	then\n		Map bindings = rv.getBindings();\n		Map params = rv.getParams();\n		params.put( \"amount\", (new ActionExpression(\"24000 + ((HEIGHT-10)*150)\", bindings)) );	\n		 \n		action.execute( \"update-billitem-amount\",params, drools);\nend\n\n\n	');
INSERT INTO `sys_rule_deployed` VALUES ('RUL-7385ffbe:16a438b05b7:-6f3a', '\npackage oboassessment.TOWER_TRILON_GUYED_ACCESSORY_FEE_GROUP_C_D_H;\nimport oboassessment.*;\nimport java.util.*;\nimport com.rameses.rules.common.*;\n\nglobal RuleAction action;\n\nrule \"TOWER_TRILON_GUYED_ACCESSORY_FEE_GROUP_C_D_H\"\n	agenda-group \"compute-accessory-structure\"\n	salience 50000\n	no-loop\n	when\n		\n		\n		 obo.facts.OccupancyType (  group matches \"C|D|H|I\" ) \n		\n		 obo.facts.OboDecimalInfo (  name matches \"TOWER_AND_OTHER_STRUCTURE_TRILON_GUYED\",HEIGHT:value ) \n		\n		BILLITEM: treasury.facts.BillItem (  billcode matches \"ACCESSORY_STRUCTURE_FEE\" ) \n		\n	then\n		Map bindings = new HashMap();\n		\n		bindings.put(\"HEIGHT\", HEIGHT );\n		\n		bindings.put(\"BILLITEM\", BILLITEM );\n		\n	RangeEntry re0 = new RangeEntry(\"TOWER_TRILON_GUYED_ACCESSORY_FEE_GROUP_C_D_H\");\nre0.setBindings(bindings);\nre0.setDecimalvalue(HEIGHT);\nre0.getParams().put( \"billitem\", BILLITEM );\nre0.getParams().put( \"type\", \"ADD\" );\nre0.getParams().put( \"amount\", 0.0 );\ninsert(re0);\n\nend\n\n\n	\nrule \"update-billitem-amount_0_0\"\n	agenda-group \"compute-accessory-structure\"\n	salience 50000\n	no-loop\n	when\n		\n		\n		\n		rv: RangeEntry( id==\"TOWER_TRILON_GUYED_ACCESSORY_FEE_GROUP_C_D_H\", decimalvalue <= 10.00 )\n		\n	then\n		Map bindings = rv.getBindings();\n		Map params = rv.getParams();\n		params.put( \"amount\", (new ActionExpression(\"HEIGHT * 120\", bindings)) );	\n		 \n		action.execute( \"update-billitem-amount\",params, drools);\nend\n\n\n	\nrule \"update-billitem-amount_0_1\"\n	agenda-group \"compute-accessory-structure\"\n	salience 50000\n	no-loop\n	when\n		\n		\n		rv: RangeEntry( id==\"TOWER_TRILON_GUYED_ACCESSORY_FEE_GROUP_C_D_H\", decimalvalue > 10.00 )\n		\n		\n	then\n		Map bindings = rv.getBindings();\n		Map params = rv.getParams();\n		params.put( \"amount\", (new ActionExpression(\"1200 + ((HEIGHT-10) * 12)\", bindings)) );	\n		 \n		action.execute( \"update-billitem-amount\",params, drools);\nend\n\n\n	');
INSERT INTO `sys_rule_deployed` VALUES ('RUL-7385ffbe:16a438b05b7:-6f77', '\npackage oboassessment.TOWER_TRILON_GUYED_ACCESSORY_FEE_GROUP_A;\nimport oboassessment.*;\nimport java.util.*;\nimport com.rameses.rules.common.*;\n\nglobal RuleAction action;\n\nrule \"TOWER_TRILON_GUYED_ACCESSORY_FEE_GROUP_A\"\n	agenda-group \"compute-accessory-structure\"\n	salience 50000\n	no-loop\n	when\n		\n		\n		 obo.facts.OccupancyType (  group matches \"A\" ) \n		\n		 obo.facts.OboDecimalInfo (  name matches \"TOWER_AND_OTHER_STRUCTURE_TRILON_GUYED\",HEIGHT:value ) \n		\n		BILLITEM: treasury.facts.BillItem (  billcode matches \"ACCESSORY_STRUCTURE_FEE\" ) \n		\n	then\n		Map bindings = new HashMap();\n		\n		bindings.put(\"HEIGHT\", HEIGHT );\n		\n		bindings.put(\"BILLITEM\", BILLITEM );\n		\n	Map _p0 = new HashMap();\n_p0.put( \"billitem\", BILLITEM );\n_p0.put( \"type\", \"ADD\" );\n_p0.put( \"amount\", (new ActionExpression(\"HEIGHT * 150;\", bindings)) );\naction.execute( \"update-billitem-amount\",_p0,drools);\n\nend\n\n\n	');
INSERT INTO `sys_rule_deployed` VALUES ('RUL-7385ffbe:16a438b05b7:-6fb0', '\npackage oboassessment.TOWER_TRILON_GUYED_ACCESSORY_FEE_GROUP_B_E_F_G;\nimport oboassessment.*;\nimport java.util.*;\nimport com.rameses.rules.common.*;\n\nglobal RuleAction action;\n\nrule \"TOWER_TRILON_GUYED_ACCESSORY_FEE_GROUP_B_E_F_G\"\n	agenda-group \"compute-accessory-structure\"\n	salience 50000\n	no-loop\n	when\n		\n		\n		 obo.facts.OccupancyType (  group matches \"B|E|F|G\" ) \n		\n		BILLITEM: treasury.facts.BillItem (  billcode matches \"ACCESSORY_STRUCTURE_FEE\" ) \n		\n		 obo.facts.OboDecimalInfo (  name matches \"TOWER_AND_OTHER_STRUCTURE_TRILON_GUYED\",HEIGHT:value ) \n		\n	then\n		Map bindings = new HashMap();\n		\n		bindings.put(\"HEIGHT\", HEIGHT );\n		\n		bindings.put(\"BILLITEM\", BILLITEM );\n		\n	RangeEntry re0 = new RangeEntry(\"TOWER_TRILON_GUYED_ACCESSORY_FEE_GROUP_B_E_F_G\");\nre0.setBindings(bindings);\nre0.setDecimalvalue(HEIGHT);\nre0.getParams().put( \"billitem\", BILLITEM );\nre0.getParams().put( \"type\", \"ADD\" );\nre0.getParams().put( \"amount\", 0.0 );\ninsert(re0);\n\nend\n\n\n	\nrule \"update-billitem-amount_0_0\"\n	agenda-group \"compute-accessory-structure\"\n	salience 50000\n	no-loop\n	when\n		\n		\n		\n		rv: RangeEntry( id==\"TOWER_TRILON_GUYED_ACCESSORY_FEE_GROUP_B_E_F_G\", decimalvalue <= 10.00 )\n		\n	then\n		Map bindings = rv.getBindings();\n		Map params = rv.getParams();\n		params.put( \"amount\", (new ActionExpression(\"HEIGHT * 240\", bindings)) );	\n		 \n		action.execute( \"update-billitem-amount\",params, drools);\nend\n\n\n	\nrule \"update-billitem-amount_0_1\"\n	agenda-group \"compute-accessory-structure\"\n	salience 50000\n	no-loop\n	when\n		\n		\n		rv: RangeEntry( id==\"TOWER_TRILON_GUYED_ACCESSORY_FEE_GROUP_B_E_F_G\", decimalvalue > 10.00 )\n		\n		\n	then\n		Map bindings = rv.getBindings();\n		Map params = rv.getParams();\n		params.put( \"amount\", (new ActionExpression(\"2400 + (( HEIGHT-10)*12)\", bindings)) );	\n		 \n		action.execute( \"update-billitem-amount\",params, drools);\nend\n\n\n	');
INSERT INTO `sys_rule_deployed` VALUES ('RUL-7385ffbe:16a438b05b7:-6feb', '\npackage oboassessment.TOWER_SELF_SUPPORTING_ACCESSORY_FEE_GROUP_C_D_H;\nimport oboassessment.*;\nimport java.util.*;\nimport com.rameses.rules.common.*;\n\nglobal RuleAction action;\n\nrule \"TOWER_SELF_SUPPORTING_ACCESSORY_FEE_GROUP_C_D_H\"\n	agenda-group \"compute-accessory-structure\"\n	salience 50000\n	no-loop\n	when\n		\n		\n		 obo.facts.OccupancyType (  group matches \"C|D|H|I\" ) \n		\n		BILLITEM: treasury.facts.BillItem (  billcode matches \"ACCESSORY_STRUCTURE_FEE\" ) \n		\n		 obo.facts.OboDecimalInfo (  name matches \"TOWER_AND_OTHER_STRUCTURE_SELF_SUPPORTING\",HEIGHT:value ) \n		\n	then\n		Map bindings = new HashMap();\n		\n		bindings.put(\"HEIGHT\", HEIGHT );\n		\n		bindings.put(\"BILLITEM\", BILLITEM );\n		\n	RangeEntry re0 = new RangeEntry(\"TOWER_SELF_SUPPORTING_ACCESSORY_FEE_GROUP_C_D_H\");\nre0.setBindings(bindings);\nre0.setDecimalvalue(HEIGHT);\nre0.getParams().put( \"billitem\", BILLITEM );\nre0.getParams().put( \"type\", \"ADD\" );\nre0.getParams().put( \"amount\", 0.0 );\ninsert(re0);\n\nend\n\n\n	\nrule \"update-billitem-amount_0_0\"\n	agenda-group \"compute-accessory-structure\"\n	salience 50000\n	no-loop\n	when\n		\n		\n		\n		rv: RangeEntry( id==\"TOWER_SELF_SUPPORTING_ACCESSORY_FEE_GROUP_C_D_H\", decimalvalue <= 10.00 )\n		\n	then\n		Map bindings = rv.getBindings();\n		Map params = rv.getParams();\n		params.put( \"amount\", (new ActionExpression(\"HEIGHT * 1800\", bindings)) );	\n		 \n		action.execute( \"update-billitem-amount\",params, drools);\nend\n\n\n	\nrule \"update-billitem-amount_0_1\"\n	agenda-group \"compute-accessory-structure\"\n	salience 50000\n	no-loop\n	when\n		\n		\n		rv: RangeEntry( id==\"TOWER_SELF_SUPPORTING_ACCESSORY_FEE_GROUP_C_D_H\", decimalvalue > 10.00 )\n		\n		\n	then\n		Map bindings = rv.getBindings();\n		Map params = rv.getParams();\n		params.put( \"amount\", (new ActionExpression(\"18000 + ((HEIGHT-10) * 120)\", bindings)) );	\n		 \n		action.execute( \"update-billitem-amount\",params, drools);\nend\n\n\n	');
INSERT INTO `sys_rule_deployed` VALUES ('RUL-7385ffbe:16a438b05b7:-6ffc', '\npackage oboassessment.TOWER_SELF_SUPPORTING_ACCESSORY_FEE_GROUP_A;\nimport oboassessment.*;\nimport java.util.*;\nimport com.rameses.rules.common.*;\n\nglobal RuleAction action;\n\nrule \"TOWER_SELF_SUPPORTING_ACCESSORY_FEE_GROUP_A\"\n	agenda-group \"compute-accessory-structure\"\n	salience 50000\n	no-loop\n	when\n		\n		\n		 obo.facts.OccupancyType (  group matches \"A\" ) \n		\n		BILLITEM: treasury.facts.BillItem (  billcode matches \"ACCESSORY_STRUCTURE_FEE\" ) \n		\n		 obo.facts.OboDecimalInfo (  name matches \"TOWER_AND_OTHER_STRUCTURE_SELF_SUPPORTING\",HEIGHT:value ) \n		\n	then\n		Map bindings = new HashMap();\n		\n		bindings.put(\"HEIGHT\", HEIGHT );\n		\n		bindings.put(\"BILLITEM\", BILLITEM );\n		\n	Map _p0 = new HashMap();\n_p0.put( \"billitem\", BILLITEM );\n_p0.put( \"type\", \"ADD\" );\n_p0.put( \"amount\", (new ActionExpression(\"HEIGHT * 500;\", bindings)) );\naction.execute( \"update-billitem-amount\",_p0,drools);\n\nend\n\n\n	');
INSERT INTO `sys_rule_deployed` VALUES ('RUL-7385ffbe:16a438b05b7:-7085', '\npackage oboassessment.TOWER_SELF_SUPPORTING_ACCESSORY_FEE_GROUP_B_E_F_G;\nimport oboassessment.*;\nimport java.util.*;\nimport com.rameses.rules.common.*;\n\nglobal RuleAction action;\n\nrule \"TOWER_SELF_SUPPORTING_ACCESSORY_FEE_GROUP_B_E_F_G\"\n	agenda-group \"compute-accessory-structure\"\n	salience 50000\n	no-loop\n	when\n		\n		\n		 obo.facts.OccupancyType (  group matches \"B|E|F|G\" ) \n		\n		 obo.facts.OboDecimalInfo (  name matches \"TOWER_AND_OTHER_STRUCTURE_SELF_SUPPORTING\",HEIGHT:value ) \n		\n		BILLITEM: treasury.facts.BillItem (  billcode matches \"ACCESSORY_STRUCTURE_FEE\" ) \n		\n	then\n		Map bindings = new HashMap();\n		\n		bindings.put(\"HEIGHT\", HEIGHT );\n		\n		bindings.put(\"BILLITEM\", BILLITEM );\n		\n	RangeEntry re0 = new RangeEntry(\"TOWER_SELF_SUPPORTING_ACCESSORY_FEE_GROUP_B_E_F_G\");\nre0.setBindings(bindings);\nre0.setDecimalvalue(HEIGHT);\nre0.getParams().put( \"billitem\", BILLITEM );\nre0.getParams().put( \"type\", \"ADD\" );\nre0.getParams().put( \"amount\", 0.0 );\ninsert(re0);\n\nend\n\n\n	\nrule \"update-billitem-amount_0_0\"\n	agenda-group \"compute-accessory-structure\"\n	salience 50000\n	no-loop\n	when\n		\n		\n		\n		rv: RangeEntry( id==\"TOWER_SELF_SUPPORTING_ACCESSORY_FEE_GROUP_B_E_F_G\", decimalvalue <= 10.00 )\n		\n	then\n		Map bindings = rv.getBindings();\n		Map params = rv.getParams();\n		params.put( \"amount\", (new ActionExpression(\"2400 * HEIGHT\", bindings)) );	\n		 \n		action.execute( \"update-billitem-amount\",params, drools);\nend\n\n\n	\nrule \"update-billitem-amount_0_1\"\n	agenda-group \"compute-accessory-structure\"\n	salience 50000\n	no-loop\n	when\n		\n		\n		rv: RangeEntry( id==\"TOWER_SELF_SUPPORTING_ACCESSORY_FEE_GROUP_B_E_F_G\", decimalvalue > 10.00 )\n		\n		\n	then\n		Map bindings = rv.getBindings();\n		Map params = rv.getParams();\n		params.put( \"amount\", (new ActionExpression(\"24000 + ((HEIGHT-10)*120)\", bindings)) );	\n		 \n		action.execute( \"update-billitem-amount\",params, drools);\nend\n\n\n	');
INSERT INTO `sys_rule_deployed` VALUES ('RUL-7385ffbe:16a438b05b7:-7482', '\npackage oboassessment.FIREWALL_ACCESSORY_FEE;\nimport oboassessment.*;\nimport java.util.*;\nimport com.rameses.rules.common.*;\n\nglobal RuleAction action;\n\nrule \"FIREWALL_ACCESSORY_FEE\"\n	agenda-group \"compute-accessory-structure\"\n	salience 50000\n	no-loop\n	when\n		\n		\n		BILLITEM: treasury.facts.BillItem (  billcode matches \"ACCESSORY_STRUCTURE_FEE\" ) \n		\n		 obo.facts.OboDecimalInfo (  name matches \"FIREWALL\",SQM:value ) \n		\n	then\n		Map bindings = new HashMap();\n		\n		bindings.put(\"BILLITEM\", BILLITEM );\n		\n		bindings.put(\"SQM\", SQM );\n		\n	Map _p0 = new HashMap();\n_p0.put( \"billitem\", BILLITEM );\n_p0.put( \"type\", \"ADD\" );\n_p0.put( \"amount\", (new ActionExpression(\"return  ((SQM * 3) < 48) ? 48 : (SQM * 3) ;\", bindings)) );\naction.execute( \"update-billitem-amount\",_p0,drools);\n\nend\n\n\n	');
INSERT INTO `sys_rule_deployed` VALUES ('RUL-7385ffbe:16a438b05b7:-7cab', '\npackage oboassessment.SINGLE_RESIDENTIAL_LOCATIONAL_CLEARANCE;\nimport oboassessment.*;\nimport java.util.*;\nimport com.rameses.rules.common.*;\n\nglobal RuleAction action;\n\nrule \"SINGLE_RESIDENTIAL_LOCATIONAL_CLEARANCE\"\n	agenda-group \"compute-zoning-fee\"\n	salience 50000\n	no-loop\n	when\n		\n		\n		 obo.facts.BuildingApplication (  COST:highercost ) \n		\n		 obo.facts.OccupancyType (  type matches \"A104|A102\" ) \n		\n		 obo.facts.BuildingPermitSection (  name matches \"ZONING\" ) \n		\n	then\n		Map bindings = new HashMap();\n		\n		bindings.put(\"COST\", COST );\n		\n	RangeEntry re0 = new RangeEntry(\"SINGLE_RESIDENTIAL_LOCATIONAL_CLEARANCE\");\nre0.setBindings(bindings);\nre0.setDecimalvalue(COST);\nre0.getParams().put( \"amount\", 0.0 );\nre0.getParams().put( \"billcode\", new KeyValue(\"LOCATIONAL_CLEARANCE_FEE\", \"LOCATIONAL CLEARANCE FEE\") );\ninsert(re0);\n\nend\n\n\n	\nrule \"add-billitem_0_0\"\n	agenda-group \"compute-zoning-fee\"\n	salience 50000\n	no-loop\n	when\n		\n		\n		\n		rv: RangeEntry( id==\"SINGLE_RESIDENTIAL_LOCATIONAL_CLEARANCE\", decimalvalue < 100000.00 )\n		\n	then\n		Map bindings = rv.getBindings();\n		Map params = rv.getParams();\n		params.put( \"amount\", (new ActionExpression(\"500\", bindings)) );	\n		 \n		action.execute( \"add-billitem\",params, drools);\nend\n\n\n	\nrule \"add-billitem_0_1\"\n	agenda-group \"compute-zoning-fee\"\n	salience 50000\n	no-loop\n	when\n		\n		rv: RangeEntry( id==\"SINGLE_RESIDENTIAL_LOCATIONAL_CLEARANCE\", decimalvalue >= 100000.00, decimalvalue < 200000.00 )\n		\n		\n		\n	then\n		Map bindings = rv.getBindings();\n		Map params = rv.getParams();\n		params.put( \"amount\", (new ActionExpression(\"700\", bindings)) );	\n		 \n		action.execute( \"add-billitem\",params, drools);\nend\n\n\n	\nrule \"add-billitem_0_2\"\n	agenda-group \"compute-zoning-fee\"\n	salience 50000\n	no-loop\n	when\n		\n		\n		rv: RangeEntry( id==\"SINGLE_RESIDENTIAL_LOCATIONAL_CLEARANCE\", decimalvalue >= 200000.00 )\n		\n		\n	then\n		Map bindings = rv.getBindings();\n		Map params = rv.getParams();\n		params.put( \"amount\", (new ActionExpression(\"720 + ((( COST - 200000) * 0.01)/10) \", bindings)) );	\n		 \n		action.execute( \"add-billitem\",params, drools);\nend\n\n\n	');
INSERT INTO `sys_rule_deployed` VALUES ('RUL-75b995c:15b18c6b9a6:-6dbc', '\npackage oboassessment.BLDG_FEE_A1;\nimport oboassessment.*;\nimport java.util.*;\nimport com.rameses.rules.common.*;\n\nglobal RuleAction action;\n\nrule \"BLDG_FEE_A1\"\n	agenda-group \"compute-bldgfee\"\n	salience 50000\n	no-loop\n	when\n		\n		\n		 obo.facts.BuildingApplication (  worktype matches \"ORIGINAL\",AREA:totalfloorarea ) \n		\n		 obo.facts.OccupancyType (  division matches \"A1\" ) \n		\n	then\n		Map bindings = new HashMap();\n		\n		bindings.put(\"AREA\", AREA );\n		\n	RangeEntry re0 = new RangeEntry(\"BLDG_FEE_A1\");\nre0.setBindings(bindings);\nre0.setDecimalvalue(AREA);\nre0.getParams().put( \"amount\", 0.0 );\nre0.getParams().put( \"billcode\", new KeyValue(\"BUILDING_PERMIT_FEE\", \"BUILDING PERMIT FEE\") );\ninsert(re0);\n\nend\n\n\n	\nrule \"add-billitem_0_0\"\n	agenda-group \"compute-bldgfee\"\n	salience 50000\n	no-loop\n	when\n		\n		\n		\n		rv: RangeEntry( id==\"BLDG_FEE_A1\", decimalvalue <= 20.00 )\n		\n	then\n		Map bindings = rv.getBindings();\n		Map params = rv.getParams();\n		params.put( \"amount\", (new ActionExpression(\"2.0 * AREA\", bindings)) );	\n		 \n		action.execute( \"add-billitem\",params, drools);\nend\n\n\n	\nrule \"add-billitem_0_1\"\n	agenda-group \"compute-bldgfee\"\n	salience 50000\n	no-loop\n	when\n		\n		rv: RangeEntry( id==\"BLDG_FEE_A1\", decimalvalue > 20.00, decimalvalue <= 50.00 )\n		\n		\n		\n	then\n		Map bindings = rv.getBindings();\n		Map params = rv.getParams();\n		params.put( \"amount\", (new ActionExpression(\"3.40 * AREA\", bindings)) );	\n		 \n		action.execute( \"add-billitem\",params, drools);\nend\n\n\n	\nrule \"add-billitem_0_2\"\n	agenda-group \"compute-bldgfee\"\n	salience 50000\n	no-loop\n	when\n		\n		rv: RangeEntry( id==\"BLDG_FEE_A1\", decimalvalue > 50.00, decimalvalue <= 100.00 )\n		\n		\n		\n	then\n		Map bindings = rv.getBindings();\n		Map params = rv.getParams();\n		params.put( \"amount\", (new ActionExpression(\"4.80 * AREA\", bindings)) );	\n		 \n		action.execute( \"add-billitem\",params, drools);\nend\n\n\n	\nrule \"add-billitem_0_3\"\n	agenda-group \"compute-bldgfee\"\n	salience 50000\n	no-loop\n	when\n		\n		rv: RangeEntry( id==\"BLDG_FEE_A1\", decimalvalue > 100.00, decimalvalue <= 150.00 )\n		\n		\n		\n	then\n		Map bindings = rv.getBindings();\n		Map params = rv.getParams();\n		params.put( \"amount\", (new ActionExpression(\"6.0 * AREA\", bindings)) );	\n		 \n		action.execute( \"add-billitem\",params, drools);\nend\n\n\n	\nrule \"add-billitem_0_4\"\n	agenda-group \"compute-bldgfee\"\n	salience 50000\n	no-loop\n	when\n		\n		\n		rv: RangeEntry( id==\"BLDG_FEE_A1\", decimalvalue > 150.00 )\n		\n		\n	then\n		Map bindings = rv.getBindings();\n		Map params = rv.getParams();\n		params.put( \"amount\", (new ActionExpression(\"7.20 * AREA\", bindings)) );	\n		 \n		action.execute( \"add-billitem\",params, drools);\nend\n\n\n	');
INSERT INTO `sys_rule_deployed` VALUES ('RUL-75b995c:15b18c6b9a6:-7087', '\npackage oboconstructioncost.COMPUTE_CONSTRUCTION_COST_FOR_F;\nimport oboconstructioncost.*;\nimport java.util.*;\nimport com.rameses.rules.common.*;\n\nglobal RuleAction action;\n\nrule \"COMPUTE_CONSTRUCTION_COST_FOR_F\"\n	agenda-group \"initial\"\n	salience 50000\n	no-loop\n	when\n		\n		\n		 obo.facts.OccupancyType (  group matches \"F\" ) \n		\n		APP: obo.facts.BuildingApplication (  AREA:totalfloorarea ) \n		\n	then\n		Map bindings = new HashMap();\n		\n		bindings.put(\"AREA\", AREA );\n		\n		bindings.put(\"APP\", APP );\n		\n	Map _p0 = new HashMap();\n_p0.put( \"application\", APP );\n_p0.put( \"amount\", (new ActionExpression(\"AREA * 8000\", bindings)) );\naction.execute( \"compute-construction-cost\",_p0,drools);\n\nend\n\n\n	');
INSERT INTO `sys_rule_deployed` VALUES ('RUL-75b995c:15b18c6b9a6:-73a0', '\npackage oboconstructioncost.COMPUTE_CONSTRUCTION_COST_FOR_A_B_C_D_E_G_H_I;\nimport oboconstructioncost.*;\nimport java.util.*;\nimport com.rameses.rules.common.*;\n\nglobal RuleAction action;\n\nrule \"COMPUTE_CONSTRUCTION_COST_FOR_A_B_C_D_E_G_H_I\"\n	agenda-group \"initial\"\n	salience 50000\n	no-loop\n	when\n		\n		\n		APP: obo.facts.BuildingApplication (  AREA:totalfloorarea ) \n		\n		 obo.facts.OccupancyType (  group matches \"A|B|C|D|E|G|H|I\" ) \n		\n	then\n		Map bindings = new HashMap();\n		\n		bindings.put(\"AREA\", AREA );\n		\n		bindings.put(\"APP\", APP );\n		\n	Map _p0 = new HashMap();\n_p0.put( \"application\", APP );\n_p0.put( \"amount\", (new ActionExpression(\"AREA  * 10000\", bindings)) );\naction.execute( \"compute-construction-cost\",_p0,drools);\n\nend\n\n\n	');
INSERT INTO `sys_rule_deployed` VALUES ('RUL-7c07cdf9:16a4d035b31:-79a9', '\npackage oboassessment.ADD_ACCESSORY_FEE;\nimport oboassessment.*;\nimport java.util.*;\nimport com.rameses.rules.common.*;\n\nglobal RuleAction action;\n\nrule \"ADD_ACCESSORY_FEE\"\n	agenda-group \"initial\"\n	salience 50000\n	no-loop\n	when\n		\n		\n		 obo.facts.AncillaryPermit (  type matches \"GROUND_PREP_EXCAVATION|SCAFFOLDING|SIGNAGE|FENCING\" ) \n		\n	then\n		Map bindings = new HashMap();\n		\n	Map _p0 = new HashMap();\n_p0.put( \"amount\", (new ActionExpression(\"0\", bindings)) );\n_p0.put( \"billcode\", new KeyValue(\"ACCESSORY_FEE\", \"ACCESSORY FEE\") );\naction.execute( \"add-billitem\",_p0,drools);\n\nend\n\n\n	');
INSERT INTO `sys_rule_deployed` VALUES ('RUL10bc2a9b:15b3805d39e:-6ef4', '\npackage oboassessment.MECHANICAL_FEE_FIRE_SPRINKLER_SYSTEM;\nimport oboassessment.*;\nimport java.util.*;\nimport com.rameses.rules.common.*;\n\nglobal RuleAction action;\n\nrule \"MECHANICAL_FEE_FIRE_SPRINKLER_SYSTEM\"\n	agenda-group \"compute-mechanical-fee\"\n	salience 50000\n	no-loop\n	when\n		\n		\n		BILLITEM: treasury.facts.BillItem (  billcode matches \"MECHANICAL_FEE\" ) \n		\n		 obo.facts.OboIntegerInfo (  name matches \"FIRE_SPRINKLER\",HEAD:value ) \n		\n	then\n		Map bindings = new HashMap();\n		\n		bindings.put(\"BILLITEM\", BILLITEM );\n		\n		bindings.put(\"HEAD\", HEAD );\n		\n	Map _p0 = new HashMap();\n_p0.put( \"billitem\", BILLITEM );\n_p0.put( \"type\", \"ADD\" );\n_p0.put( \"amount\", (new ActionExpression(\"HEAD * 4\", bindings)) );\naction.execute( \"update-billitem-amount\",_p0,drools);\n\nend\n\n\n	');
INSERT INTO `sys_rule_deployed` VALUES ('RUL10bc2a9b:15b3805d39e:-6f05', '\npackage oboassessment.MECHANICAL_FEE_WATER_SUMP;\nimport oboassessment.*;\nimport java.util.*;\nimport com.rameses.rules.common.*;\n\nglobal RuleAction action;\n\nrule \"MECHANICAL_FEE_WATER_SUMP\"\n	agenda-group \"compute-mechanical-fee\"\n	salience 50000\n	no-loop\n	when\n		\n		\n		BILLITEM: treasury.facts.BillItem (  billcode matches \"MECHANICAL_FEE\" ) \n		\n		 obo.facts.OboDecimalInfo (  name matches \"WATER_SUMP|SEWAGE_PUMP\",KW:value ) \n		\n	then\n		Map bindings = new HashMap();\n		\n		bindings.put(\"BILLITEM\", BILLITEM );\n		\n		bindings.put(\"KW\", KW );\n		\n	Map _p0 = new HashMap();\n_p0.put( \"billitem\", BILLITEM );\n_p0.put( \"type\", \"ADD\" );\n_p0.put( \"amount\", (new ActionExpression(\"Math.ceil(KW)   * 60\", bindings)) );\naction.execute( \"update-billitem-amount\",_p0,drools);\n\nend\n\n\n	');
INSERT INTO `sys_rule_deployed` VALUES ('RUL10bc2a9b:15b3805d39e:-6f74', '\npackage oboassessment.MECHANICAL_FEE_PRESSURIZED_WATER_HEATER;\nimport oboassessment.*;\nimport java.util.*;\nimport com.rameses.rules.common.*;\n\nglobal RuleAction action;\n\nrule \"MECHANICAL_FEE_PRESSURIZED_WATER_HEATER\"\n	agenda-group \"compute-mechanical-fee\"\n	salience 50000\n	no-loop\n	when\n		\n		\n		BILLITEM: treasury.facts.BillItem (  billcode matches \"MECHANICAL_FEE\" ) \n		\n		 obo.facts.OboIntegerInfo (  name matches \"PRESSURIZED_WATER_HEATER\",UNIT:value ) \n		\n	then\n		Map bindings = new HashMap();\n		\n		bindings.put(\"BILLITEM\", BILLITEM );\n		\n		bindings.put(\"UNIT\", UNIT );\n		\n	Map _p0 = new HashMap();\n_p0.put( \"billitem\", BILLITEM );\n_p0.put( \"type\", \"ADD\" );\n_p0.put( \"amount\", (new ActionExpression(\"UNIT * 200\", bindings)) );\naction.execute( \"update-billitem-amount\",_p0,drools);\n\nend\n\n\n	');
INSERT INTO `sys_rule_deployed` VALUES ('RUL10bc2a9b:15b3805d39e:-7cd0', '\npackage oboassessment.MECHANICAL_FEE_CONSTRUCTION_ELEVATOR;\nimport oboassessment.*;\nimport java.util.*;\nimport com.rameses.rules.common.*;\n\nglobal RuleAction action;\n\nrule \"MECHANICAL_FEE_CONSTRUCTION_ELEVATOR\"\n	agenda-group \"compute-mechanical-fee\"\n	salience 50000\n	no-loop\n	when\n		\n		\n		BILLITEM: treasury.facts.BillItem (  billcode matches \"MECHANICAL_FEE\" ) \n		\n		 obo.facts.OboIntegerInfo (  name matches \"CONSTRUCTION_ELEVATOR\",UNIT:value ) \n		\n	then\n		Map bindings = new HashMap();\n		\n		bindings.put(\"BILLITEM\", BILLITEM );\n		\n		bindings.put(\"UNIT\", UNIT );\n		\n	Map _p0 = new HashMap();\n_p0.put( \"billitem\", BILLITEM );\n_p0.put( \"type\", \"ADD\" );\n_p0.put( \"amount\", (new ActionExpression(\"UNIT * 2000\", bindings)) );\naction.execute( \"update-billitem-amount\",_p0,drools);\n\nend\n\n\n	');
INSERT INTO `sys_rule_deployed` VALUES ('RUL10bc2a9b:15b3805d39e:-7ce1', '\npackage oboassessment.MECHANICAL_FEE_MOTOR_DRIVEN_DUMBWAITER;\nimport oboassessment.*;\nimport java.util.*;\nimport com.rameses.rules.common.*;\n\nglobal RuleAction action;\n\nrule \"MECHANICAL_FEE_MOTOR_DRIVEN_DUMBWAITER\"\n	agenda-group \"compute-mechanical-fee\"\n	salience 50000\n	no-loop\n	when\n		\n		\n		BILLITEM: treasury.facts.BillItem (  billcode matches \"MECHANICAL_FEE\" ) \n		\n		 obo.facts.OboIntegerInfo (  name matches \"DUMBWAITER\",UNIT:value ) \n		\n	then\n		Map bindings = new HashMap();\n		\n		bindings.put(\"BILLITEM\", BILLITEM );\n		\n		bindings.put(\"UNIT\", UNIT );\n		\n	Map _p0 = new HashMap();\n_p0.put( \"billitem\", BILLITEM );\n_p0.put( \"type\", \"ADD\" );\n_p0.put( \"amount\", (new ActionExpression(\"UNIT  * 600\", bindings)) );\naction.execute( \"update-billitem-amount\",_p0,drools);\n\nend\n\n\n	');
INSERT INTO `sys_rule_deployed` VALUES ('RUL27db1036:16a38f07d48:-6e8b', '\npackage oboassessment.ELECTRONIC_FEE_OTHER_EQUIPMENT;\nimport oboassessment.*;\nimport java.util.*;\nimport com.rameses.rules.common.*;\n\nglobal RuleAction action;\n\nrule \"ELECTRONIC_FEE_OTHER_EQUIPMENT\"\n	agenda-group \"compute-electronic-fee\"\n	salience 50000\n	no-loop\n	when\n		\n		\n		BILLITEM: treasury.facts.BillItem (  billcode matches \"ELECTRONIC_FEE\" ) \n		\n		 obo.facts.OboIntegerInfo (  name matches \"OTHER_ELECTRONIC_EQUIPMENT\",UNIT:value ) \n		\n	then\n		Map bindings = new HashMap();\n		\n		bindings.put(\"BILLITEM\", BILLITEM );\n		\n		bindings.put(\"UNIT\", UNIT );\n		\n	Map _p0 = new HashMap();\n_p0.put( \"billitem\", BILLITEM );\n_p0.put( \"type\", \"ADD\" );\n_p0.put( \"amount\", (new ActionExpression(\"UNIT * 50\", bindings)) );\naction.execute( \"update-billitem-amount\",_p0,drools);\n\nend\n\n\n	');
INSERT INTO `sys_rule_deployed` VALUES ('RUL27db1036:16a38f07d48:-75b1', '\npackage oboassessment.ELECTRONIC_FEE_SIGNAGE;\nimport oboassessment.*;\nimport java.util.*;\nimport com.rameses.rules.common.*;\n\nglobal RuleAction action;\n\nrule \"ELECTRONIC_FEE_SIGNAGE\"\n	agenda-group \"compute-electronic-fee\"\n	salience 50000\n	no-loop\n	when\n		\n		\n		 obo.facts.OboIntegerInfo (  UNIT:value,name matches \"ELECTRONIC_SIGNAGE\" ) \n		\n		BILLITEM: treasury.facts.BillItem (  billcode matches \"ELECTRONIC_FEE\" ) \n		\n	then\n		Map bindings = new HashMap();\n		\n		bindings.put(\"BILLITEM\", BILLITEM );\n		\n		bindings.put(\"UNIT\", UNIT );\n		\n	Map _p0 = new HashMap();\n_p0.put( \"billitem\", BILLITEM );\n_p0.put( \"type\", \"ADD\" );\n_p0.put( \"amount\", (new ActionExpression(\"UNIT * 50\", bindings)) );\naction.execute( \"update-billitem-amount\",_p0,drools);\n\nend\n\n\n	');
INSERT INTO `sys_rule_deployed` VALUES ('RUL27db1036:16a38f07d48:-75c2', '\npackage oboassessment.ELECTRONIC_FEE_ANTENNA;\nimport oboassessment.*;\nimport java.util.*;\nimport com.rameses.rules.common.*;\n\nglobal RuleAction action;\n\nrule \"ELECTRONIC_FEE_ANTENNA\"\n	agenda-group \"compute-electronic-fee\"\n	salience 50000\n	no-loop\n	when\n		\n		\n		 obo.facts.OboIntegerInfo (  STRUC:value,name matches \"ANTENNA_TOWER_COMMUNICATION\" ) \n		\n		BILLITEM: treasury.facts.BillItem (  billcode matches \"ELECTRONIC_FEE\" ) \n		\n	then\n		Map bindings = new HashMap();\n		\n		bindings.put(\"BILLITEM\", BILLITEM );\n		\n		bindings.put(\"STRUC\", STRUC );\n		\n	Map _p0 = new HashMap();\n_p0.put( \"billitem\", BILLITEM );\n_p0.put( \"type\", \"ADD\" );\n_p0.put( \"amount\", (new ActionExpression(\"STRUC * 1000\", bindings)) );\naction.execute( \"update-billitem-amount\",_p0,drools);\n\nend\n\n\n	');
INSERT INTO `sys_rule_deployed` VALUES ('RUL27db1036:16a38f07d48:-75e4', '\npackage oboassessment.ELECTRONIC_FEE_GROUP_E;\nimport oboassessment.*;\nimport java.util.*;\nimport com.rameses.rules.common.*;\n\nglobal RuleAction action;\n\nrule \"ELECTRONIC_FEE_GROUP_E\"\n	agenda-group \"compute-electronic-fee\"\n	salience 50000\n	no-loop\n	when\n		\n		\n		 obo.facts.OboIntegerInfo (  category == \"E\",TERM:value ) \n		\n		BILLITEM: treasury.facts.BillItem (  billcode matches \"ELECTRONIC_FEE\" ) \n		\n	then\n		Map bindings = new HashMap();\n		\n		bindings.put(\"BILLITEM\", BILLITEM );\n		\n		bindings.put(\"TERM\", TERM );\n		\n	Map _p0 = new HashMap();\n_p0.put( \"billitem\", BILLITEM );\n_p0.put( \"type\", \"ADD\" );\n_p0.put( \"amount\", (new ActionExpression(\"TERM * 2.4\", bindings)) );\naction.execute( \"update-billitem-amount\",_p0,drools);\n\nend\n\n\n	');
INSERT INTO `sys_rule_deployed` VALUES ('RUL27db1036:16a38f07d48:-75f5', '\npackage oboassessment.ELECTRONIC_FEE_GROUP_D;\nimport oboassessment.*;\nimport java.util.*;\nimport com.rameses.rules.common.*;\n\nglobal RuleAction action;\n\nrule \"ELECTRONIC_FEE_GROUP_D\"\n	agenda-group \"compute-electronic-fee\"\n	salience 50000\n	no-loop\n	when\n		\n		\n		 obo.facts.OboIntegerInfo (  category == \"D\",OUTLET:value ) \n		\n		BILLITEM: treasury.facts.BillItem (  billcode matches \"ELECTRONIC_FEE\" ) \n		\n	then\n		Map bindings = new HashMap();\n		\n		bindings.put(\"BILLITEM\", BILLITEM );\n		\n		bindings.put(\"OUTLET\", OUTLET );\n		\n	Map _p0 = new HashMap();\n_p0.put( \"billitem\", BILLITEM );\n_p0.put( \"type\", \"ADD\" );\n_p0.put( \"amount\", (new ActionExpression(\"OUTLET * 2.4\", bindings)) );\naction.execute( \"update-billitem-amount\",_p0,drools);\n\nend\n\n\n	');
INSERT INTO `sys_rule_deployed` VALUES ('RUL27db1036:16a38f07d48:-7606', '\npackage oboassessment.ELECTRONIC_FEE_GROUP_C;\nimport oboassessment.*;\nimport java.util.*;\nimport com.rameses.rules.common.*;\n\nglobal RuleAction action;\n\nrule \"ELECTRONIC_FEE_GROUP_C\"\n	agenda-group \"compute-electronic-fee\"\n	salience 50000\n	no-loop\n	when\n		\n		\n		 obo.facts.OboIntegerInfo (  category == \"C\",UNIT:value ) \n		\n		BILLITEM: treasury.facts.BillItem (  billcode matches \"ELECTRONIC_FEE\" ) \n		\n	then\n		Map bindings = new HashMap();\n		\n		bindings.put(\"BILLITEM\", BILLITEM );\n		\n		bindings.put(\"UNIT\", UNIT );\n		\n	Map _p0 = new HashMap();\n_p0.put( \"billitem\", BILLITEM );\n_p0.put( \"type\", \"ADD\" );\n_p0.put( \"amount\", (new ActionExpression(\"UNIT * 10\", bindings)) );\naction.execute( \"update-billitem-amount\",_p0,drools);\n\nend\n\n\n	');
INSERT INTO `sys_rule_deployed` VALUES ('RUL27db1036:16a38f07d48:-7617', '\npackage oboassessment.ELECTRONIC_FEE_GROUP_B;\nimport oboassessment.*;\nimport java.util.*;\nimport com.rameses.rules.common.*;\n\nglobal RuleAction action;\n\nrule \"ELECTRONIC_FEE_GROUP_B\"\n	agenda-group \"compute-electronic-fee\"\n	salience 50000\n	no-loop\n	when\n		\n		\n		 obo.facts.OboIntegerInfo (  category matches \"B|F\",LOC:value ) \n		\n		BILLITEM: treasury.facts.BillItem (  billcode matches \"ELECTRONIC_FEE\" ) \n		\n	then\n		Map bindings = new HashMap();\n		\n		bindings.put(\"BILLITEM\", BILLITEM );\n		\n		bindings.put(\"LOC\", LOC );\n		\n	Map _p0 = new HashMap();\n_p0.put( \"billitem\", BILLITEM );\n_p0.put( \"type\", \"ADD\" );\n_p0.put( \"amount\", (new ActionExpression(\"LOC * 1000\", bindings)) );\naction.execute( \"update-billitem-amount\",_p0,drools);\n\nend\n\n\n	');
INSERT INTO `sys_rule_deployed` VALUES ('RUL27db1036:16a38f07d48:-7952', '\npackage oboassessment.ELECTRONIC_FEE_GROUP_A;\nimport oboassessment.*;\nimport java.util.*;\nimport com.rameses.rules.common.*;\n\nglobal RuleAction action;\n\nrule \"ELECTRONIC_FEE_GROUP_A\"\n	agenda-group \"compute-electronic-fee\"\n	salience 50000\n	no-loop\n	when\n		\n		\n		BILLITEM: treasury.facts.BillItem (  billcode matches \"ELECTRONIC_FEE\" ) \n		\n		 obo.facts.OboIntegerInfo (  PORT:value,category == \"A\" ) \n		\n	then\n		Map bindings = new HashMap();\n		\n		bindings.put(\"BILLITEM\", BILLITEM );\n		\n		bindings.put(\"PORT\", PORT );\n		\n	Map _p0 = new HashMap();\n_p0.put( \"billitem\", BILLITEM );\n_p0.put( \"type\", \"ADD\" );\n_p0.put( \"amount\", (new ActionExpression(\"PORT * 2.4\", bindings)) );\naction.execute( \"update-billitem-amount\",_p0,drools);\n\nend\n\n\n	');
INSERT INTO `sys_rule_deployed` VALUES ('RUL2e43f3c6:15b48c07f72:-78ea', '\npackage oboassessment.PLUMBING_FEE_VALUE_AT_7;\nimport oboassessment.*;\nimport java.util.*;\nimport com.rameses.rules.common.*;\n\nglobal RuleAction action;\n\nrule \"PLUMBING_FEE_VALUE_AT_7\"\n	agenda-group \"compute-plumbing-fee\"\n	salience 50000\n	no-loop\n	when\n		\n		\n		 obo.facts.OboIntegerInfo (  name matches \"WATER_CLOSET|LAVATORY|SLOP_SINK|BATH_TUB|GREASE_TRAP|GARAGE_TRAP|GAS_FIRED_WATER_HEATER\",UNIT:value ) \n		\n		BILLITEM: treasury.facts.BillItem (  billcode matches \"PLUMBING_FEE\" ) \n		\n	then\n		Map bindings = new HashMap();\n		\n		bindings.put(\"BILLITEM\", BILLITEM );\n		\n		bindings.put(\"UNIT\", UNIT );\n		\n	Map _p0 = new HashMap();\n_p0.put( \"billitem\", BILLITEM );\n_p0.put( \"type\", \"ADD\" );\n_p0.put( \"amount\", (new ActionExpression(\"7 * UNIT\", bindings)) );\naction.execute( \"update-billitem-amount\",_p0,drools);\n\nend\n\n\n	');
INSERT INTO `sys_rule_deployed` VALUES ('RUL36ece640:15b3cf0a031:-779a', '\npackage oboassessment.MECHANICAL_FEE_ENGINES;\nimport oboassessment.*;\nimport java.util.*;\nimport com.rameses.rules.common.*;\n\nglobal RuleAction action;\n\nrule \"MECHANICAL_FEE_ENGINES\"\n	agenda-group \"compute-mechanical-fee\"\n	salience 50000\n	no-loop\n	when\n		\n		\n		BILLITEM: treasury.facts.BillItem (  billcode matches \"MECHANICAL_FEE\" ) \n		\n		 obo.facts.OboDecimalInfo (  name matches \"DIESEL_GASOLINE_ENGINE|STEAM_GAS_TURBINE_ENGINE|HYDRO_NUCLEAR_SOLAR_GEN_UNIT\",KW:value ) \n		\n	then\n		Map bindings = new HashMap();\n		\n		bindings.put(\"BILLITEM\", BILLITEM );\n		\n		bindings.put(\"KW\", KW );\n		\n	RangeEntry re0 = new RangeEntry(\"MECHANICAL_FEE_ENGINES\");\nre0.setBindings(bindings);\nre0.setDecimalvalue(KW);\nre0.getParams().put( \"billitem\", BILLITEM );\nre0.getParams().put( \"type\", \"ADD\" );\nre0.getParams().put( \"amount\", 0.0 );\ninsert(re0);\n\nend\n\n\n	\nrule \"update-billitem-amount_0_0\"\n	agenda-group \"compute-mechanical-fee\"\n	salience 50000\n	no-loop\n	when\n		\n		\n		\n		rv: RangeEntry( id==\"MECHANICAL_FEE_ENGINES\", decimalvalue <= 50.00 )\n		\n	then\n		Map bindings = rv.getBindings();\n		Map params = rv.getParams();\n		params.put( \"amount\", (new ActionExpression(\"25 * KW\", bindings)) );	\n		 \n		action.execute( \"update-billitem-amount\",params, drools);\nend\n\n\n	\nrule \"update-billitem-amount_0_1\"\n	agenda-group \"compute-mechanical-fee\"\n	salience 50000\n	no-loop\n	when\n		\n		rv: RangeEntry( id==\"MECHANICAL_FEE_ENGINES\", decimalvalue > 50.00, decimalvalue <= 100.00 )\n		\n		\n		\n	then\n		Map bindings = rv.getBindings();\n		Map params = rv.getParams();\n		params.put( \"amount\", (new ActionExpression(\"1250 + (( KW-50) * 20)\", bindings)) );	\n		 \n		action.execute( \"update-billitem-amount\",params, drools);\nend\n\n\n	\nrule \"update-billitem-amount_0_2\"\n	agenda-group \"compute-mechanical-fee\"\n	salience 50000\n	no-loop\n	when\n		\n		\n		rv: RangeEntry( id==\"MECHANICAL_FEE_ENGINES\", decimalvalue > 100.00 )\n		\n		\n	then\n		Map bindings = rv.getBindings();\n		Map params = rv.getParams();\n		params.put( \"amount\", (new ActionExpression(\"2250 + ((KW-100) * 3)\", bindings)) );	\n		 \n		action.execute( \"update-billitem-amount\",params, drools);\nend\n\n\n	');
INSERT INTO `sys_rule_deployed` VALUES ('RUL38a7c1c3:15b23504df7:-7667', '\npackage oboassessment.ADD_MECHANICAL_FEE_DEFAULT;\nimport oboassessment.*;\nimport java.util.*;\nimport com.rameses.rules.common.*;\n\nglobal RuleAction action;\n\nrule \"ADD_MECHANICAL_FEE_DEFAULT\"\n	agenda-group \"initial\"\n	salience 50000\n	no-loop\n	when\n		\n		\n		 obo.facts.BuildingPermitSection (  name matches \"MECHANICAL\" ) \n		\n	then\n		Map bindings = new HashMap();\n		\n	Map _p0 = new HashMap();\n_p0.put( \"amount\", (new ActionExpression(\"0\", bindings)) );\n_p0.put( \"billcode\", new KeyValue(\"MECHANICAL_FEE\", \"MECHANICAL FEE\") );\naction.execute( \"add-billitem\",_p0,drools);\n\nend\n\n\n	');
INSERT INTO `sys_rule_deployed` VALUES ('RUL3b31d1e8:16a5826cfa5:-72a3', '\npackage oboassessment.UPLR_FEE;\nimport oboassessment.*;\nimport java.util.*;\nimport com.rameses.rules.common.*;\n\nglobal RuleAction action;\n\nrule \"UPLR_FEE\"\n	agenda-group \"summary\"\n	salience 50000\n	no-loop\n	when\n		\n		\n		 obo.facts.BuildingApplication (  AMT:highercost ) \n		\n		 obo.facts.BuildingPermitSection (  name matches \"ZONING\" ) \n		\n	then\n		Map bindings = new HashMap();\n		\n		bindings.put(\"AMT\", AMT );\n		\n	Map _p0 = new HashMap();\n_p0.put( \"amount\", (new ActionExpression(\"( AMT * 0.01 < 10 ) ? 10 : (AMT * 0.01)\", bindings)) );\n_p0.put( \"billcode\", new KeyValue(\"UPLR\", \"UPLR\") );\naction.execute( \"add-billitem\",_p0,drools);\n\nend\n\n\n	');
INSERT INTO `sys_rule_deployed` VALUES ('RUL3b3fed41:16bdd640b5c:-74d3', '\npackage oboconstructioncost.NEW_CONSTRUCTION_COST_FOR_ACCESSORY;\nimport oboconstructioncost.*;\nimport java.util.*;\nimport com.rameses.rules.common.*;\n\nglobal RuleAction action;\n\nrule \"NEW_CONSTRUCTION_COST_FOR_ACCESSORY\"\n	agenda-group \"initial\"\n	salience 50000\n	no-loop\n	when\n		\n		\n		APP: obo.facts.BuildingApplication (  AREA:totalfloorarea ) \n		\n		 obo.facts.OccupancyType (  group matches \"J\" ) \n		\n	then\n		Map bindings = new HashMap();\n		\n		bindings.put(\"APP\", APP );\n		\n		bindings.put(\"AREA\", AREA );\n		\n	Map _p0 = new HashMap();\n_p0.put( \"application\", APP );\n_p0.put( \"amount\", (new ActionExpression(\"AREA * 6000\", bindings)) );\naction.execute( \"compute-construction-cost\",_p0,drools);\n\nend\n\n\n	');
INSERT INTO `sys_rule_deployed` VALUES ('RUL4cf13b0:15b4dbc7b17:-769d', '\npackage oboassessment.PLUMBING_FEE_SEPTIC_TANK_CONSTRUCTION;\nimport oboassessment.*;\nimport java.util.*;\nimport com.rameses.rules.common.*;\n\nglobal RuleAction action;\n\nrule \"PLUMBING_FEE_SEPTIC_TANK_CONSTRUCTION\"\n	agenda-group \"compute-plumbing-fee\"\n	salience 50000\n	no-loop\n	when\n		\n		\n		BILLITEM: treasury.facts.BillItem (  billcode matches \"PLUMBING_FEE\" ) \n		\n		 obo.facts.OboDecimalInfo (  name matches \"SEPTIC_TANK\",CUM:value ) \n		\n	then\n		Map bindings = new HashMap();\n		\n		bindings.put(\"BILLITEM\", BILLITEM );\n		\n		bindings.put(\"CUM\", CUM );\n		\n	RangeEntry re0 = new RangeEntry(\"PLUMBING_FEE_SEPTIC_TANK_CONSTRUCTION\");\nre0.setBindings(bindings);\nre0.setDecimalvalue(CUM);\nre0.getParams().put( \"billitem\", BILLITEM );\nre0.getParams().put( \"type\", \"ADD\" );\nre0.getParams().put( \"amount\", 0.0 );\ninsert(re0);\n\nend\n\n\n	\nrule \"update-billitem-amount_0_0\"\n	agenda-group \"compute-plumbing-fee\"\n	salience 50000\n	no-loop\n	when\n		\n		\n		\n		rv: RangeEntry( id==\"PLUMBING_FEE_SEPTIC_TANK_CONSTRUCTION\", decimalvalue <= 5.00 )\n		\n	then\n		Map bindings = rv.getBindings();\n		Map params = rv.getParams();\n		params.put( \"amount\", (new ActionExpression(\"Math.ceil( CUM ) * 24\", bindings)) );	\n		 \n		action.execute( \"update-billitem-amount\",params, drools);\nend\n\n\n	\nrule \"update-billitem-amount_0_1\"\n	agenda-group \"compute-plumbing-fee\"\n	salience 50000\n	no-loop\n	when\n		\n		\n		rv: RangeEntry( id==\"PLUMBING_FEE_SEPTIC_TANK_CONSTRUCTION\", decimalvalue > 5.00 )\n		\n		\n	then\n		Map bindings = rv.getBindings();\n		Map params = rv.getParams();\n		params.put( \"amount\", (new ActionExpression(\"120 + ( Math.ceil(CUM-5) * 7)\", bindings)) );	\n		 \n		action.execute( \"update-billitem-amount\",params, drools);\nend\n\n\n	');
INSERT INTO `sys_rule_deployed` VALUES ('RUL4cf13b0:15b4dbc7b17:-78b3', '\npackage oboassessment.PLUMBING_FEE_WATER_METER_ABOVE_25_MM;\nimport oboassessment.*;\nimport java.util.*;\nimport com.rameses.rules.common.*;\n\nglobal RuleAction action;\n\nrule \"PLUMBING_FEE_WATER_METER_ABOVE_25_MM\"\n	agenda-group \"compute-plumbing-fee\"\n	salience 50000\n	no-loop\n	when\n		\n		\n		 obo.facts.OboIntegerInfo (  name matches \"WATER_METER_25\",UNIT:value ) \n		\n		BILLITEM: treasury.facts.BillItem (  billcode matches \"PLUMBING_FEE\" ) \n		\n	then\n		Map bindings = new HashMap();\n		\n		bindings.put(\"BILLITEM\", BILLITEM );\n		\n		bindings.put(\"UNIT\", UNIT );\n		\n	Map _p0 = new HashMap();\n_p0.put( \"billitem\", BILLITEM );\n_p0.put( \"type\", \"ADD\" );\n_p0.put( \"amount\", (new ActionExpression(\"10 * UNIT\", bindings)) );\naction.execute( \"update-billitem-amount\",_p0,drools);\n\nend\n\n\n	');
INSERT INTO `sys_rule_deployed` VALUES ('RUL4cf13b0:15b4dbc7b17:-78c4', '\npackage oboassessment.PLUMBING_FEE_WATER_METER_12_TO_25_MM;\nimport oboassessment.*;\nimport java.util.*;\nimport com.rameses.rules.common.*;\n\nglobal RuleAction action;\n\nrule \"PLUMBING_FEE_WATER_METER_12_TO_25_MM\"\n	agenda-group \"compute-plumbing-fee\"\n	salience 50000\n	no-loop\n	when\n		\n		\n		 obo.facts.OboIntegerInfo (  name matches \"WATER_METER_12_25\",UNIT:value ) \n		\n		BILLITEM: treasury.facts.BillItem (  billcode matches \"PLUMBING_FEE\" ) \n		\n	then\n		Map bindings = new HashMap();\n		\n		bindings.put(\"BILLITEM\", BILLITEM );\n		\n		bindings.put(\"UNIT\", UNIT );\n		\n	Map _p0 = new HashMap();\n_p0.put( \"billitem\", BILLITEM );\n_p0.put( \"type\", \"ADD\" );\n_p0.put( \"amount\", (new ActionExpression(\"8 * UNIT\", bindings)) );\naction.execute( \"update-billitem-amount\",_p0,drools);\n\nend\n\n\n	');
INSERT INTO `sys_rule_deployed` VALUES ('RUL4cf13b0:15b4dbc7b17:-7d2e', '\npackage oboassessment.PLUMBING_FEE_VALUE_AT_2;\nimport oboassessment.*;\nimport java.util.*;\nimport com.rameses.rules.common.*;\n\nglobal RuleAction action;\n\nrule \"PLUMBING_FEE_VALUE_AT_2\"\n	agenda-group \"compute-plumbing-fee\"\n	salience 50000\n	no-loop\n	when\n		\n		\n		 obo.facts.OboIntegerInfo (  name matches \"FAUCET|SHOWER_HEAD|DRINKING_FOUNTAIN|FIXED_TYPE_STERILIZER|WATER_METER\",UNIT:value ) \n		\n		BILLITEM: treasury.facts.BillItem (  billcode matches \"PLUMBING_FEE\" ) \n		\n	then\n		Map bindings = new HashMap();\n		\n		bindings.put(\"BILLITEM\", BILLITEM );\n		\n		bindings.put(\"UNIT\", UNIT );\n		\n	Map _p0 = new HashMap();\n_p0.put( \"billitem\", BILLITEM );\n_p0.put( \"type\", \"ADD\" );\n_p0.put( \"amount\", (new ActionExpression(\"2 * UNIT\", bindings)) );\naction.execute( \"update-billitem-amount\",_p0,drools);\n\nend\n\n\n	');
INSERT INTO `sys_rule_deployed` VALUES ('RUL4cf13b0:15b4dbc7b17:-7e4b', '\npackage oboassessment.PLUMBING_FEE_VALUE_AT_4;\nimport oboassessment.*;\nimport java.util.*;\nimport com.rameses.rules.common.*;\n\nglobal RuleAction action;\n\nrule \"PLUMBING_FEE_VALUE_AT_4\"\n	agenda-group \"compute-plumbing-fee\"\n	salience 50000\n	no-loop\n	when\n		\n		\n		 obo.facts.OboIntegerInfo (  name matches \"URINAL|BIDET|DENTAL_CUSPIDOR|BAR_SINK|SODA_FOUNTAIN_SINK|LAB_SINK|GAS_FIRED_WATER_HEATER|LAUNDRY_SINK|LAUNDRY_TRAY\",UNIT:value ) \n		\n		BILLITEM: treasury.facts.BillItem (  billcode matches \"PLUMBING_FEE\" ) \n		\n	then\n		Map bindings = new HashMap();\n		\n		bindings.put(\"BILLITEM\", BILLITEM );\n		\n		bindings.put(\"UNIT\", UNIT );\n		\n	Map _p0 = new HashMap();\n_p0.put( \"billitem\", BILLITEM );\n_p0.put( \"type\", \"ADD\" );\n_p0.put( \"amount\", (new ActionExpression(\"4 * UNIT\", bindings)) );\naction.execute( \"update-billitem-amount\",_p0,drools);\n\nend\n\n\n	');
INSERT INTO `sys_rule_deployed` VALUES ('RUL4cf13b0:15b4dbc7b17:-7e5c', '\npackage oboassessment.PLUMBING_FEE_VALUE_AT_3;\nimport oboassessment.*;\nimport java.util.*;\nimport com.rameses.rules.common.*;\n\nglobal RuleAction action;\n\nrule \"PLUMBING_FEE_VALUE_AT_3\"\n	agenda-group \"compute-plumbing-fee\"\n	salience 50000\n	no-loop\n	when\n		\n		\n		 obo.facts.OboIntegerInfo (  name matches \"FLOOR_DRAIN|KITCHEN_SINK\",UNIT:value ) \n		\n		BILLITEM: treasury.facts.BillItem (  billcode matches \"PLUMBING_FEE\" ) \n		\n	then\n		Map bindings = new HashMap();\n		\n		bindings.put(\"BILLITEM\", BILLITEM );\n		\n		bindings.put(\"UNIT\", UNIT );\n		\n	Map _p0 = new HashMap();\n_p0.put( \"billitem\", BILLITEM );\n_p0.put( \"type\", \"ADD\" );\n_p0.put( \"amount\", (new ActionExpression(\"3 * UNIT\", bindings)) );\naction.execute( \"update-billitem-amount\",_p0,drools);\n\nend\n\n\n	');
INSERT INTO `sys_rule_deployed` VALUES ('RUL4e513a84:15b291a0165:-7eee', '\npackage oboassessment.MECHANICAL_FEE_BOILER;\nimport oboassessment.*;\nimport java.util.*;\nimport com.rameses.rules.common.*;\n\nglobal RuleAction action;\n\nrule \"MECHANICAL_FEE_BOILER\"\n	agenda-group \"compute-mechanical-fee\"\n	salience 50000\n	no-loop\n	when\n		\n		\n		BILLITEM: treasury.facts.BillItem (  billcode matches \"MECHANICAL_FEE\" ) \n		\n		 obo.facts.OboDecimalInfo (  name matches \"BOILER\",KW:value ) \n		\n	then\n		Map bindings = new HashMap();\n		\n		bindings.put(\"BILLITEM\", BILLITEM );\n		\n		bindings.put(\"KW\", KW );\n		\n	RangeEntry re0 = new RangeEntry(\"MECHANICAL_FEE_BOILER\");\nre0.setBindings(bindings);\nre0.setDecimalvalue(KW);\nre0.getParams().put( \"billitem\", BILLITEM );\nre0.getParams().put( \"type\", \"ADD\" );\nre0.getParams().put( \"amount\", 0.0 );\ninsert(re0);\n\nend\n\n\n	\nrule \"update-billitem-amount_0_0\"\n	agenda-group \"compute-mechanical-fee\"\n	salience 50000\n	no-loop\n	when\n		\n		\n		\n		rv: RangeEntry( id==\"MECHANICAL_FEE_BOILER\", decimalvalue <= 7.50 )\n		\n	then\n		Map bindings = rv.getBindings();\n		Map params = rv.getParams();\n		params.put( \"amount\", (new ActionExpression(\" KW  * 500\", bindings)) );	\n		 \n		action.execute( \"update-billitem-amount\",params, drools);\nend\n\n\n	\nrule \"update-billitem-amount_0_1\"\n	agenda-group \"compute-mechanical-fee\"\n	salience 50000\n	no-loop\n	when\n		\n		rv: RangeEntry( id==\"MECHANICAL_FEE_BOILER\", decimalvalue > 7.50, decimalvalue <= 22.00 )\n		\n		\n		\n	then\n		Map bindings = rv.getBindings();\n		Map params = rv.getParams();\n		params.put( \"amount\", (new ActionExpression(\"3750 + ( (KW-7.5) * 700)\", bindings)) );	\n		 \n		action.execute( \"update-billitem-amount\",params, drools);\nend\n\n\n	\nrule \"update-billitem-amount_0_2\"\n	agenda-group \"compute-mechanical-fee\"\n	salience 50000\n	no-loop\n	when\n		\n		rv: RangeEntry( id==\"MECHANICAL_FEE_BOILER\", decimalvalue > 22.00, decimalvalue <= 37.00 )\n		\n		\n		\n	then\n		Map bindings = rv.getBindings();\n		Map params = rv.getParams();\n		params.put( \"amount\", (new ActionExpression(\"13900 + ( (KW-22) * 900 )\", bindings)) );	\n		 \n		action.execute( \"update-billitem-amount\",params, drools);\nend\n\n\n	\nrule \"update-billitem-amount_0_3\"\n	agenda-group \"compute-mechanical-fee\"\n	salience 50000\n	no-loop\n	when\n		\n		rv: RangeEntry( id==\"MECHANICAL_FEE_BOILER\", decimalvalue > 37.00, decimalvalue <= 52.00 )\n		\n		\n		\n	then\n		Map bindings = rv.getBindings();\n		Map params = rv.getParams();\n		params.put( \"amount\", (new ActionExpression(\"27400 + ( (KW-37) *  1200)\", bindings)) );	\n		 \n		action.execute( \"update-billitem-amount\",params, drools);\nend\n\n\n	\nrule \"update-billitem-amount_0_4\"\n	agenda-group \"compute-mechanical-fee\"\n	salience 50000\n	no-loop\n	when\n		\n		rv: RangeEntry( id==\"MECHANICAL_FEE_BOILER\", decimalvalue > 52.00, decimalvalue <= 67.00 )\n		\n		\n		\n	then\n		Map bindings = rv.getBindings();\n		Map params = rv.getParams();\n		params.put( \"amount\", (new ActionExpression(\"45400 + ( (KW-52) * 1400 )\", bindings)) );	\n		 \n		action.execute( \"update-billitem-amount\",params, drools);\nend\n\n\n	\nrule \"update-billitem-amount_0_5\"\n	agenda-group \"compute-mechanical-fee\"\n	salience 50000\n	no-loop\n	when\n		\n		rv: RangeEntry( id==\"MECHANICAL_FEE_BOILER\", decimalvalue > 67.00, decimalvalue <= 74.00 )\n		\n		\n		\n	then\n		Map bindings = rv.getBindings();\n		Map params = rv.getParams();\n		params.put( \"amount\", (new ActionExpression(\"66400 +( (KW-67) * 1600 )\", bindings)) );	\n		 \n		action.execute( \"update-billitem-amount\",params, drools);\nend\n\n\n	\nrule \"update-billitem-amount_0_6\"\n	agenda-group \"compute-mechanical-fee\"\n	salience 50000\n	no-loop\n	when\n		\n		\n		rv: RangeEntry( id==\"MECHANICAL_FEE_BOILER\", decimalvalue > 74.00 )\n		\n		\n	then\n		Map bindings = rv.getBindings();\n		Map params = rv.getParams();\n		params.put( \"amount\", (new ActionExpression(\"77600 + ( Math.ceil( KW- 74 ) * 5 )\", bindings)) );	\n		 \n		action.execute( \"update-billitem-amount\",params, drools);\nend\n\n\n	');
INSERT INTO `sys_rule_deployed` VALUES ('RUL51c2b1c4:15b69a42d57:-7e9a', '\npackage oboassessment.ADD_ACCESSORY_OF_THE_BLDG_STRUCTURE_FEES;\nimport oboassessment.*;\nimport java.util.*;\nimport com.rameses.rules.common.*;\n\nglobal RuleAction action;\n\nrule \"ADD_ACCESSORY_OF_THE_BLDG_STRUCTURE_FEES\"\n	agenda-group \"initial\"\n	salience 50000\n	no-loop\n	when\n		\n		\n		 obo.facts.AncillaryPermit (  type matches \"ACCESSORY_STRUCTURE\" ) \n		\n	then\n		Map bindings = new HashMap();\n		\n	Map _p0 = new HashMap();\n_p0.put( \"amount\", (new ActionExpression(\"0\", bindings)) );\n_p0.put( \"billcode\", new KeyValue(\"ACCESSORY_STRUCTURE_FEE\", \"ACCESSORY STRUCTURE FEE\") );\naction.execute( \"add-billitem\",_p0,drools);\n\nend\n\n\n	');
INSERT INTO `sys_rule_deployed` VALUES ('RUL544e84a6:15b372b5faf:-782f', '\npackage oboassessment.MECHANICAL_FEE_MV_BLOWER_FAN;\nimport oboassessment.*;\nimport java.util.*;\nimport com.rameses.rules.common.*;\n\nglobal RuleAction action;\n\nrule \"MECHANICAL_FEE_MV_BLOWER_FAN\"\n	agenda-group \"compute-mechanical-fee\"\n	salience 50000\n	no-loop\n	when\n		\n		\n		BILLITEM: treasury.facts.BillItem (  billcode matches \"MECHANICAL_FEE\" ) \n		\n		 obo.facts.OboDecimalInfo (  name matches \"MECHANICAL_VENTILATION\",KW:value ) \n		\n	then\n		Map bindings = new HashMap();\n		\n		bindings.put(\"BILLITEM\", BILLITEM );\n		\n		bindings.put(\"KW\", KW );\n		\n	Map _p0 = new HashMap();\n_p0.put( \"billitem\", BILLITEM );\n_p0.put( \"type\", \"ADD\" );\n_p0.put( \"amount\", (new ActionExpression(\"Math.ceil( KW ) * 40\", bindings)) );\naction.execute( \"update-billitem-amount\",_p0,drools);\n\nend\n\n\n	');
INSERT INTO `sys_rule_deployed` VALUES ('RUL544e84a6:15b372b5faf:-7959', '\npackage oboassessment.MECHANICAL_FEE_WINDOW_TYPE_AC;\nimport oboassessment.*;\nimport java.util.*;\nimport com.rameses.rules.common.*;\n\nglobal RuleAction action;\n\nrule \"MECHANICAL_FEE_WINDOW_TYPE_AC\"\n	agenda-group \"compute-mechanical-fee\"\n	salience 50000\n	no-loop\n	when\n		\n		\n		BILLITEM: treasury.facts.BillItem (  billcode matches \"MECHANICAL_FEE\" ) \n		\n		 obo.facts.OboIntegerInfo (  name matches \"WINDOW_TYPE_AIRCON\",UNITS:value ) \n		\n	then\n		Map bindings = new HashMap();\n		\n		bindings.put(\"BILLITEM\", BILLITEM );\n		\n		bindings.put(\"UNITS\", UNITS );\n		\n	Map _p0 = new HashMap();\n_p0.put( \"billitem\", BILLITEM );\n_p0.put( \"type\", \"ADD\" );\n_p0.put( \"amount\", (new ActionExpression(\"UNITS * 60\", bindings)) );\naction.execute( \"update-billitem-amount\",_p0,drools);\n\nend\n\n\n	');
INSERT INTO `sys_rule_deployed` VALUES ('RUL544e84a6:15b372b5faf:-7c53', '\npackage oboassessment.MECHANICAL_FEE_PC_AC;\nimport oboassessment.*;\nimport java.util.*;\nimport com.rameses.rules.common.*;\n\nglobal RuleAction action;\n\nrule \"MECHANICAL_FEE_PC_AC\"\n	agenda-group \"compute-mechanical-fee\"\n	salience 50000\n	no-loop\n	when\n		\n		\n		BILLITEM: treasury.facts.BillItem (  billcode matches \"MECHANICAL_FEE\" ) \n		\n		 obo.facts.OboDecimalInfo (  name matches \"PACKAGED_SPLIT_TYPE_AIRCON|CENTRAILIZED_AIRCON\",TONS:value ) \n		\n	then\n		Map bindings = new HashMap();\n		\n		bindings.put(\"BILLITEM\", BILLITEM );\n		\n		bindings.put(\"TONS\", TONS );\n		\n	RangeEntry re0 = new RangeEntry(\"MECHANICAL_FEE_PC_AC\");\nre0.setBindings(bindings);\nre0.setDecimalvalue(TONS);\nre0.getParams().put( \"billitem\", BILLITEM );\nre0.getParams().put( \"type\", \"ADD\" );\nre0.getParams().put( \"amount\", 0.0 );\ninsert(re0);\n\nend\n\n\n	\nrule \"update-billitem-amount_0_0\"\n	agenda-group \"compute-mechanical-fee\"\n	salience 50000\n	no-loop\n	when\n		\n		\n		\n		rv: RangeEntry( id==\"MECHANICAL_FEE_PC_AC\", decimalvalue < 100.00 )\n		\n	then\n		Map bindings = rv.getBindings();\n		Map params = rv.getParams();\n		params.put( \"amount\", (new ActionExpression(\"90 * Math.ceil(TONS )\", bindings)) );	\n		 \n		action.execute( \"update-billitem-amount\",params, drools);\nend\n\n\n	\nrule \"update-billitem-amount_0_1\"\n	agenda-group \"compute-mechanical-fee\"\n	salience 50000\n	no-loop\n	when\n		\n		\n		rv: RangeEntry( id==\"MECHANICAL_FEE_PC_AC\", decimalvalue >= 100.00 )\n		\n		\n	then\n		Map bindings = rv.getBindings();\n		Map params = rv.getParams();\n		params.put( \"amount\", (new ActionExpression(\"9000 + (  Math.ceil(TONS - 100) * 40 )\", bindings)) );	\n		 \n		action.execute( \"update-billitem-amount\",params, drools);\nend\n\n\n	');
INSERT INTO `sys_rule_deployed` VALUES ('RUL544e84a6:15b372b5faf:-7d4b', '\npackage oboassessment.MECHANICAL_FEE_ICE_PLANT;\nimport oboassessment.*;\nimport java.util.*;\nimport com.rameses.rules.common.*;\n\nglobal RuleAction action;\n\nrule \"MECHANICAL_FEE_ICE_PLANT\"\n	agenda-group \"compute-mechanical-fee\"\n	salience 50000\n	no-loop\n	when\n		\n		\n		BILLITEM: treasury.facts.BillItem (  billcode matches \"MECHANICAL_FEE\" ) \n		\n		 obo.facts.OboDecimalInfo (  name matches \"ICE_PLANT\",TONS:value ) \n		\n	then\n		Map bindings = new HashMap();\n		\n		bindings.put(\"BILLITEM\", BILLITEM );\n		\n		bindings.put(\"TONS\", TONS );\n		\n	Map _p0 = new HashMap();\n_p0.put( \"billitem\", BILLITEM );\n_p0.put( \"type\", \"ADD\" );\n_p0.put( \"amount\", (new ActionExpression(\"Math.ceil( TONS )  * 60\", bindings)) );\naction.execute( \"update-billitem-amount\",_p0,drools);\n\nend\n\n\n	');
INSERT INTO `sys_rule_deployed` VALUES ('RUL55d9e7c7:16a3522d159:-71db', '\npackage oboassessment.ADD_FIRE_INSPECTION_FEE;\nimport oboassessment.*;\nimport java.util.*;\nimport com.rameses.rules.common.*;\n\nglobal RuleAction action;\n\nrule \"ADD_FIRE_INSPECTION_FEE\"\n	agenda-group \"compute-zoning-fee\"\n	salience 50000\n	no-loop\n	when\n		\n		\n		 obo.facts.BuildingApplication (  COST:highercost ) \n		\n		 obo.facts.BuildingPermitSection (  name matches \"FSEC\" ) \n		\n	then\n		Map bindings = new HashMap();\n		\n		bindings.put(\"COST\", COST );\n		\n	Map _p0 = new HashMap();\n_p0.put( \"amount\", (new ActionExpression(\"COST * 0.01\", bindings)) );\n_p0.put( \"billcode\", new KeyValue(\"FIRE_CONS_TAX\", \"FIRE CODE CONTRUCTION TAX\") );\naction.execute( \"add-billitem\",_p0,drools);\n\nend\n\n\n	');
INSERT INTO `sys_rule_deployed` VALUES ('RUL55d9e7c7:16a3522d159:-7417', '\npackage oboassessment.COMPUTE_FIRE_INSPECTION_FEE;\nimport oboassessment.*;\nimport java.util.*;\nimport com.rameses.rules.common.*;\n\nglobal RuleAction action;\n\nrule \"COMPUTE_FIRE_INSPECTION_FEE\"\n	agenda-group \"compute-permit-fee\"\n	salience 50000\n	no-loop\n	when\n		\n		\n		FIREFEE: treasury.facts.BillItem (  billcode matches \"FIRE_CONS_TAX\" ) \n		\n		 obo.facts.BuildingApplication (  PROJCOST:projectcost,FIXEDCOST:fixedcost ) \n		\n	then\n		Map bindings = new HashMap();\n		\n		bindings.put(\"PROJCOST\", PROJCOST );\n		\n		bindings.put(\"FIREFEE\", FIREFEE );\n		\n		bindings.put(\"FIXEDCOST\", FIXEDCOST );\n		\n	Map _p0 = new HashMap();\n_p0.put( \"billitem\", FIREFEE );\n_p0.put( \"type\", \"ADD\" );\n_p0.put( \"amount\", (new ActionExpression(\"def d = @IIF(  FIXEDCOST > PROJCOST ,  FIXEDCOST * 0.01,  PROJCOST * 0.01 )\", bindings)) );\naction.execute( \"update-billitem-amount\",_p0,drools);\n\nend\n\n\n	');
INSERT INTO `sys_rule_deployed` VALUES ('RUL55d9e7c7:16a3522d159:-7c8e', '\npackage oboassessment.ADD_ELECTRONIC_FEE;\nimport oboassessment.*;\nimport java.util.*;\nimport com.rameses.rules.common.*;\n\nglobal RuleAction action;\n\nrule \"ADD_ELECTRONIC_FEE\"\n	agenda-group \"initial\"\n	salience 50000\n	no-loop\n	when\n		\n		\n		 obo.facts.BuildingPermitSection (  name matches \"ELECTRONIC\" ) \n		\n	then\n		Map bindings = new HashMap();\n		\n	Map _p0 = new HashMap();\n_p0.put( \"amount\", (new ActionExpression(\"0\", bindings)) );\n_p0.put( \"billcode\", new KeyValue(\"ELECTRONIC_FEE\", \"ELECTRONIC FEE\") );\naction.execute( \"add-billitem\",_p0,drools);\n\nend\n\n\n	');
INSERT INTO `sys_rule_deployed` VALUES ('RUL59515aa4:16a3a32fa5e:-3fb8', '\npackage oboassessment.SWIMMING_POOL_INDIGENOUS_FEE_GROUP_C_D_H_I;\nimport oboassessment.*;\nimport java.util.*;\nimport com.rameses.rules.common.*;\n\nglobal RuleAction action;\n\nrule \"SWIMMING_POOL_INDIGENOUS_FEE_GROUP_C_D_H_I\"\n	agenda-group \"compute-accessory-structure\"\n	salience 50000\n	no-loop\n	when\n		\n		\n		 obo.facts.OccupancyType (  group matches \"C|D|H|I\" ) \n		\n		 obo.facts.OboDecimalInfo (  name matches \"SWIMMING_POOL_USING_INDIGENOUS_MATERIALS\",CUM:value ) \n		\n		BILLITEM: treasury.facts.BillItem (  billcode matches \"ACCESSORY_STRUCTURE_FEE\" ) \n		\n	then\n		Map bindings = new HashMap();\n		\n		bindings.put(\"CUM\", CUM );\n		\n		bindings.put(\"BILLITEM\", BILLITEM );\n		\n	Map _p0 = new HashMap();\n_p0.put( \"billitem\", BILLITEM );\n_p0.put( \"amount\", (new ActionExpression(\"(CUM * 24) * 0.5\", bindings)) );\naction.execute( \"update-billitem-amount\",_p0,drools);\n\nend\n\n\n	');
INSERT INTO `sys_rule_deployed` VALUES ('RUL59515aa4:16a3a32fa5e:-3fec', '\npackage oboassessment.SWIMMING_POOL_INDIGENOUS_FEE_GROUP_B_E_F_G;\nimport oboassessment.*;\nimport java.util.*;\nimport com.rameses.rules.common.*;\n\nglobal RuleAction action;\n\nrule \"SWIMMING_POOL_INDIGENOUS_FEE_GROUP_B_E_F_G\"\n	agenda-group \"compute-accessory-structure\"\n	salience 50000\n	no-loop\n	when\n		\n		\n		 obo.facts.OccupancyType (  group matches \"B|E|F|G\" ) \n		\n		 obo.facts.OboDecimalInfo (  name matches \"SWIMMING_POOL_USING_INDIGENOUS_MATERIALS\",CUM:value ) \n		\n		BILLITEM: treasury.facts.BillItem (  billcode matches \"ACCESSORY_STRUCTURE_FEE\" ) \n		\n	then\n		Map bindings = new HashMap();\n		\n		bindings.put(\"CUM\", CUM );\n		\n		bindings.put(\"BILLITEM\", BILLITEM );\n		\n	Map _p0 = new HashMap();\n_p0.put( \"billitem\", BILLITEM );\n_p0.put( \"amount\", (new ActionExpression(\"CUM * 36 * 0.50\", bindings)) );\naction.execute( \"update-billitem-amount\",_p0,drools);\n\nend\n\n\n	');
INSERT INTO `sys_rule_deployed` VALUES ('RUL59515aa4:16a3a32fa5e:-4020', '\npackage oboassessment.SWIMMING_POOL_INDIGENOUS_FEE_GROUP_A;\nimport oboassessment.*;\nimport java.util.*;\nimport com.rameses.rules.common.*;\n\nglobal RuleAction action;\n\nrule \"SWIMMING_POOL_INDIGENOUS_FEE_GROUP_A\"\n	agenda-group \"compute-accessory-structure\"\n	salience 50000\n	no-loop\n	when\n		\n		\n		 obo.facts.OccupancyType (  group matches \"A\" ) \n		\n		BILLITEM: treasury.facts.BillItem (  billcode matches \"ACCESSORY_STRUCTURE_FEE\" ) \n		\n		 obo.facts.OboDecimalInfo (  name matches \"SWIMMING_POOL_USING_INDIGENOUS_MATERIALS\",CUM:value ) \n		\n	then\n		Map bindings = new HashMap();\n		\n		bindings.put(\"CUM\", CUM );\n		\n		bindings.put(\"BILLITEM\", BILLITEM );\n		\n	Map _p0 = new HashMap();\n_p0.put( \"billitem\", BILLITEM );\n_p0.put( \"amount\", (new ActionExpression(\"(CUM * 3 ) * 0.5\", bindings)) );\naction.execute( \"update-billitem-amount\",_p0,drools);\n\nend\n\n\n	');
INSERT INTO `sys_rule_deployed` VALUES ('RUL59515aa4:16a3a32fa5e:-41fd', '\npackage oboassessment.SWIMMING_POOL_FEE_GROUP_C_D_H_I;\nimport oboassessment.*;\nimport java.util.*;\nimport com.rameses.rules.common.*;\n\nglobal RuleAction action;\n\nrule \"SWIMMING_POOL_FEE_GROUP_C_D_H_I\"\n	agenda-group \"compute-accessory-structure\"\n	salience 50000\n	no-loop\n	when\n		\n		\n		 obo.facts.OccupancyType (  group matches \"C|D|H|I\" ) \n		\n		BILLITEM: treasury.facts.BillItem (  billcode matches \"ACCESSORY_STRUCTURE_FEE\" ) \n		\n		 obo.facts.OboDecimalInfo (  name matches \"SWIMMING_POOL\",CUM:value ) \n		\n	then\n		Map bindings = new HashMap();\n		\n		bindings.put(\"CUM\", CUM );\n		\n		bindings.put(\"BILLITEM\", BILLITEM );\n		\n	Map _p0 = new HashMap();\n_p0.put( \"billitem\", BILLITEM );\n_p0.put( \"amount\", (new ActionExpression(\"CUM * 24\", bindings)) );\naction.execute( \"update-billitem-amount\",_p0,drools);\n\nend\n\n\n	');
INSERT INTO `sys_rule_deployed` VALUES ('RUL59515aa4:16a3a32fa5e:-420e', '\npackage oboassessment.SWIMMING_POOL_FEE_GROUP_B_E_F_G;\nimport oboassessment.*;\nimport java.util.*;\nimport com.rameses.rules.common.*;\n\nglobal RuleAction action;\n\nrule \"SWIMMING_POOL_FEE_GROUP_B_E_F_G\"\n	agenda-group \"compute-accessory-structure\"\n	salience 50000\n	no-loop\n	when\n		\n		\n		 obo.facts.OccupancyType (  group matches \"B|E|F|G\" ) \n		\n		BILLITEM: treasury.facts.BillItem (  billcode matches \"ACCESSORY_STRUCTURE_FEE\" ) \n		\n		 obo.facts.OboDecimalInfo (  name matches \"SWIMMING_POOL\",CUM:value ) \n		\n	then\n		Map bindings = new HashMap();\n		\n		bindings.put(\"CUM\", CUM );\n		\n		bindings.put(\"BILLITEM\", BILLITEM );\n		\n	Map _p0 = new HashMap();\n_p0.put( \"billitem\", BILLITEM );\n_p0.put( \"amount\", (new ActionExpression(\"CUM * 36\", bindings)) );\naction.execute( \"update-billitem-amount\",_p0,drools);\n\nend\n\n\n	');
INSERT INTO `sys_rule_deployed` VALUES ('RUL59515aa4:16a3a32fa5e:-43ab', '\npackage oboassessment.SWIMMING_POOL_FEE_GROUP_A;\nimport oboassessment.*;\nimport java.util.*;\nimport com.rameses.rules.common.*;\n\nglobal RuleAction action;\n\nrule \"SWIMMING_POOL_FEE_GROUP_A\"\n	agenda-group \"compute-accessory-structure\"\n	salience 50000\n	no-loop\n	when\n		\n		\n		 obo.facts.OccupancyType (  group matches \"A\" ) \n		\n		 obo.facts.OboDecimalInfo (  name matches \"SWIMMING_POOL\",CUM:value ) \n		\n		BILLITEM: treasury.facts.BillItem (  billcode matches \"ACCESSORY_STRUCTURE_FEE\" ) \n		\n	then\n		Map bindings = new HashMap();\n		\n		bindings.put(\"CUM\", CUM );\n		\n		bindings.put(\"BILLITEM\", BILLITEM );\n		\n	Map _p0 = new HashMap();\n_p0.put( \"billitem\", BILLITEM );\n_p0.put( \"amount\", (new ActionExpression(\"CUM * 3\", bindings)) );\naction.execute( \"update-billitem-amount\",_p0,drools);\n\nend\n\n\n	');
INSERT INTO `sys_rule_deployed` VALUES ('RUL59515aa4:16a3a32fa5e:-4513', '\npackage oboassessment.BANK_VAULT_FEE;\nimport oboassessment.*;\nimport java.util.*;\nimport com.rameses.rules.common.*;\n\nglobal RuleAction action;\n\nrule \"BANK_VAULT_FEE\"\n	agenda-group \"compute-accessory-structure\"\n	salience 50000\n	no-loop\n	when\n		\n		\n		 obo.facts.OboDecimalInfo (  name matches \"BANK_AND_RECORD_VAULT\",CUM:value ) \n		\n		BILLITEM: treasury.facts.BillItem (  billcode matches \"ACCESSORY_STRUCTURE_FEE\" ) \n		\n	then\n		Map bindings = new HashMap();\n		\n		bindings.put(\"BILLITEM\", BILLITEM );\n		\n		bindings.put(\"CUM\", CUM );\n		\n	RangeEntry re0 = new RangeEntry(\"BANK_VAULT_FEE\");\nre0.setBindings(bindings);\nre0.setDecimalvalue(CUM);\nre0.getParams().put( \"billitem\", BILLITEM );\nre0.getParams().put( \"amount\", 0.0 );\ninsert(re0);\n\nend\n\n\n	\nrule \"update-billitem-amount_0_0\"\n	agenda-group \"compute-accessory-structure\"\n	salience 50000\n	no-loop\n	when\n		\n		\n		\n		rv: RangeEntry( id==\"BANK_VAULT_FEE\", decimalvalue < 20.00 )\n		\n	then\n		Map bindings = rv.getBindings();\n		Map params = rv.getParams();\n		params.put( \"amount\", (new ActionExpression(\"CUM * 20\", bindings)) );	\n		 \n		action.execute( \"update-billitem-amount\",params, drools);\nend\n\n\n	\nrule \"update-billitem-amount_0_1\"\n	agenda-group \"compute-accessory-structure\"\n	salience 50000\n	no-loop\n	when\n		\n		\n		rv: RangeEntry( id==\"BANK_VAULT_FEE\", decimalvalue >= 20.00 )\n		\n		\n	then\n		Map bindings = rv.getBindings();\n		Map params = rv.getParams();\n		params.put( \"amount\", (new ActionExpression(\"400 + (( CUM - 20)*8)\", bindings)) );	\n		 \n		action.execute( \"update-billitem-amount\",params, drools);\nend\n\n\n	');
INSERT INTO `sys_rule_deployed` VALUES ('RUL59515aa4:16a3a32fa5e:-6790', '\npackage oboassessment.BLDG_HEIGHT_ABOVE_8_METERS_FEE;\nimport oboassessment.*;\nimport java.util.*;\nimport com.rameses.rules.common.*;\n\nglobal RuleAction action;\n\nrule \"BLDG_HEIGHT_ABOVE_8_METERS_FEE\"\n	agenda-group \"compute-accessory-structure\"\n	salience 50000\n	no-loop\n	when\n		\n		\n		BILLITEM: treasury.facts.BillItem (  billcode matches \"ACCESSORY_STRUCTURE_FEE\" ) \n		\n		 obo.facts.BuildingApplication (  AREA:floorarea,HEIGHT:height > 8.00 ) \n		\n	then\n		Map bindings = new HashMap();\n		\n		bindings.put(\"AREA\", AREA );\n		\n		bindings.put(\"BILLITEM\", BILLITEM );\n		\n		bindings.put(\"HEIGHT\", HEIGHT );\n		\n	Map _p0 = new HashMap();\n_p0.put( \"billitem\", BILLITEM );\n_p0.put( \"type\", \"ADD\" );\n_p0.put( \"amount\", (new ActionExpression(\"(AREA * (HEIGHT - 8)) * 0.25\", bindings)) );\naction.execute( \"update-billitem-amount\",_p0,drools);\n\nend\n\n\n	');
INSERT INTO `sys_rule_deployed` VALUES ('RUL59515aa4:16a3a32fa5e:-775e', '\npackage oboassessment.BALCONY_FEE_A1;\nimport oboassessment.*;\nimport java.util.*;\nimport com.rameses.rules.common.*;\n\nglobal RuleAction action;\n\nrule \"BALCONY_FEE_A1\"\n	agenda-group \"compute-accessory-structure\"\n	salience 50000\n	no-loop\n	when\n		\n		\n		 obo.facts.OccupancyType (  division matches \"A1\" ) \n		\n		BILLITEM: treasury.facts.BillItem (  billcode matches \"ACCESSORY_STRUCTURE_FEE\" ) \n		\n		 obo.facts.OboDecimalInfo (  name matches \"BALCONY_TERRACE\",AREA:value ) \n		\n	then\n		Map bindings = new HashMap();\n		\n		bindings.put(\"AREA\", AREA );\n		\n		bindings.put(\"BILLITEM\", BILLITEM );\n		\n	RangeEntry re0 = new RangeEntry(\"BALCONY_FEE_A1\");\nre0.setBindings(bindings);\nre0.setDecimalvalue(AREA);\nre0.getParams().put( \"billitem\", BILLITEM );\nre0.getParams().put( \"amount\", 0.0 );\ninsert(re0);\n\nend\n\n\n	\nrule \"update-billitem-amount_0_0\"\n	agenda-group \"compute-accessory-structure\"\n	salience 50000\n	no-loop\n	when\n		\n		\n		\n		rv: RangeEntry( id==\"BALCONY_FEE_A1\", decimalvalue <= 20.00 )\n		\n	then\n		Map bindings = rv.getBindings();\n		Map params = rv.getParams();\n		params.put( \"amount\", (new ActionExpression(\"2.0 * AREA * 0.50\", bindings)) );	\n		 \n		action.execute( \"update-billitem-amount\",params, drools);\nend\n\n\n	\nrule \"update-billitem-amount_0_1\"\n	agenda-group \"compute-accessory-structure\"\n	salience 50000\n	no-loop\n	when\n		\n		rv: RangeEntry( id==\"BALCONY_FEE_A1\", decimalvalue > 20.00, decimalvalue <= 50.00 )\n		\n		\n		\n	then\n		Map bindings = rv.getBindings();\n		Map params = rv.getParams();\n		params.put( \"amount\", (new ActionExpression(\"3.40 * AREA * 0.50\", bindings)) );	\n		 \n		action.execute( \"update-billitem-amount\",params, drools);\nend\n\n\n	\nrule \"update-billitem-amount_0_2\"\n	agenda-group \"compute-accessory-structure\"\n	salience 50000\n	no-loop\n	when\n		\n		rv: RangeEntry( id==\"BALCONY_FEE_A1\", decimalvalue > 50.00, decimalvalue <= 100.00 )\n		\n		\n		\n	then\n		Map bindings = rv.getBindings();\n		Map params = rv.getParams();\n		params.put( \"amount\", (new ActionExpression(\"4.80 * AREA * 0.50\", bindings)) );	\n		 \n		action.execute( \"update-billitem-amount\",params, drools);\nend\n\n\n	\nrule \"update-billitem-amount_0_3\"\n	agenda-group \"compute-accessory-structure\"\n	salience 50000\n	no-loop\n	when\n		\n		rv: RangeEntry( id==\"BALCONY_FEE_A1\", decimalvalue > 100.00, decimalvalue <= 150.00 )\n		\n		\n		\n	then\n		Map bindings = rv.getBindings();\n		Map params = rv.getParams();\n		params.put( \"amount\", (new ActionExpression(\"6.0 * AREA * 0.50\", bindings)) );	\n		 \n		action.execute( \"update-billitem-amount\",params, drools);\nend\n\n\n	\nrule \"update-billitem-amount_0_4\"\n	agenda-group \"compute-accessory-structure\"\n	salience 50000\n	no-loop\n	when\n		\n		\n		rv: RangeEntry( id==\"BALCONY_FEE_A1\", decimalvalue > 150.00 )\n		\n		\n	then\n		Map bindings = rv.getBindings();\n		Map params = rv.getParams();\n		params.put( \"amount\", (new ActionExpression(\"7.20 * AREA * 0.50\", bindings)) );	\n		 \n		action.execute( \"update-billitem-amount\",params, drools);\nend\n\n\n	');
INSERT INTO `sys_rule_deployed` VALUES ('RUL59515aa4:16a3a32fa5e:-7792', '\npackage oboassessment.BALCONY_FEE_A2;\nimport oboassessment.*;\nimport java.util.*;\nimport com.rameses.rules.common.*;\n\nglobal RuleAction action;\n\nrule \"BALCONY_FEE_A2\"\n	agenda-group \"compute-accessory-structure\"\n	salience 50000\n	no-loop\n	when\n		\n		\n		 obo.facts.OccupancyType (  division matches \"A2\" ) \n		\n		BILLITEM: treasury.facts.BillItem (  billcode matches \"ACCESSORY_STRUCTURE_FEE\" ) \n		\n		 obo.facts.OboDecimalInfo (  name matches \"BALCONY_TERRACE\",AREA:value ) \n		\n	then\n		Map bindings = new HashMap();\n		\n		bindings.put(\"AREA\", AREA );\n		\n		bindings.put(\"BILLITEM\", BILLITEM );\n		\n	RangeEntry re0 = new RangeEntry(\"BALCONY_FEE_A2\");\nre0.setBindings(bindings);\nre0.setDecimalvalue(AREA);\nre0.getParams().put( \"billitem\", BILLITEM );\nre0.getParams().put( \"amount\", 0.0 );\ninsert(re0);\n\nend\n\n\n	\nrule \"update-billitem-amount_0_0\"\n	agenda-group \"compute-accessory-structure\"\n	salience 50000\n	no-loop\n	when\n		\n		\n		\n		rv: RangeEntry( id==\"BALCONY_FEE_A2\", decimalvalue <= 20.00 )\n		\n	then\n		Map bindings = rv.getBindings();\n		Map params = rv.getParams();\n		params.put( \"amount\", (new ActionExpression(\"3.0 * AREA * 0.5\", bindings)) );	\n		 \n		action.execute( \"update-billitem-amount\",params, drools);\nend\n\n\n	\nrule \"update-billitem-amount_0_1\"\n	agenda-group \"compute-accessory-structure\"\n	salience 50000\n	no-loop\n	when\n		\n		rv: RangeEntry( id==\"BALCONY_FEE_A2\", decimalvalue > 20.00, decimalvalue <= 50.00 )\n		\n		\n		\n	then\n		Map bindings = rv.getBindings();\n		Map params = rv.getParams();\n		params.put( \"amount\", (new ActionExpression(\"5.20 * AREA * 0.5\", bindings)) );	\n		 \n		action.execute( \"update-billitem-amount\",params, drools);\nend\n\n\n	\nrule \"update-billitem-amount_0_2\"\n	agenda-group \"compute-accessory-structure\"\n	salience 50000\n	no-loop\n	when\n		\n		rv: RangeEntry( id==\"BALCONY_FEE_A2\", decimalvalue > 50.00, decimalvalue <= 150.00 )\n		\n		\n		\n	then\n		Map bindings = rv.getBindings();\n		Map params = rv.getParams();\n		params.put( \"amount\", (new ActionExpression(\"8 * AREA * 0.50\", bindings)) );	\n		 \n		action.execute( \"update-billitem-amount\",params, drools);\nend\n\n\n	\nrule \"update-billitem-amount_0_3\"\n	agenda-group \"compute-accessory-structure\"\n	salience 50000\n	no-loop\n	when\n		\n		\n		rv: RangeEntry( id==\"BALCONY_FEE_A2\", decimalvalue > 150.00 )\n		\n		\n	then\n		Map bindings = rv.getBindings();\n		Map params = rv.getParams();\n		params.put( \"amount\", (new ActionExpression(\"8.40 * AREA * 0.5\", bindings)) );	\n		 \n		action.execute( \"update-billitem-amount\",params, drools);\nend\n\n\n	');
INSERT INTO `sys_rule_deployed` VALUES ('RUL59515aa4:16a3a32fa5e:-77c6', '\npackage oboassessment.BALCONY_FEE_B1_C1_E123_F1_G12345_H1234_I1_J123;\nimport oboassessment.*;\nimport java.util.*;\nimport com.rameses.rules.common.*;\n\nglobal RuleAction action;\n\nrule \"BALCONY_FEE_B1_C1_E123_F1_G12345_H1234_I1_J123\"\n	agenda-group \"compute-accessory-structure\"\n	salience 50000\n	no-loop\n	when\n		\n		\n		 obo.facts.OccupancyType (  division matches \"B1|C1|E1|E2|E3|F1|G1|G2|G3|G4|G5|H1|H2|H3|H4|I1|J1|J2|J3\" ) \n		\n		BILLITEM: treasury.facts.BillItem (  billcode matches \"ACCESSORY_STRUCTURE_FEE\" ) \n		\n		 obo.facts.OboDecimalInfo (  name matches \"BALCONY_TERRACE\",AREA:value ) \n		\n	then\n		Map bindings = new HashMap();\n		\n		bindings.put(\"AREA\", AREA );\n		\n		bindings.put(\"BILLITEM\", BILLITEM );\n		\n	RangeEntry re0 = new RangeEntry(\"BALCONY_FEE_B1_C1_E123_F1_G12345_H1234_I1_J123\");\nre0.setBindings(bindings);\nre0.setDecimalvalue(AREA);\nre0.getParams().put( \"billitem\", BILLITEM );\nre0.getParams().put( \"amount\", 0.0 );\ninsert(re0);\n\nend\n\n\n	\nrule \"update-billitem-amount_0_0\"\n	agenda-group \"compute-accessory-structure\"\n	salience 50000\n	no-loop\n	when\n		\n		\n		\n		rv: RangeEntry( id==\"BALCONY_FEE_B1_C1_E123_F1_G12345_H1234_I1_J123\", decimalvalue <= 500.00 )\n		\n	then\n		Map bindings = rv.getBindings();\n		Map params = rv.getParams();\n		params.put( \"amount\", (new ActionExpression(\"(AREA * 23) * 0.5\", bindings)) );	\n		 \n		action.execute( \"update-billitem-amount\",params, drools);\nend\n\n\n	\nrule \"update-billitem-amount_0_1\"\n	agenda-group \"compute-accessory-structure\"\n	salience 50000\n	no-loop\n	when\n		\n		rv: RangeEntry( id==\"BALCONY_FEE_B1_C1_E123_F1_G12345_H1234_I1_J123\", decimalvalue > 500.00, decimalvalue <= 600.00 )\n		\n		\n		\n	then\n		Map bindings = rv.getBindings();\n		Map params = rv.getParams();\n		params.put( \"amount\", (new ActionExpression(\"(11500 + ((AREA-500) * 22)) * 0.5\", bindings)) );	\n		 \n		action.execute( \"update-billitem-amount\",params, drools);\nend\n\n\n	\nrule \"update-billitem-amount_0_2\"\n	agenda-group \"compute-accessory-structure\"\n	salience 50000\n	no-loop\n	when\n		\n		rv: RangeEntry( id==\"BALCONY_FEE_B1_C1_E123_F1_G12345_H1234_I1_J123\", decimalvalue > 600.00, decimalvalue <= 700.00 )\n		\n		\n		\n	then\n		Map bindings = rv.getBindings();\n		Map params = rv.getParams();\n		params.put( \"amount\", (new ActionExpression(\"(11500 + 2200 + ((AREA-600) * 20.50)) * 0.5\", bindings)) );	\n		 \n		action.execute( \"update-billitem-amount\",params, drools);\nend\n\n\n	\nrule \"update-billitem-amount_0_3\"\n	agenda-group \"compute-accessory-structure\"\n	salience 50000\n	no-loop\n	when\n		\n		rv: RangeEntry( id==\"BALCONY_FEE_B1_C1_E123_F1_G12345_H1234_I1_J123\", decimalvalue > 700.00, decimalvalue <= 800.00 )\n		\n		\n		\n	then\n		Map bindings = rv.getBindings();\n		Map params = rv.getParams();\n		params.put( \"amount\", (new ActionExpression(\"(11500 + 2200 + 2050 + ((AREA-700) * 19.50)) * 0.5\", bindings)) );	\n		 \n		action.execute( \"update-billitem-amount\",params, drools);\nend\n\n\n	\nrule \"update-billitem-amount_0_4\"\n	agenda-group \"compute-accessory-structure\"\n	salience 50000\n	no-loop\n	when\n		\n		rv: RangeEntry( id==\"BALCONY_FEE_B1_C1_E123_F1_G12345_H1234_I1_J123\", decimalvalue > 800.00, decimalvalue <= 900.00 )\n		\n		\n		\n	then\n		Map bindings = rv.getBindings();\n		Map params = rv.getParams();\n		params.put( \"amount\", (new ActionExpression(\"(11500 + 2200 + 2050 + 1950 + ((AREA-800) * 18)) * 0.5\", bindings)) );	\n		 \n		action.execute( \"update-billitem-amount\",params, drools);\nend\n\n\n	\nrule \"update-billitem-amount_0_5\"\n	agenda-group \"compute-accessory-structure\"\n	salience 50000\n	no-loop\n	when\n		\n		rv: RangeEntry( id==\"BALCONY_FEE_B1_C1_E123_F1_G12345_H1234_I1_J123\", decimalvalue > 900.00, decimalvalue <= 1000.00 )\n		\n		\n		\n	then\n		Map bindings = rv.getBindings();\n		Map params = rv.getParams();\n		params.put( \"amount\", (new ActionExpression(\"(11500 + 2200 + 2050 + 1950 + 1800 + ((AREA-900) * 17)) * 0.5\", bindings)) );	\n		 \n		action.execute( \"update-billitem-amount\",params, drools);\nend\n\n\n	\nrule \"update-billitem-amount_0_6\"\n	agenda-group \"compute-accessory-structure\"\n	salience 50000\n	no-loop\n	when\n		\n		rv: RangeEntry( id==\"BALCONY_FEE_B1_C1_E123_F1_G12345_H1234_I1_J123\", decimalvalue > 1000.00, decimalvalue <= 1500.00 )\n		\n		\n		\n	then\n		Map bindings = rv.getBindings();\n		Map params = rv.getParams();\n		params.put( \"amount\", (new ActionExpression(\"(11500 + 2200 + 2050 + 1950 + 1800 + 1700 + ((AREA-1000) * 16)) * 0.5\", bindings)) );	\n		 \n		action.execute( \"update-billitem-amount\",params, drools);\nend\n\n\n	\nrule \"update-billitem-amount_0_7\"\n	agenda-group \"compute-accessory-structure\"\n	salience 50000\n	no-loop\n	when\n		\n		rv: RangeEntry( id==\"BALCONY_FEE_B1_C1_E123_F1_G12345_H1234_I1_J123\", decimalvalue > 1500.00, decimalvalue <= 2000.00 )\n		\n		\n		\n	then\n		Map bindings = rv.getBindings();\n		Map params = rv.getParams();\n		params.put( \"amount\", (new ActionExpression(\"(11500 + 2200 + 2050 + 1950 + 1800 + 1700 + 8000 + 7500 + ((AREA-2000) * 14)) * 0.5\", bindings)) );	\n		 \n		action.execute( \"update-billitem-amount\",params, drools);\nend\n\n\n	\nrule \"update-billitem-amount_0_8\"\n	agenda-group \"compute-accessory-structure\"\n	salience 50000\n	no-loop\n	when\n		\n		rv: RangeEntry( id==\"BALCONY_FEE_B1_C1_E123_F1_G12345_H1234_I1_J123\", decimalvalue > 2000.00, decimalvalue <= 3000.00 )\n		\n		\n		\n	then\n		Map bindings = rv.getBindings();\n		Map params = rv.getParams();\n		params.put( \"amount\", (new ActionExpression(\"11500 + 2200 + 2050 + 1950 + 1800 + 1700 + 8000 + 7500 + ((AREA-2000) * 14)\", bindings)) );	\n		 \n		action.execute( \"update-billitem-amount\",params, drools);\nend\n\n\n	\nrule \"update-billitem-amount_0_9\"\n	agenda-group \"compute-accessory-structure\"\n	salience 50000\n	no-loop\n	when\n		\n		\n		rv: RangeEntry( id==\"BALCONY_FEE_B1_C1_E123_F1_G12345_H1234_I1_J123\", decimalvalue > 3000.00 )\n		\n		\n	then\n		Map bindings = rv.getBindings();\n		Map params = rv.getParams();\n		params.put( \"amount\", (new ActionExpression(\"(11500 + 2200 + 2050 + 1950 + 1800 + 1700 + 8000 + 7500 + 14000 + ((AREA-3000) * 12)) * 0.5\", bindings)) );	\n		 \n		action.execute( \"update-billitem-amount\",params, drools);\nend\n\n\n	');
INSERT INTO `sys_rule_deployed` VALUES ('RUL59515aa4:16a3a32fa5e:-77fa', '\npackage oboassessment.BALCONY_FEE_C2_D123;\nimport oboassessment.*;\nimport java.util.*;\nimport com.rameses.rules.common.*;\n\nglobal RuleAction action;\n\nrule \"BALCONY_FEE_C2_D123\"\n	agenda-group \"compute-accessory-structure\"\n	salience 50000\n	no-loop\n	when\n		\n		\n		 obo.facts.OccupancyType (  division matches \"C2|D1|D2|D3\" ) \n		\n		BILLITEM: treasury.facts.BillItem (  billcode matches \"ACCESSORY_STRUCTURE_FEE\" ) \n		\n		 obo.facts.OboDecimalInfo (  name matches \"BALCONY_TERRACE\",AREA:value ) \n		\n	then\n		Map bindings = new HashMap();\n		\n		bindings.put(\"AREA\", AREA );\n		\n		bindings.put(\"BILLITEM\", BILLITEM );\n		\n	RangeEntry re0 = new RangeEntry(\"BALCONY_FEE_C2_D123\");\nre0.setBindings(bindings);\nre0.setDecimalvalue(AREA);\nre0.getParams().put( \"billitem\", BILLITEM );\nre0.getParams().put( \"amount\", 0.0 );\ninsert(re0);\n\nend\n\n\n	\nrule \"update-billitem-amount_0_0\"\n	agenda-group \"compute-accessory-structure\"\n	salience 50000\n	no-loop\n	when\n		\n		\n		\n		rv: RangeEntry( id==\"BALCONY_FEE_C2_D123\", decimalvalue <= 500.00 )\n		\n	then\n		Map bindings = rv.getBindings();\n		Map params = rv.getParams();\n		params.put( \"amount\", (new ActionExpression(\"(AREA * 12) * 0.5\", bindings)) );	\n		 \n		action.execute( \"update-billitem-amount\",params, drools);\nend\n\n\n	\nrule \"update-billitem-amount_0_1\"\n	agenda-group \"compute-accessory-structure\"\n	salience 50000\n	no-loop\n	when\n		\n		rv: RangeEntry( id==\"BALCONY_FEE_C2_D123\", decimalvalue > 500.00, decimalvalue <= 600.00 )\n		\n		\n		\n	then\n		Map bindings = rv.getBindings();\n		Map params = rv.getParams();\n		params.put( \"amount\", (new ActionExpression(\"(6000 + ((AREA-500) * 11)) * 0.5\", bindings)) );	\n		 \n		action.execute( \"update-billitem-amount\",params, drools);\nend\n\n\n	\nrule \"update-billitem-amount_0_2\"\n	agenda-group \"compute-accessory-structure\"\n	salience 50000\n	no-loop\n	when\n		\n		rv: RangeEntry( id==\"BALCONY_FEE_C2_D123\", decimalvalue > 600.00, decimalvalue <= 700.00 )\n		\n		\n		\n	then\n		Map bindings = rv.getBindings();\n		Map params = rv.getParams();\n		params.put( \"amount\", (new ActionExpression(\"(6000 + 1100 + ((AREA-600) * 10.20)) * 0.5\", bindings)) );	\n		 \n		action.execute( \"update-billitem-amount\",params, drools);\nend\n\n\n	\nrule \"update-billitem-amount_0_3\"\n	agenda-group \"compute-accessory-structure\"\n	salience 50000\n	no-loop\n	when\n		\n		rv: RangeEntry( id==\"BALCONY_FEE_C2_D123\", decimalvalue > 700.00, decimalvalue <= 800.00 )\n		\n		\n		\n	then\n		Map bindings = rv.getBindings();\n		Map params = rv.getParams();\n		params.put( \"amount\", (new ActionExpression(\"(6000 + 1100 + 1020 + ((AREA-700) * 9.60)) * 0.5\", bindings)) );	\n		 \n		action.execute( \"update-billitem-amount\",params, drools);\nend\n\n\n	\nrule \"update-billitem-amount_0_4\"\n	agenda-group \"compute-accessory-structure\"\n	salience 50000\n	no-loop\n	when\n		\n		rv: RangeEntry( id==\"BALCONY_FEE_C2_D123\", decimalvalue > 800.00, decimalvalue <= 900.00 )\n		\n		\n		\n	then\n		Map bindings = rv.getBindings();\n		Map params = rv.getParams();\n		params.put( \"amount\", (new ActionExpression(\"(6000 + 1100 + 1020 + 960 + ((AREA-800) * 9)) * 0.5\", bindings)) );	\n		 \n		action.execute( \"update-billitem-amount\",params, drools);\nend\n\n\n	\nrule \"update-billitem-amount_0_5\"\n	agenda-group \"compute-accessory-structure\"\n	salience 50000\n	no-loop\n	when\n		\n		rv: RangeEntry( id==\"BALCONY_FEE_C2_D123\", decimalvalue > 900.00, decimalvalue <= 1000.00 )\n		\n		\n		\n	then\n		Map bindings = rv.getBindings();\n		Map params = rv.getParams();\n		params.put( \"amount\", (new ActionExpression(\"(6000 + 1100 + 1020 + 960  + 900 + ((AREA-900) * 8.40)) * 0.5\", bindings)) );	\n		 \n		action.execute( \"update-billitem-amount\",params, drools);\nend\n\n\n	\nrule \"update-billitem-amount_0_6\"\n	agenda-group \"compute-accessory-structure\"\n	salience 50000\n	no-loop\n	when\n		\n		rv: RangeEntry( id==\"BALCONY_FEE_C2_D123\", decimalvalue > 1000.00, decimalvalue <= 1500.00 )\n		\n		\n		\n	then\n		Map bindings = rv.getBindings();\n		Map params = rv.getParams();\n		params.put( \"amount\", (new ActionExpression(\"(6000 + 1100 + 1020 + 960  + 900 + 840 + ((AREA-1000) * 7.2)) * 0.5\", bindings)) );	\n		 \n		action.execute( \"update-billitem-amount\",params, drools);\nend\n\n\n	\nrule \"update-billitem-amount_0_7\"\n	agenda-group \"compute-accessory-structure\"\n	salience 50000\n	no-loop\n	when\n		\n		rv: RangeEntry( id==\"BALCONY_FEE_C2_D123\", decimalvalue > 1500.00, decimalvalue <= 2000.00 )\n		\n		\n		\n	then\n		Map bindings = rv.getBindings();\n		Map params = rv.getParams();\n		params.put( \"amount\", (new ActionExpression(\"(6000 + 1100 + 1020 + 960  + 900 + 840 +  3600 + ((AREA-1500) * 6.6)) * 0.5\", bindings)) );	\n		 \n		action.execute( \"update-billitem-amount\",params, drools);\nend\n\n\n	\nrule \"update-billitem-amount_0_8\"\n	agenda-group \"compute-accessory-structure\"\n	salience 50000\n	no-loop\n	when\n		\n		rv: RangeEntry( id==\"BALCONY_FEE_C2_D123\", decimalvalue > 2000.00, decimalvalue <= 3000.00 )\n		\n		\n		\n	then\n		Map bindings = rv.getBindings();\n		Map params = rv.getParams();\n		params.put( \"amount\", (new ActionExpression(\"(6000 + 1100 + 1020 + 960  + 900 + 840 +  3600 + 3300 + ((AREA-2000) * 6)) * 0.5\", bindings)) );	\n		 \n		action.execute( \"update-billitem-amount\",params, drools);\nend\n\n\n	\nrule \"update-billitem-amount_0_9\"\n	agenda-group \"compute-accessory-structure\"\n	salience 50000\n	no-loop\n	when\n		\n		\n		rv: RangeEntry( id==\"BALCONY_FEE_C2_D123\", decimalvalue > 3000.00 )\n		\n		\n	then\n		Map bindings = rv.getBindings();\n		Map params = rv.getParams();\n		params.put( \"amount\", (new ActionExpression(\"(6000 + 1100 + 1020 + 960  + 900 + 840 +  3600 + 3300 + 6000 + ((AREA-3000) * 5)) * 0.5\", bindings)) );	\n		 \n		action.execute( \"update-billitem-amount\",params, drools);\nend\n\n\n	');
INSERT INTO `sys_rule_deployed` VALUES ('RUL6a083481:15b1d42e454:-7e47', '\npackage oboassessment.ELECTRICAL_FEE_TOTAL_CONNECTED_LOAD;\nimport oboassessment.*;\nimport java.util.*;\nimport com.rameses.rules.common.*;\n\nglobal RuleAction action;\n\nrule \"ELECTRICAL_FEE_TOTAL_CONNECTED_LOAD\"\n	agenda-group \"compute-electrical-fee\"\n	salience 50000\n	no-loop\n	when\n		\n		\n		BILLITEM: treasury.facts.BillItem (  billcode matches \"ELECTRICAL_FEE\" ) \n		\n		 obo.facts.OboDecimalInfo (  name matches \"TOTAL_CONNECTED_LOAD\",KVA:value ) \n		\n	then\n		Map bindings = new HashMap();\n		\n		bindings.put(\"BILLITEM\", BILLITEM );\n		\n		bindings.put(\"KVA\", KVA );\n		\n	RangeEntry re0 = new RangeEntry(\"ELECTRICAL_FEE_TOTAL_CONNECTED_LOAD\");\nre0.setBindings(bindings);\nre0.setDecimalvalue(KVA);\nre0.getParams().put( \"billitem\", BILLITEM );\nre0.getParams().put( \"type\", \"ADD\" );\nre0.getParams().put( \"amount\", 0.0 );\ninsert(re0);\n\nend\n\n\n	\nrule \"update-billitem-amount_0_0\"\n	agenda-group \"compute-electrical-fee\"\n	salience 50000\n	no-loop\n	when\n		\n		\n		\n		rv: RangeEntry( id==\"ELECTRICAL_FEE_TOTAL_CONNECTED_LOAD\", decimalvalue <= 5.00 )\n		\n	then\n		Map bindings = rv.getBindings();\n		Map params = rv.getParams();\n		params.put( \"amount\", (new ActionExpression(\"200\", bindings)) );	\n		 \n		action.execute( \"update-billitem-amount\",params, drools);\nend\n\n\n	\nrule \"update-billitem-amount_0_1\"\n	agenda-group \"compute-electrical-fee\"\n	salience 50000\n	no-loop\n	when\n		\n		rv: RangeEntry( id==\"ELECTRICAL_FEE_TOTAL_CONNECTED_LOAD\", decimalvalue > 5.00, decimalvalue <= 50.00 )\n		\n		\n		\n	then\n		Map bindings = rv.getBindings();\n		Map params = rv.getParams();\n		params.put( \"amount\", (new ActionExpression(\"200 +  ( (KVA-5) * 20 )\", bindings)) );	\n		 \n		action.execute( \"update-billitem-amount\",params, drools);\nend\n\n\n	\nrule \"update-billitem-amount_0_2\"\n	agenda-group \"compute-electrical-fee\"\n	salience 50000\n	no-loop\n	when\n		\n		rv: RangeEntry( id==\"ELECTRICAL_FEE_TOTAL_CONNECTED_LOAD\", decimalvalue > 50.00, decimalvalue <= 300.00 )\n		\n		\n		\n	then\n		Map bindings = rv.getBindings();\n		Map params = rv.getParams();\n		params.put( \"amount\", (new ActionExpression(\"1100 + ( (KVA-50) * 10)\", bindings)) );	\n		 \n		action.execute( \"update-billitem-amount\",params, drools);\nend\n\n\n	\nrule \"update-billitem-amount_0_3\"\n	agenda-group \"compute-electrical-fee\"\n	salience 50000\n	no-loop\n	when\n		\n		rv: RangeEntry( id==\"ELECTRICAL_FEE_TOTAL_CONNECTED_LOAD\", decimalvalue > 300.00, decimalvalue <= 1500.00 )\n		\n		\n		\n	then\n		Map bindings = rv.getBindings();\n		Map params = rv.getParams();\n		params.put( \"amount\", (new ActionExpression(\"3600 + ( (KVA-300) * 5)\", bindings)) );	\n		 \n		action.execute( \"update-billitem-amount\",params, drools);\nend\n\n\n	\nrule \"update-billitem-amount_0_4\"\n	agenda-group \"compute-electrical-fee\"\n	salience 50000\n	no-loop\n	when\n		\n		rv: RangeEntry( id==\"ELECTRICAL_FEE_TOTAL_CONNECTED_LOAD\", decimalvalue > 1500.00, decimalvalue <= 6000.00 )\n		\n		\n		\n	then\n		Map bindings = rv.getBindings();\n		Map params = rv.getParams();\n		params.put( \"amount\", (new ActionExpression(\"9600 + ( (KVA-1500) * 2.5)\", bindings)) );	\n		 \n		action.execute( \"update-billitem-amount\",params, drools);\nend\n\n\n	\nrule \"update-billitem-amount_0_5\"\n	agenda-group \"compute-electrical-fee\"\n	salience 50000\n	no-loop\n	when\n		\n		\n		rv: RangeEntry( id==\"ELECTRICAL_FEE_TOTAL_CONNECTED_LOAD\", decimalvalue > 6000.00 )\n		\n		\n	then\n		Map bindings = rv.getBindings();\n		Map params = rv.getParams();\n		params.put( \"amount\", (new ActionExpression(\"20850 + ( (KVA-6000) * 1.25)\", bindings)) );	\n		 \n		action.execute( \"update-billitem-amount\",params, drools);\nend\n\n\n	');
INSERT INTO `sys_rule_deployed` VALUES ('RUL6cc4d33e:15b3c1e2e72:-4e7a', '\npackage oboassessment.MECHANICAL_FEE_PASSENGER_FREIGHT_CAR_ELEVATOR;\nimport oboassessment.*;\nimport java.util.*;\nimport com.rameses.rules.common.*;\n\nglobal RuleAction action;\n\nrule \"MECHANICAL_FEE_PASSENGER_FREIGHT_CAR_ELEVATOR\"\n	agenda-group \"compute-mechanical-fee\"\n	salience 50000\n	no-loop\n	when\n		\n		\n		BILLITEM: treasury.facts.BillItem (  billcode matches \"MECHANICAL_FEE\" ) \n		\n		 obo.facts.OboIntegerInfo (  name matches \"PASSENGER_ELEVATOR|FREIGHT_ELEVATOR|CAR_ELEVATOR\",UNIT:value ) \n		\n	then\n		Map bindings = new HashMap();\n		\n		bindings.put(\"BILLITEM\", BILLITEM );\n		\n		bindings.put(\"UNIT\", UNIT );\n		\n	Map _p0 = new HashMap();\n_p0.put( \"billitem\", BILLITEM );\n_p0.put( \"type\", \"ADD\" );\n_p0.put( \"amount\", (new ActionExpression(\"UNIT * 5000\", bindings)) );\naction.execute( \"update-billitem-amount\",_p0,drools);\n\nend\n\n\n	');
INSERT INTO `sys_rule_deployed` VALUES ('RUL6cc4d33e:15b3c1e2e72:-708f', '\npackage oboassessment.ELECTRICAL_FEE_TOTAL_TRANSFORMER_GENERATOR_UPS;\nimport oboassessment.*;\nimport java.util.*;\nimport com.rameses.rules.common.*;\n\nglobal RuleAction action;\n\nrule \"ELECTRICAL_FEE_TOTAL_TRANSFORMER_GENERATOR_UPS\"\n	agenda-group \"compute-electrical-fee\"\n	salience 50000\n	no-loop\n	when\n		\n		\n		BILLITEM: treasury.facts.BillItem (  billcode matches \"ELECTRICAL_FEE\" ) \n		\n		 obo.facts.OboDecimalInfo (  name matches \"TOTAL_TRANSFORMER_CAPACITY|TOTAL_GENERATOR_UPS_CAPACITY\",KVA:value ) \n		\n	then\n		Map bindings = new HashMap();\n		\n		bindings.put(\"BILLITEM\", BILLITEM );\n		\n		bindings.put(\"KVA\", KVA );\n		\n	RangeEntry re0 = new RangeEntry(\"ELECTRICAL_FEE_TOTAL_TRANSFORMER_GENERATOR_UPS\");\nre0.setBindings(bindings);\nre0.setDecimalvalue(KVA);\nre0.getParams().put( \"billitem\", BILLITEM );\nre0.getParams().put( \"type\", \"ADD\" );\nre0.getParams().put( \"amount\", 0.0 );\ninsert(re0);\n\nend\n\n\n	\nrule \"update-billitem-amount_0_0\"\n	agenda-group \"compute-electrical-fee\"\n	salience 50000\n	no-loop\n	when\n		\n		\n		\n		rv: RangeEntry( id==\"ELECTRICAL_FEE_TOTAL_TRANSFORMER_GENERATOR_UPS\", decimalvalue <= 5.00 )\n		\n	then\n		Map bindings = rv.getBindings();\n		Map params = rv.getParams();\n		params.put( \"amount\", (new ActionExpression(\"40\", bindings)) );	\n		 \n		action.execute( \"update-billitem-amount\",params, drools);\nend\n\n\n	\nrule \"update-billitem-amount_0_1\"\n	agenda-group \"compute-electrical-fee\"\n	salience 50000\n	no-loop\n	when\n		\n		rv: RangeEntry( id==\"ELECTRICAL_FEE_TOTAL_TRANSFORMER_GENERATOR_UPS\", decimalvalue > 5.00, decimalvalue <= 50.00 )\n		\n		\n		\n	then\n		Map bindings = rv.getBindings();\n		Map params = rv.getParams();\n		params.put( \"amount\", (new ActionExpression(\"40 + ( (KVA-5) * 4)\", bindings)) );	\n		 \n		action.execute( \"update-billitem-amount\",params, drools);\nend\n\n\n	\nrule \"update-billitem-amount_0_2\"\n	agenda-group \"compute-electrical-fee\"\n	salience 50000\n	no-loop\n	when\n		\n		rv: RangeEntry( id==\"ELECTRICAL_FEE_TOTAL_TRANSFORMER_GENERATOR_UPS\", decimalvalue > 50.00, decimalvalue <= 300.00 )\n		\n		\n		\n	then\n		Map bindings = rv.getBindings();\n		Map params = rv.getParams();\n		params.put( \"amount\", (new ActionExpression(\"220 + ((KVA-50) * 2)\", bindings)) );	\n		 \n		action.execute( \"update-billitem-amount\",params, drools);\nend\n\n\n	\nrule \"update-billitem-amount_0_3\"\n	agenda-group \"compute-electrical-fee\"\n	salience 50000\n	no-loop\n	when\n		\n		rv: RangeEntry( id==\"ELECTRICAL_FEE_TOTAL_TRANSFORMER_GENERATOR_UPS\", decimalvalue > 300.00, decimalvalue <= 1500.00 )\n		\n		\n		\n	then\n		Map bindings = rv.getBindings();\n		Map params = rv.getParams();\n		params.put( \"amount\", (new ActionExpression(\"720 + ( (KVA-300) * 1)\", bindings)) );	\n		 \n		action.execute( \"update-billitem-amount\",params, drools);\nend\n\n\n	\nrule \"update-billitem-amount_0_4\"\n	agenda-group \"compute-electrical-fee\"\n	salience 50000\n	no-loop\n	when\n		\n		rv: RangeEntry( id==\"ELECTRICAL_FEE_TOTAL_TRANSFORMER_GENERATOR_UPS\", decimalvalue > 1500.00, decimalvalue <= 6000.00 )\n		\n		\n		\n	then\n		Map bindings = rv.getBindings();\n		Map params = rv.getParams();\n		params.put( \"amount\", (new ActionExpression(\"1920 + ( (KVA-1500) * 0.5)\", bindings)) );	\n		 \n		action.execute( \"update-billitem-amount\",params, drools);\nend\n\n\n	\nrule \"update-billitem-amount_0_5\"\n	agenda-group \"compute-electrical-fee\"\n	salience 50000\n	no-loop\n	when\n		\n		\n		rv: RangeEntry( id==\"ELECTRICAL_FEE_TOTAL_TRANSFORMER_GENERATOR_UPS\", decimalvalue > 6000.00 )\n		\n		\n	then\n		Map bindings = rv.getBindings();\n		Map params = rv.getParams();\n		params.put( \"amount\", (new ActionExpression(\"4170 + ( (KVA-6000) * 0.25)\", bindings)) );	\n		 \n		action.execute( \"update-billitem-amount\",params, drools);\nend\n\n\n	');
INSERT INTO `sys_rule_deployed` VALUES ('RUL75928924:15b1d4d1c53:-7929', '\npackage oboassessment.ADD_ELECTRICAL_FEE_DEFAULT;\nimport oboassessment.*;\nimport java.util.*;\nimport com.rameses.rules.common.*;\n\nglobal RuleAction action;\n\nrule \"ADD_ELECTRICAL_FEE_DEFAULT\"\n	agenda-group \"initial\"\n	salience 50000\n	no-loop\n	when\n		\n		\n		 obo.facts.BuildingPermitSection (  name matches \"ELECTRICAL\" ) \n		\n	then\n		Map bindings = new HashMap();\n		\n	Map _p0 = new HashMap();\n_p0.put( \"amount\", (new ActionExpression(\"0\", bindings)) );\n_p0.put( \"billcode\", new KeyValue(\"ELECTRICAL_FEE\", \"ELECTRICAL FEE\") );\naction.execute( \"add-billitem\",_p0,drools);\n\nend\n\n\n	');
COMMIT;

-- ----------------------------
-- Table structure for sys_rule_fact
-- ----------------------------
DROP TABLE IF EXISTS `sys_rule_fact`;
CREATE TABLE `sys_rule_fact` (
  `objid` varchar(50) NOT NULL,
  `name` varchar(50) NOT NULL,
  `title` varchar(160) DEFAULT NULL,
  `factclass` varchar(50) DEFAULT NULL,
  `sortorder` int(11) DEFAULT NULL,
  `handler` varchar(50) DEFAULT NULL,
  `defaultvarname` varchar(25) DEFAULT NULL,
  `dynamic` int(11) DEFAULT NULL,
  `lookuphandler` varchar(50) DEFAULT NULL,
  `lookupkey` varchar(50) DEFAULT NULL,
  `lookupvalue` varchar(50) DEFAULT NULL,
  `lookupdatatype` varchar(50) DEFAULT NULL,
  `dynamicfieldname` varchar(50) DEFAULT NULL,
  `builtinconstraints` varchar(50) DEFAULT NULL,
  `domain` varchar(50) DEFAULT NULL,
  `factsuperclass` varchar(50) DEFAULT NULL,
  PRIMARY KEY (`objid`)
) ENGINE=InnoDB DEFAULT CHARSET=utf8;

-- ----------------------------
-- Records of sys_rule_fact
-- ----------------------------
BEGIN;
INSERT INTO `sys_rule_fact` VALUES ('obo.facts.AncillaryPermit', 'obo.facts.AncillaryPermit', 'Ancillary Permit', 'obo.facts.AncillaryPermit', 2, NULL, NULL, NULL, NULL, NULL, NULL, NULL, NULL, NULL, 'OBO', NULL);
INSERT INTO `sys_rule_fact` VALUES ('obo.facts.BuildingApplication', 'obo.facts.BuildingApplication', 'Building Application', 'obo.facts.BuildingApplication', 1, NULL, NULL, NULL, NULL, NULL, NULL, NULL, NULL, NULL, 'OBO', NULL);
INSERT INTO `sys_rule_fact` VALUES ('obo.facts.BuildingPermitSection', 'obo.facts.BuildingPermitSection', 'Building Permit Section', 'obo.facts.BuildingPermitSection', 2, NULL, NULL, NULL, NULL, NULL, NULL, NULL, NULL, NULL, 'OBO', NULL);
INSERT INTO `sys_rule_fact` VALUES ('obo.facts.OboBooleanInfo', 'obo.facts.OboBooleanInfo', 'Obo Boolean Info', 'obo.facts.OboBooleanInfo', 12, NULL, NULL, NULL, NULL, NULL, NULL, NULL, NULL, NULL, 'OBO', 'obo.facts.OboVariableInfo');
INSERT INTO `sys_rule_fact` VALUES ('obo.facts.OboDecimalInfo', 'obo.facts.OboDecimalInfo', 'Obo Decimal Info', 'obo.facts.OboDecimalInfo', 10, NULL, NULL, NULL, NULL, NULL, NULL, NULL, NULL, NULL, 'OBO', 'obo.facts.OboVariableInfo');
INSERT INTO `sys_rule_fact` VALUES ('obo.facts.OboIntegerInfo', 'obo.facts.OboIntegerInfo', 'Obo Integer Info', 'obo.facts.OboIntegerInfo', 11, NULL, NULL, NULL, NULL, NULL, NULL, NULL, NULL, NULL, 'OBO', 'obo.facts.OboVariableInfo');
INSERT INTO `sys_rule_fact` VALUES ('obo.facts.OccupancyPermitSection', 'obo.facts.OccupancyPermitSection', 'Occupancy Permit Section', 'obo.facts.OccupancyPermitSection', 2, NULL, NULL, NULL, NULL, NULL, NULL, NULL, NULL, NULL, 'OBO', NULL);
INSERT INTO `sys_rule_fact` VALUES ('obo.facts.OccupancyType', 'obo.facts.OccupancyType', 'Occupancy Type', 'obo.facts.OccupancyType', 1, NULL, NULL, NULL, NULL, NULL, NULL, NULL, NULL, NULL, 'OBO', NULL);
INSERT INTO `sys_rule_fact` VALUES ('obo.facts.RpuCount', 'obo.facts.RpuCount', 'RPU Lot Count Summary', 'obo.facts.RpuCount', 1, NULL, NULL, NULL, NULL, NULL, NULL, NULL, NULL, NULL, 'OBO', NULL);
INSERT INTO `sys_rule_fact` VALUES ('RULFACT-75b995c:15b18c6b9a6:-7be0', 'obo.facts.BuildingUse', 'Building Use', 'obo.facts.BuildingUse', 1, NULL, 'BU', NULL, NULL, NULL, NULL, NULL, NULL, NULL, 'OBO', NULL);
INSERT INTO `sys_rule_fact` VALUES ('RULFACT-75b995c:15b18c6b9a6:-7cdf', 'obo.facts.OboApplication', 'OBO Application', 'obo.facts.OboApplication', 1, NULL, 'APP', NULL, NULL, NULL, NULL, NULL, NULL, NULL, 'OBO', NULL);
INSERT INTO `sys_rule_fact` VALUES ('treasury.facts.BillItem', 'treasury.facts.BillItem', 'Bill Item', 'treasury.facts.BillItem', 1, NULL, 'BILLITEM', NULL, NULL, NULL, NULL, NULL, NULL, NULL, 'TREASURY', 'treasury.facts.AbstractBillItem');
COMMIT;

-- ----------------------------
-- Table structure for sys_rule_fact_field
-- ----------------------------
DROP TABLE IF EXISTS `sys_rule_fact_field`;
CREATE TABLE `sys_rule_fact_field` (
  `objid` varchar(100) NOT NULL DEFAULT '',
  `parentid` varchar(50) DEFAULT NULL,
  `name` varchar(50) NOT NULL,
  `title` varchar(160) DEFAULT NULL,
  `datatype` varchar(50) DEFAULT NULL,
  `sortorder` int(11) DEFAULT NULL,
  `handler` varchar(50) DEFAULT NULL,
  `lookuphandler` varchar(50) DEFAULT NULL,
  `lookupkey` varchar(50) DEFAULT NULL,
  `lookupvalue` varchar(50) DEFAULT NULL,
  `lookupdatatype` varchar(50) DEFAULT NULL,
  `multivalued` int(11) DEFAULT NULL,
  `required` int(11) DEFAULT NULL,
  `vardatatype` varchar(50) DEFAULT NULL,
  `lovname` varchar(50) DEFAULT NULL,
  PRIMARY KEY (`objid`),
  KEY `parentid` (`parentid`),
  CONSTRAINT `sys_rule_fact_field_ibfk_1` FOREIGN KEY (`parentid`) REFERENCES `sys_rule_fact` (`objid`)
) ENGINE=InnoDB DEFAULT CHARSET=utf8;

-- ----------------------------
-- Records of sys_rule_fact_field
-- ----------------------------
BEGIN;
INSERT INTO `sys_rule_fact_field` VALUES ('FACTFLD-75b995c:15b18c6b9a6:-7b3f', 'RULFACT-75b995c:15b18c6b9a6:-7be0', 'division', 'Division', 'integer', 4, 'integer', NULL, NULL, NULL, NULL, NULL, NULL, 'integer', NULL);
INSERT INTO `sys_rule_fact_field` VALUES ('FACTFLD-75b995c:15b18c6b9a6:-7b5f', 'RULFACT-75b995c:15b18c6b9a6:-7be0', 'groupid', 'Group', 'string', 3, 'lookup', 'obo_building_use_group:lookup', 'objid', 'objid', NULL, NULL, NULL, 'string', NULL);
INSERT INTO `sys_rule_fact_field` VALUES ('FACTFLD-75b995c:15b18c6b9a6:-7b80', 'RULFACT-75b995c:15b18c6b9a6:-7be0', 'classificationid', 'Classification', 'string', 2, 'lookup', 'obo_building_use_classification:lookup', 'objid', 'objid', NULL, NULL, NULL, 'string', NULL);
INSERT INTO `sys_rule_fact_field` VALUES ('FACTFLD-75b995c:15b18c6b9a6:-7bcf', 'RULFACT-75b995c:15b18c6b9a6:-7be0', 'id', 'ID', 'string', 1, 'lookup', 'obo_building_use:lookup', 'objid', 'objid', NULL, NULL, NULL, 'string', NULL);
INSERT INTO `sys_rule_fact_field` VALUES ('FACTFLD-75b995c:15b18c6b9a6:-7c07', 'RULFACT-75b995c:15b18c6b9a6:-7cdf', 'height', 'Height', 'decimal', 7, 'decimal', NULL, NULL, NULL, NULL, NULL, NULL, 'decimal', NULL);
INSERT INTO `sys_rule_fact_field` VALUES ('FACTFLD-75b995c:15b18c6b9a6:-7c1f', 'RULFACT-75b995c:15b18c6b9a6:-7cdf', 'floorarea', 'Floor Area', 'decimal', 6, 'decimal', NULL, NULL, NULL, NULL, NULL, NULL, 'decimal', NULL);
INSERT INTO `sys_rule_fact_field` VALUES ('FACTFLD-75b995c:15b18c6b9a6:-7c37', 'RULFACT-75b995c:15b18c6b9a6:-7cdf', 'constructioncost', 'Construction Cost', 'decimal', 5, 'decimal', NULL, NULL, NULL, NULL, NULL, NULL, 'decimal', NULL);
INSERT INTO `sys_rule_fact_field` VALUES ('FACTFLD-75b995c:15b18c6b9a6:-7c4f', 'RULFACT-75b995c:15b18c6b9a6:-7cdf', 'estimatedcost', 'Estimated Cost', 'decimal', 4, 'decimal', NULL, NULL, NULL, NULL, NULL, NULL, 'decimal', NULL);
INSERT INTO `sys_rule_fact_field` VALUES ('FACTFLD-75b995c:15b18c6b9a6:-7c67', 'RULFACT-75b995c:15b18c6b9a6:-7cdf', 'projectcost', 'Project Cost', 'decimal', 3, 'decimal', NULL, NULL, NULL, NULL, NULL, NULL, 'decimal', NULL);
INSERT INTO `sys_rule_fact_field` VALUES ('FACTFLD-75b995c:15b18c6b9a6:-7c81', 'RULFACT-75b995c:15b18c6b9a6:-7cdf', 'worktype', 'Work Type', 'string', 2, 'lov', NULL, NULL, NULL, NULL, NULL, NULL, 'string', 'OBO_BUILDING_WORK_TYPE');
INSERT INTO `sys_rule_fact_field` VALUES ('FACTFLD-75b995c:15b18c6b9a6:-7cce', 'RULFACT-75b995c:15b18c6b9a6:-7cdf', 'apptype', 'App Type', 'string', 1, 'lov', NULL, NULL, NULL, NULL, NULL, NULL, 'string', 'OBO_APP_TYPE');
INSERT INTO `sys_rule_fact_field` VALUES ('FACTFLD24162c4e:15b60d63997:-7e90', 'RULFACT-75b995c:15b18c6b9a6:-7be0', 'kind', 'Bldg Kind', 'string', 5, 'lookup', 'obo_building_kind:lookup', 'objid', 'name', NULL, NULL, NULL, 'string', NULL);
INSERT INTO `sys_rule_fact_field` VALUES ('FACTFLD36c70620:15b1c27514e:-7e47', 'RULFACT-75b995c:15b18c6b9a6:-7cdf', 'permittype', 'Permit Type', 'string', 8, 'lov', NULL, NULL, NULL, NULL, NULL, NULL, 'string', 'OBO_PERMIT_TYPE');
INSERT INTO `sys_rule_fact_field` VALUES ('obo.facts.AncillaryPermit.type', 'obo.facts.AncillaryPermit', 'type', 'Type', 'string', 1, 'lookup', 'obo_permit_type:lookup', 'objid', 'title', NULL, NULL, NULL, 'string', NULL);
INSERT INTO `sys_rule_fact_field` VALUES ('obo.facts.BuildingApplication.apptype', 'obo.facts.BuildingApplication', 'apptype', 'App Type', 'string', 1, 'lov', NULL, NULL, NULL, NULL, NULL, NULL, 'string', 'OBO_APP_TYPE');
INSERT INTO `sys_rule_fact_field` VALUES ('obo.facts.BuildingApplication.fixedcost', 'obo.facts.BuildingApplication', 'fixedcost', 'Fixed Cost', 'decimal', 9, 'decimal', NULL, NULL, NULL, NULL, NULL, NULL, 'decimal', NULL);
INSERT INTO `sys_rule_fact_field` VALUES ('obo.facts.BuildingApplication.floorarea', 'obo.facts.BuildingApplication', 'floorarea', 'Floor Area', 'decimal', 4, 'decimal', NULL, NULL, NULL, NULL, NULL, NULL, 'decimal', NULL);
INSERT INTO `sys_rule_fact_field` VALUES ('obo.facts.BuildingApplication.height', 'obo.facts.BuildingApplication', 'height', 'Building Height', 'decimal', 5, 'decimal', NULL, NULL, NULL, NULL, NULL, NULL, 'decimal', NULL);
INSERT INTO `sys_rule_fact_field` VALUES ('obo.facts.BuildingApplication.highercost', 'obo.facts.BuildingApplication', 'highercost', 'Higher Cost', 'decimal', 10, 'decimal', NULL, NULL, NULL, NULL, NULL, NULL, 'decimal', NULL);
INSERT INTO `sys_rule_fact_field` VALUES ('obo.facts.BuildingApplication.numunits', 'obo.facts.BuildingApplication', 'numunits', 'No. of Units', 'integer', 3, 'integer', NULL, NULL, NULL, NULL, NULL, NULL, 'integer', NULL);
INSERT INTO `sys_rule_fact_field` VALUES ('obo.facts.BuildingApplication.projectcost', 'obo.facts.BuildingApplication', 'projectcost', 'Project Cost', 'decimal', 2, 'decimal', NULL, NULL, NULL, NULL, NULL, NULL, 'decimal', NULL);
INSERT INTO `sys_rule_fact_field` VALUES ('obo.facts.BuildingApplication.totalfloorarea', 'obo.facts.BuildingApplication', 'totalfloorarea', 'Total Floor Area', 'decimal', 6, 'decimal', NULL, NULL, NULL, NULL, NULL, NULL, 'decimal', NULL);
INSERT INTO `sys_rule_fact_field` VALUES ('obo.facts.BuildingApplication.worktype', 'obo.facts.BuildingApplication', 'worktype', 'Work Type', 'string', 7, 'lookup', 'obo_work_type:lookup', 'objid', 'description', NULL, 0, NULL, 'string', NULL);
INSERT INTO `sys_rule_fact_field` VALUES ('obo.facts.BuildingApplication.zone', 'obo.facts.BuildingApplication', 'zone', 'Zone', 'string', 11, 'string', NULL, NULL, NULL, NULL, NULL, NULL, 'string', NULL);
INSERT INTO `sys_rule_fact_field` VALUES ('obo.facts.BuildingApplication.zoneclass', 'obo.facts.BuildingApplication', 'zoneclass', 'Zone Class', 'string', 8, 'lookup', 'obo_zoneclass:lookup', 'objid', 'title', NULL, NULL, NULL, 'string', NULL);
INSERT INTO `sys_rule_fact_field` VALUES ('obo.facts.BuildingPermitSection.name', 'obo.facts.BuildingPermitSection', 'name', 'Name', 'string', 1, 'lookup', 'obo_section:building_permit:lookup', 'objid', 'title', NULL, NULL, NULL, 'string', NULL);
INSERT INTO `sys_rule_fact_field` VALUES ('obo.facts.OboBooleanInfo.category', 'obo.facts.OboBooleanInfo', 'category', 'Category', 'string', 3, 'string', NULL, NULL, NULL, NULL, NULL, NULL, 'string', NULL);
INSERT INTO `sys_rule_fact_field` VALUES ('obo.facts.OboBooleanInfo.name', 'obo.facts.OboBooleanInfo', 'name', 'Name', 'boolean', 1, 'boolean', NULL, NULL, NULL, NULL, NULL, NULL, 'boolean', NULL);
INSERT INTO `sys_rule_fact_field` VALUES ('obo.facts.OboBooleanInfo.value', 'obo.facts.OboBooleanInfo', 'value', 'Value', 'boolean', 2, 'boolean', NULL, NULL, NULL, NULL, NULL, NULL, 'boolean', NULL);
INSERT INTO `sys_rule_fact_field` VALUES ('obo.facts.OboDecimalInfo.category', 'obo.facts.OboDecimalInfo', 'category', 'Category', 'string', 3, 'string', NULL, NULL, NULL, NULL, NULL, NULL, 'string', NULL);
INSERT INTO `sys_rule_fact_field` VALUES ('obo.facts.OboDecimalInfo.name', 'obo.facts.OboDecimalInfo', 'name', 'Name', 'string', 1, 'lookup', 'obovariable_decimal:lookup', 'objid', 'caption', NULL, NULL, NULL, 'string', NULL);
INSERT INTO `sys_rule_fact_field` VALUES ('obo.facts.OboDecimalInfo.value', 'obo.facts.OboDecimalInfo', 'value', 'Value', 'decimal', 2, 'decimal', NULL, NULL, NULL, NULL, NULL, NULL, 'decimal', NULL);
INSERT INTO `sys_rule_fact_field` VALUES ('obo.facts.OboIntegerInfo.category', 'obo.facts.OboIntegerInfo', 'category', 'Category', 'string', 3, 'string', NULL, NULL, NULL, NULL, NULL, NULL, 'string', NULL);
INSERT INTO `sys_rule_fact_field` VALUES ('obo.facts.OboIntegerInfo.name', 'obo.facts.OboIntegerInfo', 'name', 'Name', 'string', 1, 'lookup', 'obovariable_integer:lookup', 'objid', 'caption', NULL, NULL, NULL, 'string', NULL);
INSERT INTO `sys_rule_fact_field` VALUES ('obo.facts.OboIntegerInfo.value', 'obo.facts.OboIntegerInfo', 'value', 'Value', 'integer', 2, 'integer', NULL, NULL, NULL, NULL, NULL, NULL, 'integer', NULL);
INSERT INTO `sys_rule_fact_field` VALUES ('obo.facts.OccupancyPermitSection.name', 'obo.facts.OccupancyPermitSection', 'name', 'Name', 'string', 1, 'lookup', 'obo_section:occupancy_permit:lookup', 'objid', 'title', NULL, NULL, NULL, 'string', NULL);
INSERT INTO `sys_rule_fact_field` VALUES ('obo.facts.OccupancyType.bldgtype', 'obo.facts.OccupancyType', 'bldgtype', 'Bldg Type', 'string', 3, 'lookup', 'obo_building_type:lookup', 'objid', 'title', NULL, NULL, NULL, 'string', NULL);
INSERT INTO `sys_rule_fact_field` VALUES ('obo.facts.OccupancyType.division', 'obo.facts.OccupancyType', 'division', 'Division', 'string', 1, 'lookup', 'obo_occupancy_type_division:lookup', 'objid', 'objid', NULL, NULL, NULL, 'string', NULL);
INSERT INTO `sys_rule_fact_field` VALUES ('obo.facts.OccupancyType.group', 'obo.facts.OccupancyType', 'group', 'Group', 'string', 2, 'lookup', 'obo_occupancy_type_group:lookup', 'objid', 'objid', NULL, NULL, NULL, 'string', NULL);
INSERT INTO `sys_rule_fact_field` VALUES ('obo.facts.OccupancyType.type', 'obo.facts.OccupancyType', 'type', 'Type', 'string', 5, 'lookup', 'obo_occupancy_type:lookup', 'objid', 'title', NULL, NULL, NULL, 'string', NULL);
INSERT INTO `sys_rule_fact_field` VALUES ('obo.facts.OccupancyType.zoneclass', 'obo.facts.OccupancyType', 'zoneclass', 'Zone Class', 'string', 4, 'lookup', 'obo_zoneclass:lookup', 'objid', 'description', NULL, NULL, NULL, 'string', NULL);
INSERT INTO `sys_rule_fact_field` VALUES ('obo.facts.RpuCount.byownercount', 'obo.facts.RpuCount', 'byownercount', 'Count By Owner', 'integer', 2, 'integer', NULL, NULL, NULL, NULL, NULL, NULL, 'integer', NULL);
INSERT INTO `sys_rule_fact_field` VALUES ('obo.facts.RpuCount.totalcount', 'obo.facts.RpuCount', 'totalcount', 'Total Count', 'integer', 1, 'integer', NULL, NULL, NULL, NULL, NULL, NULL, 'integer', NULL);
INSERT INTO `sys_rule_fact_field` VALUES ('treasury.facts.BillItem.account', 'treasury.facts.BillItem', 'account', 'Account', 'string', 2, 'lookup', 'revenueitem:lookup', 'objid', 'title', NULL, NULL, NULL, 'object', NULL);
INSERT INTO `sys_rule_fact_field` VALUES ('treasury.facts.BillItem.account.objid', 'treasury.facts.BillItem', 'account.objid', 'Account', 'string', 1, 'lookup', 'revenueitem:lookup', 'objid', 'title', NULL, NULL, NULL, 'string', NULL);
INSERT INTO `sys_rule_fact_field` VALUES ('treasury.facts.BillItem.amount', 'treasury.facts.BillItem', 'amount', 'Amount', 'decimal', 3, 'decimal', NULL, NULL, NULL, NULL, NULL, NULL, 'decimal', NULL);
INSERT INTO `sys_rule_fact_field` VALUES ('treasury.facts.BillItem.billcode', 'treasury.facts.BillItem', 'billcode', 'Bill Code', 'string', 6, 'lookup', 'obo_itemaccount:lookup', 'objid', 'title', NULL, NULL, NULL, 'string', NULL);
INSERT INTO `sys_rule_fact_field` VALUES ('treasury.facts.BillItem.duedate', 'treasury.facts.BillItem', 'duedate', 'Due Date', 'date', 4, 'date', NULL, NULL, NULL, NULL, NULL, NULL, 'date', NULL);
INSERT INTO `sys_rule_fact_field` VALUES ('treasury.facts.BillItem.txntype', 'treasury.facts.BillItem', 'txntype', 'Txn Type', 'string', 5, 'lookup', 'billitem_txntype:lookup', 'objid', 'title', NULL, NULL, NULL, 'string', NULL);
COMMIT;

-- ----------------------------
-- Table structure for sys_rulegroup
-- ----------------------------
DROP TABLE IF EXISTS `sys_rulegroup`;
CREATE TABLE `sys_rulegroup` (
  `name` varchar(50) NOT NULL,
  `ruleset` varchar(50) NOT NULL,
  `title` varchar(160) DEFAULT NULL,
  `sortorder` int(11) DEFAULT NULL,
  PRIMARY KEY (`name`,`ruleset`),
  KEY `ruleset` (`ruleset`),
  CONSTRAINT `sys_rulegroup_ibfk_1` FOREIGN KEY (`ruleset`) REFERENCES `sys_ruleset` (`name`)
) ENGINE=InnoDB DEFAULT CHARSET=utf8;

-- ----------------------------
-- Records of sys_rulegroup
-- ----------------------------
BEGIN;
INSERT INTO `sys_rulegroup` VALUES ('compute-accessory', 'oboassessment', 'Compute Accessory Fees', 8);
INSERT INTO `sys_rulegroup` VALUES ('compute-accessory-structure', 'oboassessment', 'Compute Accessory Structure', 8);
INSERT INTO `sys_rulegroup` VALUES ('compute-bldgfee', 'oboassessment', 'Compute Bldg Fee', 3);
INSERT INTO `sys_rulegroup` VALUES ('compute-electrical-fee', 'oboassessment', 'Compute Electrical Fee', 4);
INSERT INTO `sys_rulegroup` VALUES ('compute-electronic-fee', 'oboassessment', 'Compute Electronic Fee', 7);
INSERT INTO `sys_rulegroup` VALUES ('compute-inspection-fee', 'oboassessment', 'Compute Inspection Fee', 9);
INSERT INTO `sys_rulegroup` VALUES ('compute-mechanical-fee', 'oboassessment', 'Compute Mechanical Fee', 5);
INSERT INTO `sys_rulegroup` VALUES ('compute-permit-fee', 'oboassessment', 'Compute Permit Fees', 7);
INSERT INTO `sys_rulegroup` VALUES ('compute-plumbing-fee', 'oboassessment', 'Compute Plumbing Fee', 6);
INSERT INTO `sys_rulegroup` VALUES ('compute-zoning-fee', 'oboassessment', 'Compute Zoning Fee', 1);
INSERT INTO `sys_rulegroup` VALUES ('initial', 'oboassessment', 'Initial', 0);
INSERT INTO `sys_rulegroup` VALUES ('initial', 'oboconstructioncost', 'Initial', 0);
INSERT INTO `sys_rulegroup` VALUES ('pre-summary', 'oboassessment', 'Pre Summary', 10);
INSERT INTO `sys_rulegroup` VALUES ('summary', 'oboassessment', 'Summary', 11);
COMMIT;

-- ----------------------------
-- Table structure for sys_ruleset
-- ----------------------------
DROP TABLE IF EXISTS `sys_ruleset`;
CREATE TABLE `sys_ruleset` (
  `name` varchar(50) NOT NULL,
  `title` varchar(160) DEFAULT NULL,
  `packagename` varchar(50) DEFAULT NULL,
  `domain` varchar(50) DEFAULT NULL,
  `role` varchar(50) DEFAULT NULL,
  `permission` varchar(50) DEFAULT NULL,
  PRIMARY KEY (`name`)
) ENGINE=InnoDB DEFAULT CHARSET=utf8;

-- ----------------------------
-- Records of sys_ruleset
-- ----------------------------
BEGIN;
INSERT INTO `sys_ruleset` VALUES ('oboassessment', 'OBO Assessment', 'oboassessment', 'OBO', 'RULE_AUTHOR', NULL);
INSERT INTO `sys_ruleset` VALUES ('oboconstructioncost', 'Obo Compute Construction Cost', 'oboconstructioncost', 'OBO', 'RULE_AUTHOR', NULL);
COMMIT;

-- ----------------------------
-- Table structure for sys_ruleset_actiondef
-- ----------------------------
DROP TABLE IF EXISTS `sys_ruleset_actiondef`;
CREATE TABLE `sys_ruleset_actiondef` (
  `ruleset` varchar(50) NOT NULL,
  `actiondef` varchar(50) NOT NULL,
  PRIMARY KEY (`ruleset`,`actiondef`),
  KEY `actiondef` (`actiondef`),
  CONSTRAINT `fk_sys_ruleset_actiondef_actiondef` FOREIGN KEY (`actiondef`) REFERENCES `sys_rule_actiondef` (`objid`),
  CONSTRAINT `sys_ruleset_actiondef_ibfk_2` FOREIGN KEY (`ruleset`) REFERENCES `sys_ruleset` (`name`)
) ENGINE=InnoDB DEFAULT CHARSET=utf8;

-- ----------------------------
-- Records of sys_ruleset_actiondef
-- ----------------------------
BEGIN;
INSERT INTO `sys_ruleset_actiondef` VALUES ('oboassessment', '-9c88384:15b1cf68850:-7ff4');
INSERT INTO `sys_ruleset_actiondef` VALUES ('oboconstructioncost', 'obo.actions.ComputeConstructionCost');
INSERT INTO `sys_ruleset_actiondef` VALUES ('oboassessment', 'RULADEF-1bc7542a:15b22baf4c3:-7ec1');
INSERT INTO `sys_ruleset_actiondef` VALUES ('oboassessment', 'RULADEF-75b995c:15b18c6b9a6:-7ad0');
INSERT INTO `sys_ruleset_actiondef` VALUES ('oboassessment', 'RULADEF6e008a5f:15b6c73a9f2:-6b1d');
INSERT INTO `sys_ruleset_actiondef` VALUES ('oboassessment', 'treasury.actions.AddBillItem');
INSERT INTO `sys_ruleset_actiondef` VALUES ('oboassessment', 'treasury.actions.UpdateBillItemAmount');
COMMIT;

-- ----------------------------
-- Table structure for sys_ruleset_fact
-- ----------------------------
DROP TABLE IF EXISTS `sys_ruleset_fact`;
CREATE TABLE `sys_ruleset_fact` (
  `ruleset` varchar(50) NOT NULL,
  `rulefact` varchar(50) NOT NULL,
  PRIMARY KEY (`ruleset`,`rulefact`),
  KEY `rulefact` (`rulefact`),
  CONSTRAINT `fk_sys_ruleset_fact_rulefact` FOREIGN KEY (`rulefact`) REFERENCES `sys_rule_fact` (`objid`),
  CONSTRAINT `sys_ruleset_fact_ibfk_2` FOREIGN KEY (`ruleset`) REFERENCES `sys_ruleset` (`name`)
) ENGINE=InnoDB DEFAULT CHARSET=utf8;

-- ----------------------------
-- Records of sys_ruleset_fact
-- ----------------------------
BEGIN;
INSERT INTO `sys_ruleset_fact` VALUES ('oboassessment', 'obo.facts.AncillaryPermit');
INSERT INTO `sys_ruleset_fact` VALUES ('oboassessment', 'obo.facts.BuildingApplication');
INSERT INTO `sys_ruleset_fact` VALUES ('oboconstructioncost', 'obo.facts.BuildingApplication');
INSERT INTO `sys_ruleset_fact` VALUES ('oboassessment', 'obo.facts.BuildingPermitSection');
INSERT INTO `sys_ruleset_fact` VALUES ('oboassessment', 'obo.facts.OboBooleanInfo');
INSERT INTO `sys_ruleset_fact` VALUES ('oboassessment', 'obo.facts.OboDecimalInfo');
INSERT INTO `sys_ruleset_fact` VALUES ('oboassessment', 'obo.facts.OboIntegerInfo');
INSERT INTO `sys_ruleset_fact` VALUES ('oboassessment', 'obo.facts.OccupancyPermitSection');
INSERT INTO `sys_ruleset_fact` VALUES ('oboassessment', 'obo.facts.OccupancyType');
INSERT INTO `sys_ruleset_fact` VALUES ('oboconstructioncost', 'obo.facts.OccupancyType');
INSERT INTO `sys_ruleset_fact` VALUES ('oboassessment', 'obo.facts.RpuCount');
INSERT INTO `sys_ruleset_fact` VALUES ('oboassessment', 'treasury.facts.BillItem');
COMMIT;

-- ----------------------------
-- Table structure for sys_sequence
-- ----------------------------
DROP TABLE IF EXISTS `sys_sequence`;
CREATE TABLE `sys_sequence` (
  `objid` varchar(100) NOT NULL,
  `nextSeries` int(11) DEFAULT NULL,
  PRIMARY KEY (`objid`) USING BTREE
) ENGINE=InnoDB DEFAULT CHARSET=utf8;

-- ----------------------------
-- Table structure for sys_usergroup
-- ----------------------------
DROP TABLE IF EXISTS `sys_usergroup`;
CREATE TABLE `sys_usergroup` (
  `objid` varchar(50) NOT NULL,
  `title` varchar(255) DEFAULT NULL,
  `domain` varchar(25) DEFAULT NULL,
  `userclass` varchar(25) DEFAULT NULL,
  `orgclass` varchar(50) DEFAULT NULL,
  `role` varchar(50) DEFAULT NULL,
  PRIMARY KEY (`objid`) USING BTREE
) ENGINE=InnoDB DEFAULT CHARSET=utf8;

-- ----------------------------
-- Table structure for sys_wf
-- ----------------------------
DROP TABLE IF EXISTS `sys_wf`;
CREATE TABLE `sys_wf` (
  `name` varchar(50) NOT NULL,
  `title` varchar(100) DEFAULT NULL,
  `domain` varchar(50) DEFAULT NULL,
  PRIMARY KEY (`name`)
) ENGINE=InnoDB DEFAULT CHARSET=utf8;

-- ----------------------------
-- Records of sys_wf
-- ----------------------------
BEGIN;
INSERT INTO `sys_wf` VALUES ('building_permit', 'Building Permit Workflow', 'OBO');
INSERT INTO `sys_wf` VALUES ('building_permit_section', 'Building Permit Section', 'OBO');
INSERT INTO `sys_wf` VALUES ('occupancy_permit', 'Occupancy Application', 'OBO');
COMMIT;

-- ----------------------------
-- Table structure for sys_wf_node
-- ----------------------------
DROP TABLE IF EXISTS `sys_wf_node`;
CREATE TABLE `sys_wf_node` (
  `name` varchar(50) NOT NULL,
  `processname` varchar(50) NOT NULL DEFAULT '',
  `title` varchar(100) DEFAULT NULL,
  `nodetype` varchar(10) DEFAULT NULL,
  `idx` int(11) DEFAULT NULL,
  `salience` int(11) DEFAULT NULL,
  `domain` varchar(50) DEFAULT NULL,
  `role` varchar(255) DEFAULT NULL,
  `ui` text,
  `properties` text,
  `tracktime` int(11) DEFAULT NULL,
  PRIMARY KEY (`name`,`processname`)
) ENGINE=InnoDB DEFAULT CHARSET=utf8;

-- ----------------------------
-- Records of sys_wf_node
-- ----------------------------
BEGIN;
INSERT INTO `sys_wf_node` VALUES ('approval', 'building_permit', 'Assessment Approval', 'state', 12, 0, 'OBO', 'APPROVER', '[type:\"state\",fillColor:\"#c0c0c0\",pos:[1117,162],size:[174,61]]', '[:]', 1);
INSERT INTO `sys_wf_node` VALUES ('assessment', 'building_permit', 'Assessment', 'state', 11, 0, 'OBO', 'ASSESSOR', '[type:\"state\",fillColor:\"#c0c0c0\",pos:[1135,18],size:[118,59]]', '[:]', 1);
INSERT INTO `sys_wf_node` VALUES ('end', 'building_permit', 'Completed', 'end', 16, 0, NULL, NULL, '[type:\"end\",fillColor:\"#ff0000\",pos:[1248,290],size:[32,32]]', '[:]', NULL);
INSERT INTO `sys_wf_node` VALUES ('end', 'building_permit_section', 'Completed', 'end', 9, 0, 'OBO', 'SYSTEM', '[type:\"end\",fillColor:\"#ff0000\",pos:[1014,143],size:[32,32]]', '[:]', NULL);
INSERT INTO `sys_wf_node` VALUES ('end', 'occupancy_permit', 'Completed', 'end', 9, 0, NULL, NULL, '[type:\"end\",fillColor:\"#ff0000\",pos:[904,161],size:[32,32]]', '[:]', NULL);
INSERT INTO `sys_wf_node` VALUES ('evaluation', 'building_permit_section', 'For Evaluation', 'state', 2, 0, 'OBO', 'SECTION_EVALUATOR', '[type:\"state\",fillColor:\"#c0c0c0\",pos:[130,209],size:[125,58]]', '[:]', 1);
INSERT INTO `sys_wf_node` VALUES ('evaluation', 'occupancy_permit', 'Trade Evaluation', 'state', 5, 0, NULL, NULL, '[type:\"state\",fillColor:\"#c0c0c0\",pos:[356,52],size:[137,57]]', '[:]', 1);
INSERT INTO `sys_wf_node` VALUES ('evaluation-approval', 'building_permit_section', 'For Approval', 'state', 4, 0, 'OBO', 'SECTION_APPROVER', '[type:\"state\",fillColor:\"#c0c0c0\",pos:[509,59],size:[128,55]]', '[:]', 1);
INSERT INTO `sys_wf_node` VALUES ('final-approval', 'building_permit_section', 'Final Approval', 'state', 8, 0, 'OBO', 'SECTION_APPROVER', '[type:\"state\",fillColor:\"#c0c0c0\",pos:[1061,280],size:[122,64]]', '[:]', 1);
INSERT INTO `sys_wf_node` VALUES ('for-revision', 'building_permit_section', 'For Revision', 'state', 5, 0, 'OBO', 'SYSTEM', '[type:\"state\",fillColor:\"#ff0000\",pos:[391,237],size:[108,56]]', '[:]', NULL);
INSERT INTO `sys_wf_node` VALUES ('issuance-process', 'building_permit', 'Issuance Process', 'state', 14, 1, NULL, NULL, '[type:\"state\",fillColor:\"#ffc800\",pos:[983,294],size:[145,65]]', '[:]', NULL);
INSERT INTO `sys_wf_node` VALUES ('joint-inspection', 'occupancy_permit', 'Joint Inspection', 'state', 1, 0, NULL, NULL, '[type:\"state\",fillColor:\"#c0c0c0\",pos:[208,152],size:[118,65]]', '[:]', 1);
INSERT INTO `sys_wf_node` VALUES ('obo-processing', 'building_permit_section', 'OBO Processing', 'state', 6, 0, 'OBO', 'SYSTEM', '[type:\"state\",fillColor:\"#ffc800\",pos:[721,169],size:[134,65]]', '[:]', 0);
INSERT INTO `sys_wf_node` VALUES ('payment', 'building_permit', 'Payment', 'state', 13, 0, 'OBO', 'SYSTEM', '[type:\"state\",fillColor:\"#ff0000\",pos:[879,177],size:[129,56]]', '[:]', NULL);
INSERT INTO `sys_wf_node` VALUES ('payment', 'occupancy_permit', 'Payment', 'state', 7, 0, NULL, NULL, '[type:\"state\",fillColor:\"#c0c0c0\",pos:[591,161],size:[129,56]]', '[:]', NULL);
INSERT INTO `sys_wf_node` VALUES ('receiving', 'building_permit', 'Receiving', 'state', 2, 0, 'OBO', 'RECEIVER', '[type:\"state\",fillColor:\"#c0c0c0\",pos:[202,20],size:[116,53]]', '[:]', 1);
INSERT INTO `sys_wf_node` VALUES ('receiving', 'occupancy_permit', 'Receiving', 'state', 2, 0, NULL, NULL, '[type:\"state\",fillColor:\"#c0c0c0\",pos:[156,28],size:[116,53]]', '[:]', 1);
INSERT INTO `sys_wf_node` VALUES ('release', 'occupancy_permit', 'Releasing', 'state', 8, 0, NULL, NULL, '[type:\"state\",fillColor:\"#c0c0c0\",pos:[757,229],size:[119,55]]', '[:]', 1);
INSERT INTO `sys_wf_node` VALUES ('releasing', 'building_permit', 'Releasing', 'state', 15, 1, 'OBO', 'RELEASER', '[type:\"state\",fillColor:\"#c0c0c0\",pos:[1058,405],size:[134,63]]', '[:]', 1);
INSERT INTO `sys_wf_node` VALUES ('releasing', 'building_permit_section', 'Releasing', 'state', 7, 0, 'OBO', 'SECTION_ISSUER', '[type:\"state\",fillColor:\"#c0c0c0\",pos:[800,299],size:[121,66]]', '[:]', 1);
INSERT INTO `sys_wf_node` VALUES ('requirement-revision', 'building_permit', 'Requirements - For Revision', 'state', 4, 0, NULL, NULL, '[type:\"state\",fillColor:\"#ff0000\",pos:[0,211],size:[211,54]]', '[:]', NULL);
INSERT INTO `sys_wf_node` VALUES ('requirement-verification', 'building_permit', 'Verification of Requirements', 'state', 3, 1, 'OBO', 'REQUIREMENT_REVIEWER', '[type:\"state\",fillColor:\"#c0c0c0\",pos:[256,123],size:[198,59]]', '[:]', 1);
INSERT INTO `sys_wf_node` VALUES ('review', 'building_permit_section', 'For Review', 'state', 3, 0, 'OBO', 'SECTION_REVIEWER', '[type:\"state\",fillColor:\"#c0c0c0\",pos:[204,83],size:[106,46]]', '[:]', 1);
INSERT INTO `sys_wf_node` VALUES ('start', 'building_permit', 'Start', 'start', 1, 0, NULL, NULL, '[type:\"start\",fillColor:\"#00ff00\",pos:[81,21],size:[32,32]]', '[:]', NULL);
INSERT INTO `sys_wf_node` VALUES ('start', 'building_permit_section', 'Start', 'start', 1, 0, NULL, NULL, '[type:\"start\",fillColor:\"#00ff00\",pos:[71,33],size:[32,32]]', '[:]', NULL);
INSERT INTO `sys_wf_node` VALUES ('start', 'occupancy_permit', 'Start', 'start', 1, 0, NULL, NULL, '[type:\"start\",fillColor:\"#00ff00\",pos:[81,21],size:[32,32]]', '[:]', NULL);
INSERT INTO `sys_wf_node` VALUES ('trade-evaluation', 'building_permit', 'Trade Evaluation', 'state', 8, 0, 'OBO', 'SYSTEM', '[type:\"state\",fillColor:\"#ffc800\",pos:[528,25],size:[138,55]]', '[:]', 1);
INSERT INTO `sys_wf_node` VALUES ('trade-evaluation-revision', 'building_permit', 'Trade Evaluation For Revision', 'state', 9, 0, NULL, NULL, '[type:\"state\",fillColor:\"#ff0000\",pos:[679,238],size:[208,63]]', '[:]', NULL);
INSERT INTO `sys_wf_node` VALUES ('verification', 'building_permit', 'Final Verification', 'state', 10, 0, 'OBO', 'COORDINATOR', '[type:\"state\",fillColor:\"#c0c0c0\",pos:[825,17],size:[130,58]]', '[:]', 1);
INSERT INTO `sys_wf_node` VALUES ('verification', 'occupancy_permit', 'Final Verification', 'state', 6, 0, NULL, NULL, '[type:\"state\",fillColor:\"#c0c0c0\",pos:[576,52],size:[130,58]]', '[:]', 1);
INSERT INTO `sys_wf_node` VALUES ('zoning-evaluation', 'building_permit', 'Zoning Evaluation', 'state', 5, 0, 'OBO', 'SYSTEM', '[type:\"state\",fillColor:\"#ffc800\",pos:[203,326],size:[145,59]]', '[:]', 1);
INSERT INTO `sys_wf_node` VALUES ('zoning-evaluation-revision', 'building_permit', 'Zoning - For Revision', 'state', 6, 0, NULL, NULL, '[type:\"state\",fillColor:\"#ff0000\",pos:[429,356],size:[151,64]]', '[:]', NULL);
INSERT INTO `sys_wf_node` VALUES ('zoning-verification', 'building_permit', 'Zoning Verification', 'state', 7, 0, 'OBO', 'COORDINATOR', '[type:\"state\",fillColor:\"#c0c0c0\",pos:[451,200],size:[159,60]]', '[:]', 1);
COMMIT;

-- ----------------------------
-- Table structure for sys_wf_transition
-- ----------------------------
DROP TABLE IF EXISTS `sys_wf_transition`;
CREATE TABLE `sys_wf_transition` (
  `parentid` varchar(50) NOT NULL DEFAULT '',
  `processname` varchar(50) NOT NULL DEFAULT '',
  `action` varchar(50) NOT NULL,
  `to` varchar(50) NOT NULL,
  `idx` int(11) DEFAULT NULL,
  `eval` mediumtext,
  `properties` varchar(255) DEFAULT NULL,
  `permission` varchar(255) DEFAULT NULL,
  `caption` varchar(255) DEFAULT NULL,
  `ui` text,
  PRIMARY KEY (`parentid`,`processname`,`to`,`action`)
) ENGINE=InnoDB DEFAULT CHARSET=utf8;

-- ----------------------------
-- Records of sys_wf_transition
-- ----------------------------
BEGIN;
INSERT INTO `sys_wf_transition` VALUES ('approval', 'building_permit', 'return-to-assessment', 'assessment', 0, NULL, '[showConfirm:true,confirmMessage:\"You are about to return for reassessment. Proceed?\"]', NULL, 'Return for Reassessment', '[points:[1231,162,1243,130,1238,77],type:\"arrow\",pos:[1231,77],size:[12,85]]');
INSERT INTO `sys_wf_transition` VALUES ('approval', 'building_permit', 'approve-for-payment', 'payment', 0, NULL, '[showConfirm:true,confirmMessage:\"You are about to approve this for payment. Proceed?\"]', NULL, 'Approve', '[points:[1117,193,1008,195],type:\"arrow\",pos:[1008,193],size:[109,2]]');
INSERT INTO `sys_wf_transition` VALUES ('approval', 'building_permit_issuance', 'approve', 'end', 0, NULL, '[showConfirm:true,confirmMessage:\"You are about to approve this evaluation. Continue?\"]', NULL, 'Approve', '[points:[615,191,803,181],type:\"arrow\",pos:[615,181],size:[188,10]]');
INSERT INTO `sys_wf_transition` VALUES ('assessment', 'building_permit', 'send-for-approval', 'approval', 0, NULL, '[showConfirm:true,confirmMessage:\"You are about to submit this for final approval. Proceed?\"]', NULL, 'Send for Approval', '[points:[1157,76,1124,165],type:\"arrow\",pos:[1124,76],size:[33,89]]');
INSERT INTO `sys_wf_transition` VALUES ('evaluation', 'building_permit_section', 'send-for-review', 'review', 0, NULL, '[:]', NULL, 'Submit for Review', '[points:[205,209,244,129],type:\"arrow\",pos:[205,129],size:[39,80]]');
INSERT INTO `sys_wf_transition` VALUES ('evaluation', 'obo_occupancy_application', 'submit', 'verification', 0, NULL, '[visibleWhen:\"#{ false }\"]', NULL, 'Submit for Final Verification', '[points:[493,79,576,79],type:\"arrow\",pos:[493,79],size:[83,0]]');
INSERT INTO `sys_wf_transition` VALUES ('evaluation', 'occupancy_permit', 'submit', 'verification', 0, NULL, '[visibleWhen:\"#{ false }\"]', NULL, 'Submit for Final Verification', '[points:[493,79,576,79],type:\"arrow\",pos:[493,79],size:[83,0]]');
INSERT INTO `sys_wf_transition` VALUES ('evaluation-approval', 'building_permit_section', 'send-for-revision', 'for-revision', 0, NULL, '[:]', NULL, 'Send for Revision', '[points:[552,114,463,237],type:\"arrow\",pos:[463,114],size:[89,123]]');
INSERT INTO `sys_wf_transition` VALUES ('evaluation-approval', 'building_permit_section', 'approve', 'obo-processing', 0, NULL, '[showConfirm:true,confirmMessage:\"You are about to approve this transaction. Proceed?\"]', NULL, 'Approve', '[points:[626,114,731,169],type:\"arrow\",pos:[626,114],size:[105,55]]');
INSERT INTO `sys_wf_transition` VALUES ('final-approval', 'building_permit_section', 'approve', 'end', 0, NULL, '[showConfirm:true,confirmMessage:\"You are about to complete this transaction. Proceed?\"]', NULL, 'Approve', '[points:[1102,280,1039,175],type:\"arrow\",pos:[1039,175],size:[63,105]]');
INSERT INTO `sys_wf_transition` VALUES ('for-revision', 'building_permit_section', 'reactivate', 'evaluation', 0, NULL, '[visibleWhen:\"#{ false }\"]', NULL, 'Reactivate', '[points:[391,258,255,244],type:\"arrow\",pos:[255,244],size:[136,14]]');
INSERT INTO `sys_wf_transition` VALUES ('issuance', 'building_permit_issuance', 'send-for-approval', 'approval', 0, NULL, '[:]', NULL, 'Send for Approval', '[points:[384,132,512,176],type:\"arrow\",pos:[384,132],size:[128,44]]');
INSERT INTO `sys_wf_transition` VALUES ('issuance-process', 'building_permit', 'send-for-release', 'releasing', 0, NULL, '[visibleWhen:\"#{ false }\"]', NULL, 'Send for Releasing', '[points:[1075,359,1105,405],type:\"arrow\",pos:[1075,359],size:[30,46]]');
INSERT INTO `sys_wf_transition` VALUES ('obo-processing', 'building_permit_section', 'end', 'end', 0, NULL, '[visibleWhen:\"#{ false }\"]', NULL, 'End Process', '[points:[855,189,1014,161],type:\"arrow\",pos:[855,161],size:[159,28]]');
INSERT INTO `sys_wf_transition` VALUES ('obo-processing', 'building_permit_section', 'send-for-releasing', 'releasing', 0, NULL, '[visibleWhen:\"#{ false }\"]', NULL, 'Send for Release', '[points:[807,234,841,299],type:\"arrow\",pos:[807,234],size:[34,65]]');
INSERT INTO `sys_wf_transition` VALUES ('payment', 'building_permit', 'post-payment', 'issuance-process', 0, NULL, '[:]', NULL, 'Post Payment', '[points:[970,233,1030,294],type:\"arrow\",pos:[970,233],size:[60,61]]');
INSERT INTO `sys_wf_transition` VALUES ('payment', 'obo_occupancy_application', 'submit', 'release', 0, NULL, '[visibleWhen:\"#{ false }\"]', NULL, 'Submit for Release', '[points:[720,216,757,232],type:\"arrow\",pos:[720,216],size:[37,16]]');
INSERT INTO `sys_wf_transition` VALUES ('payment', 'occupancy_permit', 'submit', 'release', 0, NULL, '[visibleWhen:\"#{ false }\"]', NULL, 'Submit for Release', '[points:[720,216,757,232],type:\"arrow\",pos:[720,216],size:[37,16]]');
INSERT INTO `sys_wf_transition` VALUES ('receiving', 'building_permit', 'send-for-requirement-verification', 'requirement-verification', 0, NULL, '[:]', NULL, 'Submit for Requirement Verification', '[points:[282,75,313,123],type:\"arrow\",pos:[282,75],size:[31,48]]');
INSERT INTO `sys_wf_transition` VALUES ('receiving', 'obo_occupancy_application', 'submit', 'joint-inspection', 0, NULL, '[:]', NULL, 'Submit', '[points:[224,81,253,152],type:\"arrow\",pos:[224,81],size:[29,71]]');
INSERT INTO `sys_wf_transition` VALUES ('receiving', 'occupancy_permit', 'submit', 'joint-inspection', 0, NULL, '[:]', NULL, 'Submit', '[points:[224,81,253,152],type:\"arrow\",pos:[224,81],size:[29,71]]');
INSERT INTO `sys_wf_transition` VALUES ('release', 'obo_occupancy_application', 'release', 'end', 0, NULL, '[:]', NULL, 'Release', '[points:[850,229,904,187],type:\"arrow\",pos:[850,187],size:[54,42]]');
INSERT INTO `sys_wf_transition` VALUES ('release', 'occupancy_permit', 'release', 'end', 0, NULL, '[:]', NULL, 'Release', '[points:[850,229,904,187],type:\"arrow\",pos:[850,187],size:[54,42]]');
INSERT INTO `sys_wf_transition` VALUES ('releasing', 'building_permit', 'release', 'end', 0, NULL, '[:]', NULL, 'Approve', '[points:[1158,405,1250,322],type:\"arrow\",pos:[1158,322],size:[92,83]]');
INSERT INTO `sys_wf_transition` VALUES ('releasing', 'building_permit_section', 'send-for-final-approval', 'final-approval', 0, NULL, '[showConfirm:true,confirmMessage:\"You are about to submit this for final approval. Proceed?\"]', NULL, 'Submit for Final Approval', '[points:[921,327,1061,319],type:\"arrow\",pos:[921,319],size:[140,8]]');
INSERT INTO `sys_wf_transition` VALUES ('requirement-revision', 'building_permit', 'reactivate', 'requirement-verification', 0, NULL, '[:]', NULL, 'Reactivate', '[points:[129,210,256,167],type:\"arrow\",pos:[129,167],size:[127,43]]');
INSERT INTO `sys_wf_transition` VALUES ('requirement-verification', 'building_permit', 'send-for-revision', 'requirement-revision', 0, NULL, '[:]', NULL, 'Send for Revision', '[points:[268,182,184,211],type:\"arrow\",pos:[184,182],size:[84,29]]');
INSERT INTO `sys_wf_transition` VALUES ('requirement-verification', 'building_permit', 'approve', 'zoning-evaluation', 0, NULL, '[showConfirm:true,confirmMessage:\"You are about to submit this for zoning evaluation. Continue?\"]', NULL, 'Submit to Zoning', '[points:[342,182,282,326],type:\"arrow\",pos:[282,182],size:[60,144]]');
INSERT INTO `sys_wf_transition` VALUES ('review', 'building_permit_section', 'send-for-evaluation-approval', 'evaluation-approval', 0, NULL, '[:]', NULL, 'Send for Approval', '[points:[310,102,509,90],type:\"arrow\",pos:[310,90],size:[199,12]]');
INSERT INTO `sys_wf_transition` VALUES ('review', 'building_permit_section1', 'send-for-approval', 'approval', 0, NULL, '[:]', NULL, 'Submit for Approval', '[points:[310,89,488,86],type:\"arrow\",pos:[310,86],size:[178,3]]');
INSERT INTO `sys_wf_transition` VALUES ('start', 'building_permit', 'start', 'receiving', 0, NULL, '[:]', NULL, 'Start', '[points:[113,39,126,41,202,39],type:\"arrow\",pos:[113,39],size:[89,2]]');
INSERT INTO `sys_wf_transition` VALUES ('start', 'building_permit_issuance', 'start', 'issuance', 0, NULL, '[:]', NULL, 'Start', '[points:[189,63,262,88],type:\"arrow\",pos:[189,63],size:[73,25]]');
INSERT INTO `sys_wf_transition` VALUES ('start', 'building_permit_section', 'submit', 'evaluation', 0, NULL, '[visibleWhen:\"#{ false }\"]', NULL, 'Start', '[points:[94,65,175,209],type:\"arrow\",pos:[94,65],size:[81,144]]');
INSERT INTO `sys_wf_transition` VALUES ('start', 'obo_occupancy_application', 'start', 'receiving', 0, NULL, '[:]', NULL, 'Start', '[points:[113,39,126,41,156,47],type:\"arrow\",pos:[113,39],size:[43,8]]');
INSERT INTO `sys_wf_transition` VALUES ('start', 'occupancy_permit', 'start', 'receiving', 0, NULL, '[:]', NULL, 'Start', '[points:[113,39,126,41,156,47],type:\"arrow\",pos:[113,39],size:[43,8]]');
INSERT INTO `sys_wf_transition` VALUES ('trade-evaluation', 'building_permit', 'send-for-verification', 'verification', 0, NULL, '[visibleWhen:\"#{ false }\"]', NULL, 'Send for Verification', '[points:[666,47,825,39],type:\"arrow\",pos:[666,39],size:[159,8]]');
INSERT INTO `sys_wf_transition` VALUES ('trade-evaluation-revision', 'building_permit', 'reactivate', 'trade-evaluation', 0, NULL, '[:]', NULL, 'Resubmit for Trade Evaluation', '[points:[771,238,674,141,594,80],type:\"arrow\",pos:[594,80],size:[177,158]]');
INSERT INTO `sys_wf_transition` VALUES ('verification', 'building_permit', 'send-for-assessment', 'assessment', 0, NULL, '[:]', NULL, 'Submit for Assessment', '[points:[955,52,1135,31],type:\"arrow\",pos:[955,31],size:[180,21]]');
INSERT INTO `sys_wf_transition` VALUES ('verification', 'building_permit', 'send-for-revision', 'trade-evaluation-revision', 0, NULL, '[:]', NULL, 'Send for Revision', '[points:[856,75,817,238],type:\"arrow\",pos:[817,75],size:[39,163]]');
INSERT INTO `sys_wf_transition` VALUES ('verification', 'obo_occupancy_application', 'submit', 'payment', 0, NULL, '[visibleWhen:\"#{ false }\"]', NULL, 'Submit for Payment', '[points:[645,110,653,161],type:\"arrow\",pos:[645,110],size:[8,51]]');
INSERT INTO `sys_wf_transition` VALUES ('verification', 'occupancy_permit', 'submit', 'payment', 0, NULL, '[visibleWhen:\"#{ false }\"]', NULL, 'Submit for Payment', '[points:[645,110,653,161],type:\"arrow\",pos:[645,110],size:[8,51]]');
INSERT INTO `sys_wf_transition` VALUES ('zoning-evaluation', 'building_permit', 'back', 'requirement-verification', 0, NULL, '[:]', NULL, 'Back Test', '[points:[241,325,300,183],type:\"arrow\",pos:[241,183],size:[59,142]]');
INSERT INTO `sys_wf_transition` VALUES ('zoning-evaluation', 'building_permit', 'send-for-verification', 'zoning-verification', 0, NULL, '[visibleWhen:\"#{ false }\"]', NULL, 'Send for Verification', '[points:[308,326,377,279,451,255],type:\"arrow\",pos:[308,255],size:[143,71]]');
INSERT INTO `sys_wf_transition` VALUES ('zoning-evaluation-revision', 'building_permit', 'reactivate', 'zoning-evaluation', 0, NULL, '[:]', NULL, 'Reactivate', '[points:[433,393,346,362],type:\"arrow\",pos:[346,362],size:[87,31]]');
INSERT INTO `sys_wf_transition` VALUES ('zoning-verification', 'building_permit', 'approve', 'trade-evaluation', 2, NULL, '[showConfirm:true,confirmMessage:\"You are about to start the Trade Evaluation process. Proceed?\"]', NULL, 'Approve', '[points:[535,200,559,78],type:\"arrow\",pos:[535,78],size:[24,122]]');
INSERT INTO `sys_wf_transition` VALUES ('zoning-verification', 'building_permit', 'send-for-revision', 'zoning-evaluation-revision', 1, NULL, '[:]', NULL, 'Send for Revision', '[points:[524,260,508,356],type:\"arrow\",pos:[508,260],size:[16,96]]');
COMMIT;

-- ----------------------------
-- View structure for vw_building_permit
-- ----------------------------
DROP VIEW IF EXISTS `vw_building_permit`;
CREATE ALGORITHM=UNDEFINED DEFINER=`root`@`localhost` SQL SECURITY DEFINER VIEW `vw_building_permit` AS select `a`.`objid` AS `objid`,`a`.`appno` AS `appno`,`a`.`orgcode` AS `orgcode`,`a`.`trackingno` AS `trackingno`,`a`.`apptype` AS `apptype`,`a`.`permittype` AS `permittype`,`a`.`contact_name` AS `contact_name`,`a`.`contact_detail` AS `contact_detail`,`a`.`contact_email` AS `contact_email`,`a`.`contact_mobileno` AS `contact_mobileno`,`a`.`dtfiled` AS `dtfiled`,`a`.`applicantid` AS `applicantid`,`a`.`description` AS `description`,`a`.`title` AS `title`,`a`.`occupancytypeid` AS `occupancytypeid`,`a`.`numunits` AS `numunits`,`a`.`fixedcost` AS `fixedcost`,`a`.`projectcost` AS `projectcost`,`a`.`dtproposedconstruction` AS `dtproposedconstruction`,`a`.`dtexpectedcompletion` AS `dtexpectedcompletion`,`a`.`totalfloorarea` AS `totalfloorarea`,`a`.`height` AS `height`,`a`.`numfloors` AS `numfloors`,`a`.`worktypes` AS `worktypes`,`a`.`taskid` AS `taskid`,`a`.`zoneclassid` AS `zoneclassid`,`a`.`zone` AS `zone`,`a`.`amount` AS `amount`,`a`.`issuanceid` AS `issuanceid`,`a`.`txnmode` AS `txnmode`,`a`.`location_lotno` AS `location_lotno`,`a`.`location_blockno` AS `location_blockno`,`a`.`location_street` AS `location_street`,`a`.`location_barangay_name` AS `location_barangay_name`,`a`.`location_barangay_objid` AS `location_barangay_objid`,`a`.`accessoryid` AS `accessoryid`,`a`.`contractorid` AS `contractorid`,`a`.`permitno` AS `permitno`,`a`.`dtissued` AS `dtissued`,`a`.`remarks` AS `remarks`,`e`.`name` AS `applicant_name`,`e`.`objid` AS `applicant_objid`,`bt`.`objid` AS `occupancytype_objid`,`bt`.`title` AS `occupancytype_title`,`od`.`objid` AS `occupancytype_division_objid`,`od`.`title` AS `occupancytype_division_title`,`og`.`objid` AS `occupancytype_group_objid`,`og`.`title` AS `occupancytype_group_title`,`zc`.`objid` AS `zoneclass_objid`,`zc`.`title` AS `zoneclass_title`,ltrim(concat((case when isnull(`a`.`location_lotno`) then '' else concat(' ',`a`.`location_lotno`) end),(case when isnull(`a`.`location_blockno`) then '' else concat(' ',`a`.`location_blockno`) end),(case when isnull(`a`.`location_street`) then '' else concat(' ',`a`.`location_street`) end),(case when isnull(`a`.`location_barangay_name`) then '' else concat(' ',`a`.`location_barangay_name`) end))) AS `location_address_text`,`t`.`state` AS `task_state`,`t`.`startdate` AS `task_startdate`,`t`.`enddate` AS `task_enddate`,`t`.`assignee_objid` AS `task_assignee_objid`,`t`.`assignee_name` AS `task_assignee_name`,`t`.`actor_objid` AS `task_actor_objid`,`t`.`actor_name` AS `task_actor_name`,(select `sys_wf_node`.`title` from `sys_wf_node` where ((`sys_wf_node`.`processname` = 'building_permit') and (`sys_wf_node`.`name` = `t`.`state`))) AS `task_title` from ((((((`building_permit` `a` join `building_permit_entity` `e` on((`a`.`applicantid` = `e`.`objid`))) join `building_permit_task` `t` on((`a`.`taskid` = `t`.`taskid`))) join `obo_occupancy_type` `bt` on((`a`.`occupancytypeid` = `bt`.`objid`))) join `obo_occupancy_type_division` `od` on((`bt`.`divisionid` = `od`.`objid`))) join `obo_occupancy_type_group` `og` on((`od`.`groupid` = `og`.`objid`))) left join `obo_zoneclass` `zc` on((`a`.`zoneclassid` = `zc`.`objid`)));

-- ----------------------------
-- View structure for vw_building_permit_ancillary
-- ----------------------------
DROP VIEW IF EXISTS `vw_building_permit_ancillary`;
CREATE ALGORITHM=UNDEFINED DEFINER=`root`@`localhost` SQL SECURITY DEFINER VIEW `vw_building_permit_ancillary` AS select `a`.`objid` AS `objid`,`a`.`appid` AS `appid`,`a`.`state` AS `state`,`a`.`permittypeid` AS `permittypeid`,`a`.`designprofessionalid` AS `designprofessionalid`,`a`.`supervisorid` AS `supervisorid`,`pt`.`title` AS `title`,`pt`.`sectionid` AS `sectionid`,`pt`.`sortorder` AS `sortorder` from (`building_permit_ancillary` `a` join `obo_permit_type` `pt` on((`a`.`permittypeid` = `pt`.`objid`)));

-- ----------------------------
-- View structure for vw_building_permit_fee_payment
-- ----------------------------
DROP VIEW IF EXISTS `vw_building_permit_fee_payment`;
CREATE ALGORITHM=UNDEFINED DEFINER=`root`@`localhost` SQL SECURITY DEFINER VIEW `vw_building_permit_fee_payment` AS select `bf`.`objid` AS `objid`,`bf`.`appid` AS `appid`,`bf`.`sectionid` AS `sectionid`,`bf`.`itemid` AS `itemid`,`bf`.`amount` AS `amount`,`bf`.`amtpaid` AS `amtpaid`,`bf`.`remarks` AS `remarks`,`oi`.`objid` AS `item_objid`,`oi`.`title` AS `item_title`,`oi`.`sortorder` AS `item_sortorder`,`os`.`org_objid` AS `org_objid`,`pt`.`reftype` AS `payment_type`,`pt`.`refno` AS `payment_refno`,`pt`.`refid` AS `payment_refid`,`pt`.`refdate` AS `payment_refdate` from (((`building_permit_fee` `bf` join `obo_itemaccount` `oi` on((`bf`.`itemid` = `oi`.`objid`))) join `building_permit_payment` `pt` on((`bf`.`appid` = `pt`.`appid`))) left join `obo_section` `os` on((`bf`.`sectionid` = `os`.`objid`)));

-- ----------------------------
-- View structure for vw_building_permit_info
-- ----------------------------
DROP VIEW IF EXISTS `vw_building_permit_info`;
CREATE ALGORITHM=UNDEFINED DEFINER=`root`@`localhost` SQL SECURITY DEFINER VIEW `vw_building_permit_info` AS select `ai`.`objid` AS `objid`,`ai`.`appid` AS `appid`,`ai`.`parentid` AS `parentid`,`ai`.`name` AS `name`,`ai`.`stringvalue` AS `stringvalue`,`ai`.`decimalvalue` AS `decimalvalue`,`ai`.`intvalue` AS `intvalue`,`ai`.`datevalue` AS `datevalue`,`ai`.`booleanvalue` AS `booleanvalue`,`ov`.`datatype` AS `datatype`,`ov`.`typeid` AS `typeid`,`ov`.`unit` AS `unit`,`ov`.`caption` AS `caption`,`ov`.`category` AS `category`,`ov`.`sortorder` AS `sortorder` from (`building_permit_info` `ai` join `obo_variable` `ov` on((`ov`.`objid` = `ai`.`name`)));

-- ----------------------------
-- View structure for vw_building_permit_issuance
-- ----------------------------
DROP VIEW IF EXISTS `vw_building_permit_issuance`;
CREATE ALGORITHM=UNDEFINED DEFINER=`root`@`localhost` SQL SECURITY DEFINER VIEW `vw_building_permit_issuance` AS select `bp`.`appno` AS `appno`,`bp`.`title` AS `title`,`bi`.`objid` AS `objid`,`bi`.`appid` AS `appid`,`bi`.`sectionid` AS `sectionid`,`bi`.`controlno` AS `controlno`,`bi`.`dtissued` AS `dtissued`,`bi`.`issuedby_objid` AS `issuedby_objid`,`bi`.`issuedby_name` AS `issuedby_name`,`bi`.`txnmode` AS `txnmode`,`bi`.`txnref` AS `txnref`,`bi`.`txnreftype` AS `txnreftype`,`bi`.`taskid` AS `taskid`,`bi`.`remarks` AS `remarks`,`t`.`state` AS `task_state`,`t`.`startdate` AS `task_startdate`,`t`.`enddate` AS `task_enddate`,`t`.`assignee_objid` AS `task_assignee_objid`,`t`.`assignee_name` AS `task_assignee_name`,`t`.`actor_objid` AS `task_actor_objid`,`t`.`actor_name` AS `task_actor_name`,(select `dev_obo`.`sys_wf_node`.`title` from `sys_wf_node` where ((`dev_obo`.`sys_wf_node`.`processname` = 'building_permit_issuance') and (`dev_obo`.`sys_wf_node`.`name` = `t`.`state`))) AS `task_title`,`os`.`org_objid` AS `org_objid`,`os`.`org_name` AS `org_name`,`os`.`permit_title` AS `permit_title`,`os`.`permit_controlnopattern` AS `permit_controlnopattern`,`os`.`permit_template` AS `permit_template` from (((`building_permit_issuance` `bi` join `building_permit_issuance_task` `t` on((`bi`.`taskid` = `t`.`taskid`))) join `obo_section` `os` on((`bi`.`sectionid` = `os`.`objid`))) join `building_permit` `bp` on((`bi`.`appid` = `bp`.`objid`)));

-- ----------------------------
-- View structure for vw_building_permit_professional
-- ----------------------------
DROP VIEW IF EXISTS `vw_building_permit_professional`;
CREATE ALGORITHM=UNDEFINED DEFINER=`root`@`localhost` SQL SECURITY DEFINER VIEW `vw_building_permit_professional` AS select `a`.`objid` AS `objid`,`a`.`appid` AS `appid`,`a`.`entityid` AS `entityid`,`a`.`profession` AS `profession`,`a`.`ptr` AS `ptr`,`a`.`prc` AS `prc`,`e`.`name` AS `name`,`e`.`firstname` AS `firstname`,`e`.`lastname` AS `lastname`,`e`.`middlename` AS `middlename`,`e`.`address_text` AS `address_text`,`e`.`tin` AS `tin`,`e`.`id` AS `id` from (`building_permit_professional` `a` join `building_permit_entity` `e` on((`a`.`entityid` = `e`.`objid`)));

-- ----------------------------
-- View structure for vw_building_permit_section
-- ----------------------------
DROP VIEW IF EXISTS `vw_building_permit_section`;
CREATE ALGORITHM=UNDEFINED DEFINER=`root`@`localhost` SQL SECURITY DEFINER VIEW `vw_building_permit_section` AS select `a`.`objid` AS `objid`,`a`.`appid` AS `appid`,`a`.`typeid` AS `typeid`,`a`.`taskid` AS `taskid`,`a`.`issuanceid` AS `issuanceid`,`et`.`title` AS `type_title`,`et`.`sortindex` AS `type_sortindex`,`et`.`issuepermit` AS `type_issuepermit`,`et`.`requirefee` AS `type_requirefee`,`et`.`permit_name` AS `type_permitname`,`app`.`task_state` AS `app_task_state`,`t`.`state` AS `task_state`,`t`.`startdate` AS `task_startdate`,`t`.`enddate` AS `task_enddate`,`t`.`assignee_objid` AS `task_assignee_objid`,`t`.`assignee_name` AS `task_assignee_name`,`t`.`actor_objid` AS `task_actor_objid`,`t`.`actor_name` AS `task_actor_name`,(select `sys_wf_node`.`title` from `sys_wf_node` where ((`sys_wf_node`.`processname` = 'building_permit_section') and (`sys_wf_node`.`name` = `t`.`state`))) AS `task_title` from (((`building_permit_section` `a` join `building_permit_section_task` `t` on((`a`.`taskid` = `t`.`taskid`))) join `obo_section` `et` on((`a`.`typeid` = `et`.`objid`))) join `vw_building_permit` `app` on((`a`.`appid` = `app`.`objid`)));

-- ----------------------------
-- View structure for vw_obo_occupancy_type
-- ----------------------------
DROP VIEW IF EXISTS `vw_obo_occupancy_type`;
CREATE ALGORITHM=UNDEFINED DEFINER=`root`@`localhost` SQL SECURITY DEFINER VIEW `vw_obo_occupancy_type` AS select `ot`.`objid` AS `objid`,`ot`.`divisionid` AS `divisionid`,`ot`.`title` AS `title`,`od`.`objid` AS `division_objid`,`od`.`title` AS `division_title`,`og`.`objid` AS `group_objid`,`og`.`title` AS `group_title` from ((`obo_occupancy_type` `ot` join `obo_occupancy_type_division` `od` on((`ot`.`divisionid` = `od`.`objid`))) join `obo_occupancy_type_group` `og` on((`od`.`groupid` = `og`.`objid`)));

-- ----------------------------
-- View structure for vw_obo_permit_type
-- ----------------------------
DROP VIEW IF EXISTS `vw_obo_permit_type`;
CREATE ALGORITHM=UNDEFINED DEFINER=`root`@`localhost` SQL SECURITY DEFINER VIEW `vw_obo_permit_type` AS select `ot`.`objid` AS `objid`,`ot`.`title` AS `title`,`ot`.`sortorder` AS `sortorder`,`ot`.`type` AS `type`,`ot`.`handler` AS `handler`,`ot`.`sectionid` AS `sectionid`,`et`.`org_objid` AS `org_objid`,`et`.`org_name` AS `org_name`,`et`.`buildingpermitstate` AS `buildingpermitstate`,`et`.`occupancypermitstate` AS `occupancypermitstate` from (`obo_permit_type` `ot` left join `obo_section` `et` on((`ot`.`sectionid` = `et`.`objid`)));

SET FOREIGN_KEY_CHECKS = 1;
